image_id,width,height,mode,image_aspect_ratio,pixel_sha256,dhash_hex,official_split,proposed_split,objects_all,objects_usable_non_difficult
000005,500,375,RGB,1.3333333333333333,60ba4006cadbff62dd2f0b0e4902b53991c78bd9a44bf0ba27d8d6f1204ec9f6,c0292931312f66f6,val,train,5,3
000007,500,333,RGB,1.5015015015015014,9818a43fc61396c4397c43adb680e503df60a9c250fbfac9aa8749d036e130cb,86d6969a938e42e2,val,train,1,1
000009,500,375,RGB,1.3333333333333333,a78f5da4503ca3295202ff6281e5e0101a0a8bc3b16bdb6ab1df8123dd217921,b9b99bb89a3d2d04,val,train,4,4
000012,500,333,RGB,1.5015015015015014,5ff535a7fc82fa0d2251b7a9dd02b06637b7ea6f32fe12df93227c4d3012f590,60c4a3eee8ebcbc1,train,train,1,1
000016,334,500,RGB,0.668,07072dfaef9d6b1b5f3f0047ed86449dd985219257f579024a3277aaa459b5c6,9d5a3292c68ab86d,val,train,1,1
000017,480,364,RGB,1.3186813186813187,2e764429ce051cf3229d5fc9593fe981a252a7f2d2a708bd73a1a2343fd50655,0b16b70f1fa32b3e,train,train,2,2
000019,500,375,RGB,1.3333333333333333,f67709ffc419a1c66a2bf45e6f058fa54eb1d86216df8f8ccd7d7f96e97ba475,fcfcc2c1edf8e0e0,val,train,2,2
000020,375,500,RGB,0.75,33ca23de60c47e434b8b589acda51765fe6c9ad4329c5dbfcb6055b090bdc8bb,a4cd4e6ad49647c7,val,train,1,1
000021,336,500,RGB,0.672,5a8644613fe50711615e17ee25ddf84625974eb83acd039c4f85b0e8e7f76fe5,3e78591933723389,val,train,4,4
000023,334,500,RGB,0.668,75260ae840e00dd07681a379b78f3b37f06537a493681182039c4b27eece34b8,4b66ac9ae6b43636,train,train,6,5
000024,500,335,RGB,1.492537313432836,22926d3a2162c68f65efe1b553e093f0b45892c354ab9f9b40638a0f8a101b9f,682632d29aba4884,val,train,1,1
000026,500,333,RGB,1.5015015015015014,0b060463514c0d3e4defea29c91e5b9cf7a7047ed3ddfb3171a42c5b72fe73a4,e86864642e2d58e8,train,train,1,1
000030,500,375,RGB,1.3333333333333333,f8f4ab749e5581dac112014922c43f27f7d1ce36d3745fead6af2f7c4cc10d20,0e8a82b472736480,val,train,3,3
000032,500,281,RGB,1.7793594306049823,1fc3867775ddb02ab19e59b816dac7aa7e524a2451dfcf7a8da1a5617ed2909f,f8f0d8e9eed8f8ec,train,train,4,4
000033,500,366,RGB,1.366120218579235,924cbdff816621d42cbd9b43383325d37d912e4ca77595b6cb001377c668fbe5,d8f894f4671d9b9b,train,train,3,3
000034,360,500,RGB,0.72,8866c4b56f75021d482c7e35daca702310e01bd51967ec727b8e4c732b04368b,43472f8f8b070ffb,train,train,2,2
000035,500,375,RGB,1.3333333333333333,669815851a1205530ff6c97eb70b1d79bed28938ba41d7667024b98fa84ed328,d0e0c2e1a50d0cdc,train,train,4,2
000036,332,500,RGB,0.664,1ab34320fa9863938b5caf4df56c827bee783c487e39a6488f8192d9bcc027e1,7f1f4b03c5e4e3dd,train,val,1,1
000039,500,375,RGB,1.3333333333333333,ab73b7d8b4778b9f23c0407034df9a8f53091a93fc8186d681c7d9b4175ad457,8a868b8dcdd5f198,val,train,1,1
000041,500,333,RGB,1.5015015015015014,0180601d51c1b146244ac81d2142f8233a4feed4584f74d6aa2f37653f955ddf,d0999c2c6b21a4a0,val,train,3,3
000042,500,335,RGB,1.492537313432836,cc31def9f39724ae5371c8fac971cfe74a0c3c6bbe934c730f4d3cda1a1d083e,790fc4e44f4471c8,train,train,2,2
000044,500,333,RGB,1.5015015015015014,f128899669e91d5330e32a903aea3e9c2566890a8ba5abcb835f6d8dcb14d6a7,ecec71f2f2a45c3c,train,train,2,2
000046,332,500,RGB,0.664,3a466c714cb08ea87f0ed926f86b99e5b666ab9b8cbce859756275d0453f944e,9ad99d5ef57ffbfd,val,train,1,1
000047,500,333,RGB,1.5015015015015014,2ba51cdcb917e3a2e38462747359c432a3950cf5fbcc3f607071bfb96780a972,4e0d49ab0eb6170f,train,train,2,2
000048,375,500,RGB,0.75,86085bb3d3d7d664d48d03b64d8a5587d98fbe3581eeae7bed9910c11e29318a,1703272430323216,train,train,2,2
000050,500,375,RGB,1.3333333333333333,5e50260afb8c3fff9a58b63520f36577e76123402b1e1d48f6d3385249996be7,fa9a686c3db2e6b2,val,train,10,8
000051,500,375,RGB,1.3333333333333333,a574b439d6630c33c94757cccf42a720aaf0321901729d4899075abba5c48476,71f2b2f943dbc3e1,val,val,3,2
000052,500,333,RGB,1.5015015015015014,5ce86f84e610141541aed4fb604a70ea820bed4eac8dbb6cdd9b2314ff5980f8,1b55555555555554,val,train,6,6
000060,500,334,RGB,1.4970059880239521,cc11d14178a25b2f654eb89f052daecbfdfeeb510bc9082bb3a1c847f1d68ab6,b7d97127c9996b67,val,val,5,5
000061,500,333,RGB,1.5015015015015014,7f2c5e9fd972ac3ab087b5d6ffb882b827d6c63df62fc91528c2af5ce6178a2b,0a238343522e0c00,train,train,2,2
000063,500,375,RGB,1.3333333333333333,fde6df09c515e4e683ca4185a5b90629e839a99ca525934b8d053e4109922c9f,367369c6dacd6125,val,train,2,2
000064,496,500,RGB,0.992,addddba1f202e09cd31529d66b9cf505e04d02bf3b113ba70808d9a587b8f445,dcb36cecfa32c969,train,val,1,1
000065,500,335,RGB,1.492537313432836,f50081a2ab0b53beb710e41c08ec4bf22ac9c5d99aa398d2847459a5e6151a3f,22c0b1312d5b6f65,val,train,1,1
000066,500,375,RGB,1.3333333333333333,1ea7d4443992ef9da013c91004f74a8efd53e13e5a0a0b93e4bcc5fa45a713e7,c44a0a0e6a6262c8,train,train,3,3
000072,333,500,RGB,0.666,a2dc01aaeef57ca994f38ab0b24e40aa19cc08b5b8846d80240f2b20ce0aefb6,8c8c6446991e293b,val,train,2,1
000073,375,500,RGB,0.75,33b6482528cc4afe43ac15ceb9d27c0b2b39d506ee52f55a030c17f76a1b1106,5eef694eca78a696,train,train,4,4
000077,500,333,RGB,1.5015015015015014,a26ea6f7d00dce3efececbae42506e61c2b52a2ad06915597522f64e3f0efb36,99999c3c3d59393a,train,train,2,2
000078,500,419,RGB,1.1933174224343674,0317944c8cb77d430c1deb0fab321de85ddeb83f67541ccda2fa853e1c2dbfb6,3cf2e3d29ab9e080,train,train,2,2
000081,500,333,RGB,1.5015015015015014,c7e4f6b231e1ee65621d83ca2c68dca0723599780e79ef9f240494a5040740f2,7e7e2e345579e968,val,train,9,8
000083,500,333,RGB,1.5015015015015014,1b285747b81892c98a4959244b387a709788c85cc675b6fbea2bbe2fbd67eb69,a9e964446ce8c092,train,val,6,6
000089,500,374,RGB,1.3368983957219251,ead2921e739705834e8f095a93a5ae3c4034d39c125a2fc75a076838199c0fb0,c9e9c930a4e9f8d8,train,train,4,4
000091,500,375,RGB,1.3333333333333333,ab00ac377c14ed909f3073067a8c041f5ce6b00174d92b2ff38250bafa1a8bbc,409010004d108161,train,train,3,3
000093,500,339,RGB,1.4749262536873156,fe6d9dc323f337349dcd3c6037d1d48ccf93c7ac7df02e88018862800688f152,f0e4f84ec783d1d3,val,train,2,2
000095,500,323,RGB,1.5479876160990713,6cdacd22243fd76fd59f8cc135e6d5f068fd28a0ef4582d8a9292491d937ed84,e0989e9e97971e38,val,train,2,2
000099,500,375,RGB,1.3333333333333333,2230c67b78b9012fe2f4845c107889d5a0a12830972e7092c56c363578a7f94b,512cd85858506064,val,val,1,1
000101,500,333,RGB,1.5015015015015014,2cde30dab989f76d967d2261c8c892873de47bc9ea449413ca0debf623c34a36,e99717372dabb3b3,val,val,2,1
000102,500,375,RGB,1.3333333333333333,ee08a6f13a8616df33e5ec2c0a3257d30f967ce401b279b0b687f61ebaa82273,dadada0e367866e4,val,train,2,1
000104,500,333,RGB,1.5015015015015014,57e2beb81c14de77fa2a6ebe5f0a7008ec94c9a1d0f370016b71b320239ce7b8,b939393933e3e464,train,val,3,3
000107,500,375,RGB,1.3333333333333333,2cd218bac56ddda78ffc2a789af571499049028426f288d43ad4db72b3bf5183,d065f8f5b1f0f0f8,val,val,3,1
000109,500,254,RGB,1.968503937007874,bb820bb4b1a966f4b550d27a03e63b6435f44332c0a4f09a6222b81dc463e2fc,dcb8b06060e1c7d2,val,train,1,1
000110,500,375,RGB,1.3333333333333333,ba334207b76485bd10251682940b0a55f45a32a482c88b8d2c805d61c8f712ee,9a718786c0dcf3d0,val,train,3,2
000112,333,500,RGB,0.666,a276d30be47f90c07a5060a9a1497721166325926cf4420b6e12bb98f95e022c,5c4c46466371ccf4,train,train,2,2
000113,500,332,RGB,1.5060240963855422,6c2e2eec54617c7155d1a3e5e7b7f47bcdb9bb4356715d695b6acf20f18ecefe,8281c8c8f6d6e0b0,val,train,1,1
000117,500,333,RGB,1.5015015015015014,1c316262d2bea8e294258ee04feea1084387e0e4380b2b7468a44658e0993bd1,e0c0d8634a5804c0,val,train,1,1
000118,500,375,RGB,1.3333333333333333,8554b1fb6c36e8da0788332d1ea5b977f4eca889999c052e0104d6751e06abe8,e9694acb8b0f1e12,val,val,1,1
000120,500,400,RGB,1.25,4d5ca951d88a265034a63e88f55a67f098be8ea7ff0529c4737c07eda061c7ba,c8bc0e8b392e9a90,val,val,1,1
000121,500,375,RGB,1.3333333333333333,76c299c8309fe8c5fb361f0f80c0e05aec2f0029ab4d6d4602eeddcb495c51b1,73515155323303fc,val,train,2,2
000122,475,480,RGB,0.9895833333333334,fbabffbc8a9eef9c384613256176c4ffbd3ea166e84e0257db76d5e15abd536a,e7c3c7df8f8e2e3f,train,train,1,1
000123,500,375,RGB,1.3333333333333333,208370a9ce180fa2682fe114fef4f3e8f00124bb1824089c7a9b4c73a4b6809d,6c59d1993526b346,val,train,1,1
000125,500,375,RGB,1.3333333333333333,ce0f98918ef9210eac83947f15b75402268fabab1fb75d301aa2251ccc4a7d00,e09090ece0e1f8f4,val,val,4,4
000129,334,500,RGB,0.668,c1c15302966b9c05fa6cbf53c6bf2bd42e00672dc66156e1aa6c189d5a087589,3ec4c7aacbc6c6ca,train,train,6,3
000130,500,375,RGB,1.3333333333333333,58fd654772212f13d42e58e87f71f80c87f778f62fd73604b9461821490966dd,05d5ff5df8f96f6f,val,val,1,1
000131,500,333,RGB,1.5015015015015014,47f84ebb4fb1a35f533bc8f298b0ce222d7486bcc6c570c620174aec0c09cde7,4bb03a1ec16999e0,val,train,3,1
000132,500,421,RGB,1.187648456057007,77f68b193cdc1a2da6014f27024a6b4766bdddbded280c2ae04bb133183bb43a,001d181b0318385e,val,train,1,1
000133,447,500,RGB,0.894,d53dcf4862a4606d68b32a056b2dd6bde767102ede643414910b00a1b352451e,516d8f97ce4e9292,train,val,4,2
000134,500,371,RGB,1.3477088948787062,b56753f4bb244f112b52de5f78874cc4ec2b5c8d7d4056713d4c08842468a1f3,a387c4262c311343,train,train,1,1
000138,500,332,RGB,1.5060240963855422,b1ac74d2286915ddca5c3681fed202a8ec328a7b3fef7539911aac87ffd0c24b,c90b3564885c1484,train,train,4,4
000140,500,401,RGB,1.2468827930174564,2d61c5163e1e603f4ca0ece76b962f11f8338500a12e576f985694c1b66663fa,20202096da4e9809,train,train,2,2
000141,500,423,RGB,1.1820330969267139,9abf7ff0d001d8c44e6bdbec5a3d54f80b9d94607260edd0e768e27f0e839de7,3279fcbc7c9cfb7d,train,train,1,1
000142,500,375,RGB,1.3333333333333333,a80e0d83921d26b05c87c1f461e1b4aabac3f1fb3365ee5bfb44dda5cb974fbd,8c8810565e07c000,val,val,1,1
000143,500,333,RGB,1.5015015015015014,ccbf2c4c0f14259fa2b50ad4a0753610281761ef2cbb8a19b4c0e4c1935510c3,d040484f47454043,val,train,1,1
000146,374,500,RGB,0.748,59860e93424ffa8f13cb5e53bbd79934ec4663de79e17da8389467251986789d,0000400d0d4ccedc,val,val,1,1
000147,500,333,RGB,1.5015015015015014,b577ec1e72abcd42365894ca732a371161dc068f618c06774a17389d97a9425e,f0e8f0d180406400,train,train,7,5
000150,500,333,RGB,1.5015015015015014,5a111454f3ac4f1d52bb908e419990cc71f7eb429915be2c14709c2a496471ec,b6b4180cce4e7484,val,train,5,3
000153,500,375,RGB,1.3333333333333333,312377d9dba6fe920c3259386c99271eb8e962c35d8f9fde23050b46a8ead13e,be98d9a6e698fec8,train,train,4,1
000154,500,333,RGB,1.5015015015015014,361203a1ba647c94216ab32c1e3e417bd448e0498fea38f048fc8d1bc4001a10,47b339cf64363f33,train,train,2,1
000156,500,375,RGB,1.3333333333333333,2444de303fd5b045de35f17ce7b44ed9034ea2d90be5b2f22d10d409d0679c78,a6e3c3613ac61c78,val,val,3,2
000158,500,375,RGB,1.3333333333333333,f1953133aef2f7c7966d1105d11e75813dbbe680301afdde3df50fe1e062e485,f0f0cac8c8dad2e4,val,train,1,1
000159,500,333,RGB,1.5015015015015014,83165c02cc082088183e3322a800e48c1dd60d18ee25f220d0fe2c3ba6786c8a,0c2c3e6cadc4919b,train,train,2,2
000161,500,390,RGB,1.2820512820512822,2b389e74aba524e033bc00c2e82f47b0db435580ac292a42fa870e9ef408b117,c0e0e0e0acb4e6ac,train,train,2,2
000162,500,375,RGB,1.3333333333333333,45b4a9bc434dd578f0d634af0e1899872238c78063073f41dcc83732e0ab06eb,632b2b1b17171b12,train,train,2,2
000163,500,432,RGB,1.1574074074074074,860812350b32695edb4a406570d42ceb780ac7bdfb2c6fc13fd19236db39e0b9,343438360427191d,train,train,2,2
000164,500,375,RGB,1.3333333333333333,efb07a492c8a2906bd5c24ba6abcfd4b1e1fe4e02e4184bcb2043e3ca0c90acf,f2cb01e765010585,train,train,2,2
000165,500,386,RGB,1.2953367875647668,22c1ef42f2bbc39cc60037ccc11e2c5438900a7b0b775c62e1eaf0bfc3f17431,76c218202c0834f4,val,train,1,1
000169,500,333,RGB,1.5015015015015014,976c35b9aa752d2dbace77cf4f8aa41d3637af75f67ef5555f319975047cf80f,b0355dc8d2710f37,val,train,6,5
000170,500,375,RGB,1.3333333333333333,5122b28fe0463f533a8adf26c2e72f6309e7f8b49aea503562ab9dba6a96ac08,70b3f230369b91b1,val,train,6,5
000171,375,500,RGB,0.75,30a013be247759b9b2c5c50aeb5a22d31e1d80bc354ddf4cddc0d1368c9f1d78,a8f08111919703c1,train,train,2,2
000173,394,480,RGB,0.8208333333333333,0b7108e659641ae7d46ae9cc67cfd118708345ea42d52f4839f95728bc0b9a11,b6e7270c9f1a1a12,train,train,2,2
000174,500,333,RGB,1.5015015015015014,54dbfa9e7429ee35b29a7c95be3b2ba71b3d95dd13c367afafcf3d43df00cf88,2b23a1112d28ad85,train,train,1,1
000177,500,375,RGB,1.3333333333333333,9abe3912b13d2728db46f38063b8bf2c08a05d2b9b3881a15cfac3c344396e99,c3a1a6a6b6251251,val,train,9,9
000180,500,375,RGB,1.3333333333333333,096ee8d4f6f8f8d002e9f782d3a27f8dc5060c3923e1d07a2dc92523ffe9c229,96838d98787c15c3,val,train,1,1
000184,500,375,RGB,1.3333333333333333,426fe29886dd0e0fe36dfc788db459c3f2a5eecfc06871e36f8e6d583500b5ab,20202490d8644080,val,train,4,4
000187,500,375,RGB,1.3333333333333333,d9a0966bf82e30ceb065f52af5baf875463fc5e47cccfa3467b70660c3a2b6c5,d48613c1c3c3860e,train,train,1,1
000189,500,375,RGB,1.3333333333333333,912b9b673aa66bb9eefdf360e308554f3a2990a92d870872a78ec2ef172441fe,1af8f0e8ecd6c8ca,train,train,1,1
000190,500,375,RGB,1.3333333333333333,0b304a58e084c422a3a81a78775ab31ad2c96a55d2e05f09c5e0fead2c538b92,f2d3f2c4cd5574f4,val,train,13,4
000192,500,375,RGB,1.3333333333333333,de84464d5de28bf30392b207114486d6ebf7b44cb66337ca7f88ad7e415695da,f4ace84858495979,train,train,2,1
000193,500,375,RGB,1.3333333333333333,e1623dc4ecaa01b791152ac4477a39a3a101d3b8e62ef990e8e1b829fcece653,7c38b2d8b8f0992d,train,train,3,2
000194,320,224,RGB,1.4285714285714286,12a1deafe494af1db4e0e5d9cfd37d834ce9d91e14d976036816c2b70d3df3d2,7c8e84869db3b2b3,train,val,3,3
000198,500,335,RGB,1.492537313432836,1673932df89ad9ba35a82f9fbc7003e669607f4f20ffefdcbc6e3b84c257757a,f8eef6f2ba9bb3f9,train,val,1,1
000200,500,249,RGB,2.0080321285140563,a99bf3ebe52d2571d784af6861e0542b6827bef4b622930b363debb4f585507c,e544709a9a98999b,train,train,7,7
000203,500,333,RGB,1.5015015015015014,8becca62de0b7f01269f8d7860805e4764579bcb8b1188bb9a750e8d58e28ff1,343839183620a0e8,val,train,1,1
000207,334,500,RGB,0.668,cc4a254caac56bcb1c47ce5f90ed5f615f9ea07a18258f2c16c2e43f92da2960,f3f1d3f2b32bd983,train,train,1,1
000208,500,375,RGB,1.3333333333333333,46455c2c930f1c1cba814a11783aad277593d27f4a2b54c3750e1eb287ebfc50,21b7772d6f74f031,val,val,6,4
000209,500,375,RGB,1.3333333333333333,3799a2a701991b3558b68cd015c2431c9613586048cd4dbace9f4fc3db55cedf,f8d9d9b4256c999f,train,train,1,1
000210,500,374,RGB,1.3368983957219251,3863260bf1c2ccbeeaf87b07cddaafefaa62921c18effcd3981af704fee1dc26,f0cef070e0e040c0,val,train,4,2
000211,500,375,RGB,1.3333333333333333,78f93c412eeba4313a926183f248b2c63d064e9bd850b7f7ac76df984055f216,c1c0e0618990988d,val,train,1,1
000214,500,375,RGB,1.3333333333333333,fa0de2f7471f7b8ac09461f271881f7dfdf6cab79f42f0aa0fc7713f3575dadb,8b4fcd4c44644424,val,train,1,1
000215,500,468,RGB,1.0683760683760684,d6a77e98ecec932c6ce5cfdde83819da9b5d9a3166de87b2bb5ff9ca9c472971,30200c84a4a68687,val,train,1,1
000218,500,333,RGB,1.5015015015015014,3097d0c94351c0b8b80c3473524591f762235615d53f13d36b85e1968523373f,e1616979322b2f66,val,val,3,2
000219,333,500,RGB,0.666,50d17ca0ce9534afe763c717a4e6bb79656bc34b3168a93f33c23c1597f9507a,21b43be761a80e9f,train,train,1,1
000220,500,375,RGB,1.3333333333333333,a040d0257f2f5a6a57ca1de94854db6be1bb4548fc3a1953eb6b4aaa05903228,cdede4830d1ff9e8,train,train,3,3
000221,500,332,RGB,1.5060240963855422,215b80943ab1ef01f3f657e56f0b0fb86596f364ace8feaef0ed19e1739f06b4,00c1e0c48c9ffef0,val,train,1,1
000222,500,375,RGB,1.3333333333333333,eb7e7ad3852d0627e705a3071142bef4f97fe9c87a527a0f7ca3927f0d1eaa9f,c0b2b20236362626,train,val,15,14
000224,500,375,RGB,1.3333333333333333,57a940e643fb0caf51327976d7e69665db776fda38402f1187b57aab0819ce0d,eccc1c3656ca6b3b,val,train,2,2
000225,500,333,RGB,1.5015015015015014,229e017f0ef104ea3d1c99aac29ef8469eda63e9e5c4e57b12dea9d7840c5441,cc86e69a8c8e9c84,train,val,2,2
000228,500,333,RGB,1.5015015015015014,75336aadc2366735c45a668e956ccd120ba73a7a3fed809e3c98ba4bca56f554,e0d0c860d08cd0c0,train,train,1,1
000229,500,375,RGB,1.3333333333333333,ace33276f9550ba335161dc3a1edcf448153e92379e8e5bbe73a3ed7c76520f8,1989c4857038e8d8,val,train,11,8
000232,500,375,RGB,1.3333333333333333,ff0cad5492483dd040cdff15655d5adc9f4ddc988bf7555d606aed9a71e84dcd,faf98d1e1e3c1c98,val,train,5,3
000233,500,375,RGB,1.3333333333333333,2de18596be65e9e2d11828aba5cabe714cf1d166ef705782eebf8aa54d209405,9c9f6fa7a72ba33f,val,train,2,2
000235,500,375,RGB,1.3333333333333333,fc441fd40eace9f0e5cbd5466ade5899b468bfba4b1e37b2026e5ac7414193af,c0ca9ed699398d0c,train,val,7,3
000236,500,381,RGB,1.3123359580052494,d37a02908cbd5e6fce19c0281dddee77d4938e388edd4e33cfd31bb9366bea3c,0577737b5c19366c,val,val,1,1
000241,500,375,RGB,1.3333333333333333,d28af83d51c5044124a058de968f6f86b8e61b6e2099ded1aed1e439c637540c,0000b3db8717b737,val,train,3,3
000242,500,333,RGB,1.5015015015015014,1cad5e22044ecce7f6f38c33778c64e0464cbb59a965ddb09361926567165412,e8d8fc9f4909f9fc,train,val,1,1
000244,500,333,RGB,1.5015015015015014,a6ab082227d1474c14ef1b0a7f6443035beb3fac961519a3e3def9acb9256cad,f0c0c0c0a000c4c2,val,train,1,1
000245,500,375,RGB,1.3333333333333333,346a841af650d93051108fa0a1bb1a0e59f58009dabdd64cadf92e31961b23b3,e0c8e287196b3f80,val,train,2,2
000246,500,375,RGB,1.3333333333333333,73683bcd7e2538a64b8f1d2d3c1195f1430c7339e055a0a0e39f2e7798e3a0b1,7ae6eeb6b6be3474,val,train,1,1
000249,500,333,RGB,1.5015015015015014,5681fcab1bf80ae75ba7e053e42d29d2726426a795b54501a227af486fa02f36,4c6e6e6e76161818,val,train,8,5
000250,500,375,RGB,1.3333333333333333,50dbe1b321f868f7a7def895c8f040eb5f2f3e764eaa6cac9fa77e41d2a1ed8b,c4cc4e0c3f3f9cf8,train,val,2,1
000251,453,500,RGB,0.906,d3d2b30325db4681033baa950a02a585ce33c3b2fb4eb2d6b68e6b34a5aea937,7474345652525a1a,val,train,7,3
000256,500,343,RGB,1.4577259475218658,00106a15625901460ddb7216e3aebc97a346c50439e685aa9226310aa9c857b7,c66699c352883482,train,train,1,1
000257,500,375,RGB,1.3333333333333333,8582831b4999e0a3d7688bd5ba26d9b2a823826eb4c75baad5dd2ad68cef2248,b69fdd8d2acedcd8,val,train,3,3
000259,500,362,RGB,1.3812154696132597,e420b8caa8382cd5c3778412dfc7e6c2965ccc9825ee5e26d42501e20c6ef144,9099182909154231,train,train,2,2
000262,500,196,RGB,2.5510204081632653,6425781458fb501a3d094fb6664e10c3fd5496672ae5995d8e21f3213d0de5d0,86c78321e3c6f686,train,train,1,1
000263,375,500,RGB,0.75,efe7413a327465545daacb5e7420047b8a41f4bb108c3db19a02d3beda6782ad,42e3efc5b13bfcbb,train,train,2,1
000266,375,500,RGB,0.75,13737d252c52cd15fb3a74b4cfc8f9a30073309a5b0afc683249e4a8873fb6b7,ca84c9e9f3bab3b1,val,val,2,1
000268,500,333,RGB,1.5015015015015014,d789f04a2d152553cd2e88fe9e8c15da44841e608f67230ba50e57fb7534cf6c,c0b03131f1830610,val,train,2,2
000269,500,332,RGB,1.5060240963855422,d6f9b1bc06f2f74fd2c66ca2f87500e6cd25ce71f41d986c94b4501f19cdb055,b22b69b295747070,val,train,10,7
000270,500,323,RGB,1.5479876160990713,3049f9ad316afbf814fa6059f14270d647be4c3f5804e7c2d3b922023216ba77,f060d4cf1ffceaf3,val,train,1,1
000275,476,480,RGB,0.9916666666666667,bb3f742b4cc0c74df6d7dccf71e481d30e36c3232d554eb885a8292d070eb037,a3eca6434b2a6b21,val,train,2,2
000276,375,500,RGB,0.75,a50cdcfb68e064428479ade668a66a034cc8040049d52b4b7fbecf5bb0ffe703,e4e4c4cccca9e164,train,train,3,3
000278,500,375,RGB,1.3333333333333333,615cfdfaaef4298b5510fa7e86d18ff1012ce75816291da527d7bd9f30cc43ca,f0f0e4a4ae8ca7c3,train,train,2,2
000282,500,374,RGB,1.3368983957219251,9d0d6f70949a278e4bd53149c5dc807c12467c82b362813cbe3be055ad3d4759,acad297933796822,train,train,5,4
000285,500,375,RGB,1.3333333333333333,cb66d30dedd907c98383e795eff46d63968fb688f3bdcec7ee725db1f054edb1,2c8d4d4b6b6b2a62,val,train,4,4
000288,500,333,RGB,1.5015015015015014,3e53fc086cecd591e22091c2693409e8e9f4899c5ca1acdbf51a9643d3656f2b,bbbc94b0f0323e9d,train,train,12,11
000289,500,333,RGB,1.5015015015015014,3b62e3587c730ff4889cdea9a060a3e206623a1358eff7a286e5842bde47a113,5851870cdc1ce2df,val,train,1,1
000294,500,375,RGB,1.3333333333333333,fb3650fc27af67e246d7d43d90c8df355131590b42852ecd27d2326ebd264b7b,30d831a1b9392968,train,train,2,2
000296,500,348,RGB,1.4367816091954022,791dd14d3ca0e0814f9c6a1e43f7b59bbfc992286b5b6de885f3e1941ad9821d,90a4f9782c190e72,train,train,2,2
000298,500,388,RGB,1.288659793814433,7952d0b9f5a7ee0039f5edfae7650983d58b042636a71173263fde9a2b35c771,380810cccccd17b7,val,train,1,1
000302,500,375,RGB,1.3333333333333333,39d89c78a2043159169e388625814512f37c58dbac5c5b0ebe230a4b5bd8bc91,bfdccfc9ee262623,val,train,7,5
000303,500,377,RGB,1.3262599469496021,4904ab736935a4e71f70f80ddb9e9ca06b8610f62bf0cb7dd7d1c28b8f043017,7fe77eb82d0fc674,val,train,6,1
000304,375,500,RGB,0.75,aaa39f70e859e595149ab4c3638fa1e15af27292112edb361fe3167e9acf790e,fce8ac27733b397b,val,train,1,1
000305,333,500,RGB,0.666,aca4556d654d5f13cfb776c802e9f94f039273669b508a4fa31cee4abe5b96f8,342b43032b17afcc,val,train,2,2
000306,500,176,RGB,2.840909090909091,4cc953ed69698e57f8f235163c5d4a5e9fa8e42d65d9cfccd94a3e32645a9984,32d1d97a7f72e2fb,train,train,4,3
000307,500,375,RGB,1.3333333333333333,24c8adcaaf86f709234b873126f156e4202f54967e41be71218c4f04384bb462,bc2f0b4ee6e6f2f4,train,train,2,2
000308,500,375,RGB,1.3333333333333333,be4cb0a117a2b24f5a95d8fe9bbe92fadb94be9a08344b05dab484360bde6d00,9c888b98989874cc,val,train,6,6
000311,500,375,RGB,1.3333333333333333,a18c320312c1827cf5d2c8562c03fb1d11d924d7094301a3d30eac4abb91d995,52716949390f1f3f,train,train,1,1
000312,500,335,RGB,1.492537313432836,3876dfa86520578cea8a1c5ad6e0bf53c8aada4d71b0bd324f13783c95aa444c,4c4d8c8d0d1d2637,train,train,1,1
000317,500,354,RGB,1.4124293785310735,e045f14915a773435fd97d11bd1738f8ed23de8929ea815f04d4d558e671a8e3,ebf3e1e90fccc8e9,train,train,1,1
000318,500,331,RGB,1.5105740181268883,c5dc6d7a0b6454e7d9a59ced36b1362a38d7a6df2a3f7d8c46ecbc70e6ab2ae4,fc7ccbcb33f4e4c4,val,train,2,2
000320,375,500,RGB,0.75,8e9e4d29f92f5e0b53bc5ae241de27a49cc61092b440439df08e6f8adfd5c3ec,9aec56e6af16230b,train,val,4,3
000321,333,500,RGB,0.666,b052716adb5e2dddeb95aa45e3e880a85337580e2d95ed22517cb14908cc3b78,1c3c3a3a69d0e0d0,val,train,1,1
000322,500,332,RGB,1.5060240963855422,e40ccdcc05ea2221e196826a789d5b19cec364ed8545ac114e2c9bf7ade14c25,787868685879797b,val,train,1,1
000323,500,375,RGB,1.3333333333333333,69d214858cc0a04665702ae2b9afd55dde50f20f37a14470e29cfefc437310c0,84848c9c2d6a6626,val,train,2,2
000325,500,375,RGB,1.3333333333333333,2b21c31dddec0857a1e4615f6769003ca0279e51cc6b0db67534941c19b25f0c,fffefc84271dcd1d,train,train,1,1
000328,500,332,RGB,1.5060240963855422,70dd0f0814491f65b70f0f59bb83c7c838b9544b96d58eeb0248d62aa4f6c9e2,6c7769ecdf7961c0,val,train,8,7
000329,500,333,RGB,1.5015015015015014,625cfa3d1f5d9ef1c2935f78e83faa0ccb3d592cdf831c7b03cfa070e328f2b3,cce876b0f0e4c096,val,train,3,1
000331,375,500,RGB,0.75,1e3175f7ab5ab411e0797ad7f0166e7d1241c16420ddc0aecfa6088a28b64595,272127e7646c79b3,train,val,4,3
000332,500,333,RGB,1.5015015015015014,ac862c5e30b33ce9c215a974d01f27a3042d7cc906d9f359bbec0f3ed4e5def8,74c6e2e0f0b20aca,val,train,1,1
000334,500,302,RGB,1.6556291390728477,393667f775157a786f7a19c02b87c83281d3d9a21cc7fcdc09a72c72096ec8b4,2ea383c4d73bda9a,train,val,1,1
000336,500,430,RGB,1.1627906976744187,6873a15459317d38687f53cfe3de73f55906029965a55d7252a8073117dc10d3,d9f0c8d8d0d0d098,val,train,1,1
000337,500,375,RGB,1.3333333333333333,1b999f598050a31d0e565acd01df666d197189efcd09ec8f0a694eb8bb59e10a,d9b626676725a6c3,train,train,10,9
000338,500,333,RGB,1.5015015015015014,3e856a42c1a94c403865867eabe7f8e295dde23950ceb6b9da5fdcdc9bd7cd67,b6da8c26d308aa3e,val,val,2,2
000340,500,375,RGB,1.3333333333333333,af045533c6448a42151d8978933b96f7f34712b6f844d06209b9b83f46ae10c4,42501016564c6466,val,val,2,2
000343,500,375,RGB,1.3333333333333333,6c60a687f5adb320a9ae2892ceca591d0933056d0a3d82fbb90f5ed352b3b9a3,00d2c34b6525070f,val,train,1,1
000344,375,500,RGB,0.75,99920935a19950fb0e726c9ccb5777e81fd5cec0c18a5229927b43aa28ff3f44,86830b8b929686c4,train,train,1,1
000347,466,357,RGB,1.3053221288515406,d109cc1cc309801e6a55a8b0fc6694b8557169382e031283fbb4532efb51f73b,263a13b119119b9b,train,val,1,1
000349,500,375,RGB,1.3333333333333333,ac75972a3243f27aeefd03bae61bdec1d07a026e1d4f91444b67a8fa51f09f48,fcb6f6f67fcfcdc5,train,train,6,6
000352,500,375,RGB,1.3333333333333333,c747a41256639abd380a689251c382ffab15336736f76b2f38ee435cfcf0c46e,84cc8c899bc3e7c2,val,train,5,4
000354,500,375,RGB,1.3333333333333333,680a3d59c1ea80b4e63519de53add8e8499511f23e642fa057c85b715f8765ed,e0b39ce0eda43448,val,train,1,1
000355,500,333,RGB,1.5015015015015014,42598f66ad53469df2d01966e4737f5d0839cba3bedb772c6733b1befaf1d726,9d36736f73333f7c,train,train,1,1
000359,432,500,RGB,0.864,43d1020f27773d7c43066e7f5ba1e147858a62458b35336ee2a6668e5ba282d9,3034640e0c4c4c9a,train,train,3,3
000363,500,333,RGB,1.5015015015015014,b95b45536d9820a9cea537e4442d90a6967fbd7e321929056a70efae5e1a7ee5,74793ca4b433b2aa,val,train,2,2
000367,500,375,RGB,1.3333333333333333,8483e83ff7d285072441539892e103543ae6fb67bb12b758adf90c45535ad443,b4786aec796b691b,train,train,7,6
000370,500,374,RGB,1.3368983957219251,e25a080ba0f28903ff970c8f6cced439eb1bc845200aab87c38254d7cb4dbcf2,e7dd9f0b4f879343,train,train,2,2
000372,500,334,RGB,1.4970059880239521,6a5beebfd4605d2e33f61b1ca7d1df6114eaa8ab3b2b36a72c6f5377ba7d2833,e4e8e064e4c47414,train,val,3,3
000373,333,500,RGB,0.666,d8b7d5808bc87f662d73e331f0f1ff47c300894394fdb56c5447f0dd4b77e66d,008080806198b873,val,train,1,1
000374,500,375,RGB,1.3333333333333333,69a9da43ae3108371c624bd7ae851053b705dd61d25b0d8510725717125c8feb,69ea226662222c0a,val,train,10,9
000379,500,375,RGB,1.3333333333333333,471021433c8816a0bf96fa5ed2aceef37144814b1943676be4a51d2a6fbfb25a,c2b23b3b15135334,train,train,1,1
000380,500,333,RGB,1.5015015015015014,677a40ce97b91035f179995b6869a210529a00053842768c93516249df30cea8,94d63a990d2a6ce5,val,train,1,1
000381,375,500,RGB,0.75,65361b59d09365d5d59e7675037dd28edf9436fbfa722b40de512c2bb2fba235,3e2646636396bf9d,val,val,5,2
000382,375,500,RGB,0.75,6e8dd92814586c52cff404d4e39eab2951fee5aa7dc369bb8eaae574b10507ac,a048b0b030303490,train,train,2,2
000387,500,333,RGB,1.5015015015015014,5e0e477b133bd632434f8f5b89661a37e68944400e99567be228990e1e9849f9,fcd2c7c5cec9f3e4,train,train,1,1
000391,500,458,RGB,1.091703056768559,1fe84fb00e26e97f1d5f1f509cfe68a3ad467ffe74fc27ce038c924b4ae4306a,a09098cc8c0e1307,train,train,1,1
000394,500,375,RGB,1.3333333333333333,c645766542eeda481d1ea22ed85ec82690ff6b19b90fcebac478cf26547b430f,dbf6c7dd575c6d7f,train,train,5,4
000395,500,322,RGB,1.5527950310559007,7ea57cc75b3b6f44f58ce53d4903aa212c926ffd8626cb7e0486cebcb5e2fa12,1d392d2c262bece4,train,train,1,1
000396,500,375,RGB,1.3333333333333333,fb58ee31844aea6357a7c0d5d4c13b370fda02eeacfd5037c8bb40010fe51ce6,c0d0e0883c04d0e0,val,train,1,1
000400,375,500,RGB,0.75,0056500070ccddca64b52a35b3859a5177b7a1b138a255bbdc0cad125ebc155c,a4e2e2983935651e,train,train,1,1
000403,500,375,RGB,1.3333333333333333,439e4ba4dc5d0f51144a36ae03c091dbb034c0d2b5aab3112a4599d7362d31d1,646478e0e16160e0,val,train,1,1
000404,500,333,RGB,1.5015015015015014,2d9692d9f48ba5df4dd65dbc24a14abb465ec87c9f0621502cf2490a6a284054,f949697246e0e707,train,val,1,1
000406,500,375,RGB,1.3333333333333333,a13abf94f05fff0fea4ae6a6bd4e7571751149582f387cf04c6b71b30f914b61,c6953bb6969696bc,train,train,6,1
000407,480,360,RGB,1.3333333333333333,e8cf8a29977de2f5ab451567d4281b827366687da599b0b2549d523b3c41eaf6,adccc3de96d65ad2,train,train,2,2
000408,375,500,RGB,0.75,8f7a23f9c9bae71dc90a719c672c53a92cc052922de735643793d554c071fd7d,00b0e9999c565c5e,val,val,1,1
000411,240,320,RGB,0.75,76a2ad187f4911f71c3d2369927834d7969c7c7841cf04808c911b50d79f3206,f9db59981975d55c,train,train,10,6
000416,500,375,RGB,1.3333333333333333,cc52c4b63071810d68ccc5638043eb32830137c71900473df1cdb9982e6513ec,0734a714b0335d34,train,train,3,3
000417,500,375,RGB,1.3333333333333333,f7b36d210f5255a983d16d7529f4506ca96515d84492daeb24fccefc6021ef83,f2dac858a930341c,val,train,1,1
000419,500,375,RGB,1.3333333333333333,2a22f9df4536f567f9bb3aa2f00052b03bdca0682d2fe4bcadc61b000270d704,786a66587a362b81,val,train,4,3
000420,500,375,RGB,1.3333333333333333,61202e02a0e6b79188f843ad6396fe00a29e69e73a281c477af56f0acb9bd227,6c2d270931339787,val,train,1,1
000424,500,325,RGB,1.5384615384615385,6c82e48db5cfcdcb4005f8c9652b76d5be8f3542ad6977517082b336f7dd9b38,4ed8b91c93b42888,val,val,4,4
000427,500,334,RGB,1.4970059880239521,87c3c53bfa3e16d1334caf01b2f2323d55d35cc1c6b630dd98c0d5327d172111,75496d551f342426,val,train,1,1
000428,500,414,RGB,1.2077294685990339,3d29556d3c111cee24875a2f89c84e0cf35f4c41cee2f012051f9c7bcfb93132,5859181a1a6e2639,val,train,3,3
000430,500,375,RGB,1.3333333333333333,08b30946a2aec03dc06d1f8fa56c756d4cc82fa9708c62b9c24edb0c81c94333,d09c0f2c589023c2,train,train,1,1
000431,500,375,RGB,1.3333333333333333,78f54aa5a6e3f4d2eee477738f18d765bae821588ed8889e62197f4b18d82014,f8f8d8586c723c26,train,train,2,2
000433,500,370,RGB,1.3513513513513513,1302b85602b78db2d167a902f72cb0dd8121904395aafe6b15b62682589a2349,b6d59dddf3e7cb8e,val,train,2,2
000435,500,332,RGB,1.5060240963855422,12d7ae456912a6706b8b04abac1a037c6b553c53f9d538d61e0a45cc5ae29efd,79f6766267e40ac0,val,train,2,2
000438,500,332,RGB,1.5060240963855422,fe4302a90e108a7553035583ab1d76ab045bc103df4bce69a182c3c2db8f7382,6dadb1b3f3f3f3f6,train,train,1,1
000439,500,333,RGB,1.5015015015015014,a4064488fb17339573224e58cda6fa575523de1b43021524e5766e797b794412,ee4f29888e918842,val,train,1,1
000443,500,464,RGB,1.0775862068965518,43b00b7eac6886f9bdd8e00f669cba597f09db53c2629c541ff7b816148daa61,d69a5256a6978dec,val,train,2,2
000446,332,500,RGB,0.664,efe67a6bcbc6be62e0c9fbe028ab747f1fc069ae0d62e8ed39140c3a8353a832,6dd239e9e0727030,train,train,2,2
000448,500,375,RGB,1.3333333333333333,58204c1c1c2a25562f0ed0ac9e751b1edfb0ebddd9ceb4fb5306ba5c3c722194,2c2eaeb1b86870b0,val,train,11,11
000450,375,500,RGB,0.75,769975241d7aa24f1561bbbb711d13e44861d20e455e0101978644708bc8457a,8e3f3b6b795b574f,train,val,1,1
000454,500,297,RGB,1.6835016835016836,4735cce7ed46eab7d6ed1f50ed9453a4fc8a5fcba4a791d06201d13d272aaffc,32316964c4840989,train,val,1,1
000459,500,334,RGB,1.4970059880239521,7c384a0a8bacd662cfaa363abc3d23106ca6489cc908e5ea37400510f41695bd,988c98e8d8f8f8f8,val,train,2,1
000460,500,375,RGB,1.3333333333333333,e8621c5eaaf643bbd223d37f8bea84f293adf854b9114314b5d9ebbc0464d996,784de765098f43d1,val,val,1,1
000461,500,333,RGB,1.5015015015015014,5c0e280391dec50abaa2b42e139fc30c29070617a9b22db6976c8f4edf7ac0d5,2cc0c8a04c5ca4e2,val,train,1,1
000462,500,375,RGB,1.3333333333333333,08f832272278afe27b76194d3c5694bfa39adc45f2bac87a3357c14ad90fab7b,d8dc8f03429e993b,val,train,1,1
000463,500,175,RGB,2.857142857142857,332dea3e18abc6430046b2ff404e53623a8fccdfc7c3a388a7b6b4faf321881a,f6bebaeacccccccc,train,train,3,2
000464,375,500,RGB,0.75,1fc6dc7690a9cb12e4f0c0d4bb563131d10d3657898aebddb1285d8e8ae3778e,f040b60c9da67444,val,train,2,2
000468,333,500,RGB,0.666,d7c5cc0d36b44a18fe056189815d46246084a86d0da67d20eb76960b66b333b3,d030c4c3c084849c,train,train,2,2
000469,500,375,RGB,1.3333333333333333,9e17927331db89f39e3f39fe71374a955e74c9ec7a42461325e1d5cd12ac1252,c60e3bc9c80a3337,train,train,1,1
000470,500,375,RGB,1.3333333333333333,748bfce8694293e4c12995a9a039e346daee7e77a68767c443d6880c49cd235d,91594ad2d70d2d35,train,train,4,2
000474,500,375,RGB,1.3333333333333333,4b72660bf1ac158a1a6a13f7015d7e5486a2432d6a5eb0719bb850645775d76b,5155248e2767470f,train,train,5,2
000476,500,375,RGB,1.3333333333333333,1a768ea61f390b71b16e8f9798489b823a7938aff5bfe0be60ab2951fb99e00d,60326c60b970e8b8,train,train,3,1
000477,500,333,RGB,1.5015015015015014,5f9cd1912d0977138c59834e08c6c43b186a4e6beddf2380650348cb75eced88,140cacae1a162280,train,train,16,14
000480,500,375,RGB,1.3333333333333333,25628d967d7da312a32f6b3be2d9d60dde5a8804656463005d604de1973e5c17,014e8b0d6f656363,val,train,4,4
000482,500,334,RGB,1.4970059880239521,ee37dc1a3089594856036a0f4707b58669440e38a2d143e8c8321d60cccd2a33,ff371b49070d7dfe,val,train,3,3
000483,383,480,RGB,0.7979166666666667,0df8d6327efae992fb861841fc4c55c871140f4f3959427b88793ce753f47ede,ac4c4fcf87c6e430,val,train,2,2
000484,500,375,RGB,1.3333333333333333,c0864195f8db0821ce30047c40bb0eb18031f9b6483c4b2f492f32e51269f7ce,2f670e0e2b0f8f8f,train,train,2,2
000486,375,500,RGB,0.75,005f119e105bbc81d87d035a52d1f44c8345561485a3f97826a96e5dcdc97f9f,eaf9f1f0f0ed1edc,val,val,1,1
000489,500,375,RGB,1.3333333333333333,5e5f86e1b36738b644c28fc7c06b28d792d39a359f3b182e1a6b440f1972aea1,393b0b7f5f3ebf3a,train,train,1,1
000491,500,334,RGB,1.4970059880239521,7367a0213fed59cacece521c3d4577dab00ca5e7695fc5015f352373bde5877f,999c189bc1d4f2b2,val,train,1,1
000492,500,375,RGB,1.3333333333333333,425a455457747771e169810502ded1091d53d275d6188d22ece15acca634f7b7,e0b3a3a7a7f2e26e,val,train,4,4
000494,375,500,RGB,0.75,08e9cff77b3ec2cd554a523b2782e7a401e8e00539a98d6bd1390e78b1fd5b01,d3e263e98cb5bef8,val,train,1,1
000496,500,375,RGB,1.3333333333333333,d845d67c6de298d9b24c209ad28a6ab00cb2098fb710a85fbe0f94b254365050,0f2cac1f3d32929e,train,train,2,1
000498,326,500,RGB,0.652,d95a3a3644301239d664d4dc3c04644e4c29eff0ac63d97bb994dc6f68c67557,683098cc4c8d1ffd,val,train,2,2
000499,500,375,RGB,1.3333333333333333,ce3c5d29aca8d6b65ae11c4b9954d4086a16392d02f7c56e1e7310b0936263f7,5f7426e74797979c,val,train,2,2
000500,500,375,RGB,1.3333333333333333,396fca60730308e7cd7025e92d944f2007b21ab6233ec25f3789dad418314e1c,cdf4bc6ee735f7b3,val,train,8,7
000501,389,500,RGB,0.778,8d92154caa4f341ad30df7c62039bfe5e4a81422c5502b4c69b00dbb9d3da4d2,8cc698f9cdd9d4f8,val,train,1,1
000503,500,375,RGB,1.3333333333333333,b5aa489e903a01d43b976ae62f1bb601e8e2ca36b46c830a396ad9cd579bc5b0,a5b9d9cc6c605c14,train,train,2,2
000508,500,375,RGB,1.3333333333333333,f446d350edcebca68545c0c675b1077d5b8c8bd27bc70992107a324696f8e34c,6623a74acada0727,train,val,5,5
000509,500,375,RGB,1.3333333333333333,d71bc225b15344bc1ecf3e2863051d869ada86a8eb7145159d3c01d8ed7205ef,ddd9f0f0b549eb76,val,train,1,1
000513,500,333,RGB,1.5015015015015014,958cc4a7a54cedfb9b92cadd6c8d93f5e863a22d79248c543601cc6bb82e6cc8,f090e08ccc703010,val,train,1,1
000514,500,375,RGB,1.3333333333333333,d1728b96cd729e07371b419f2aa29dc48ad795d31a6578e46cc0145c592c1320,0c0c0c0f0f4c0c0c,val,train,1,1
000515,500,375,RGB,1.3333333333333333,be95d6cf6cc6e42e831c0daa31bbad595ef56b1c17a075f6c728b318a682a678,2c2c646464eaacec,val,val,4,2
000516,500,375,RGB,1.3333333333333333,32b581ae39b02545498ae29aa4eb69651f9b8cfaab09cea39af93966840cd42e,f263b494d8242397,train,train,3,2
000518,500,333,RGB,1.5015015015015014,ec83c13ff399316edd88684592313e67159b08aa59ce6da6e99d56becc566855,e4d81963f9f92981,train,train,3,2
000519,500,375,RGB,1.3333333333333333,abf18114d48b413ea8dcc242395233b7d696b38a41ef16b4ad2ac4a1e72bfdbd,e0d08c2c7a5ca064,train,train,3,3
000520,334,500,RGB,0.668,0deed619c22453e989551612c7fe7835cc7f766868ca30dcac7d5f6a260238fb,c4c18ecec4e54c00,val,val,1,1
000522,500,375,RGB,1.3333333333333333,6068eddd1724a139822a68a9fd44ef0ad236950a9ffc230b14e3587cd5561f1c,b5e1c0f53303c1ec,train,train,1,1
000523,375,500,RGB,0.75,87e3ecc8f5962dcd100ae0a97aca09c5ec80074d13632b36266bbc3acc867b09,d5ca183526278210,val,train,7,4
000524,500,322,RGB,1.5527950310559007,db5664e2104baa349a307f9fc1978fd55cf5177dd67c73a193be0a7d4ec2c199,0e34123ab9e48288,train,train,2,2
000525,500,331,RGB,1.5105740181268883,f758557e08e8d37867e11a3071569040ca5c6a6658759cfd64e015c85c2f1601,cc8eec6c3890fc9a,train,train,4,3
000526,500,333,RGB,1.5015015015015014,3c10625c92488873b2039d30481068de17e3022b21c62298bbed1757964eaeab,597c3434a8e96626,train,train,5,4
000528,500,375,RGB,1.3333333333333333,ddbdae3b6b777902754847a52bcb0cb72728270b387ff0e49f385b521bf1558a,636b71d1e5e292c6,train,train,1,1
000530,332,500,RGB,0.664,56086195916eecb927a951fd579769f3fe731a0fad29f080d72a4f603225321d,b439ecf6f674f472,val,train,5,4
000531,500,375,RGB,1.3333333333333333,bf8f25428ba3f9c197992df7c51503be8da0f95c1490c45548dea429bb17c127,2b3b5bd397939b5b,val,val,5,5
000535,500,374,RGB,1.3368983957219251,80fa34d5eaef2fdcd412101b3130f3c5da4853ac5dbaa521f007fefa488d7186,d6c6ed0e6666ace4,train,train,5,5
000537,500,400,RGB,1.25,4150068964d366b2b50616406e443086a2943c47d50cf6bba9054c56eef77228,2438313539312120,train,train,1,1
000540,500,335,RGB,1.492537313432836,bea3e4621df6683c2e6593782d8f47b69dc395ae98912c1fc1c3bc4d11e3ba47,62943421c9928ccc,val,train,1,1
000541,500,333,RGB,1.5015015015015014,6e26d6ee42b5aaf0b9d041cc7bb615cb4d77b1352a148e7b72b511dc10592c0c,e26ad45473f0d8cc,train,train,8,1
000543,500,375,RGB,1.3333333333333333,40762fe8350142c6740a603ab743d645664714a6ca3505882e21ab64a7bece34,4c6d54e4cc603105,val,val,3,3
000544,500,333,RGB,1.5015015015015014,cad5122247896c5effda5b6256d809c4b9e432a33273a19d3693340a98ac8d6f,f4f0d8cc93330716,train,train,2,2
000545,375,500,RGB,0.75,e290b7e3ee37783d0a2ea19b79005d42f0760937a9dd395f7bebc677660232ce,78f1818dade9ce8e,val,val,7,6
000549,375,500,RGB,0.75,a1458959f14cc72f88c4bf390a2b69a722c5da2bf0f665881f45bce0bd808384,d9f3e7a6fcf6fded,train,train,1,1
000550,500,375,RGB,1.3333333333333333,a329f12f8c4ab9d57a4490c9c9a2641f6627905b0f446d2268afba248ac0f144,e4e5e5545c7979b0,train,train,7,3
000552,500,331,RGB,1.5105740181268883,ccb1c5a7bbca50f4db811cce4d0dce62d18d0f60f343ddab387da1a46ba71d93,fee9b19c6333ecf0,train,train,2,2
000554,500,375,RGB,1.3333333333333333,807312f259c76843aeb49afef513680a28c1faf993771726760a8f185606032c,193b131b9998b8f9,train,train,7,6
000555,500,375,RGB,1.3333333333333333,efe47a90eafcfcfdd63ee7ccfca5d462a8c8b06ed99a4e8fa4a1045a9280a134,a9b4346c8c9aa4b4,train,train,9,9
000559,500,370,RGB,1.3513513513513513,d42573ee22e92379f778f79e18c70a42745df1e4329a4e62f12326462553cf46,795f1723393949f8,train,val,2,2
000563,500,375,RGB,1.3333333333333333,9254b008c1f79e1246d989314d510f401832f54ed788f153fba95c1e11f75f8c,60f27cceb0dae8f4,val,val,1,1
000564,500,333,RGB,1.5015015015015014,5e18eaa35abd4bbe7822fa4f796a90a9a74024c1016c9f8cb7b1bb9b787f3084,f2fbc3ccf2e32561,val,train,10,6
000565,500,375,RGB,1.3333333333333333,373ca0c69c363359be0d32543b8bf06f5e6405280e4f86dfff48cb2fc937bc3b,9548b0b303d3d003,train,train,1,1
000577,500,333,RGB,1.5015015015015014,a924fbb3d763786268d67de067c4bee8f3202eec1f023ec303008ca566c09a8f,b6b1b9b8f2fbf9dd,train,train,1,1
000579,500,332,RGB,1.5060240963855422,8f0277a330e589da9cc45594091911afa24c8150a2bd167dbad2e6ec38e38040,cc0d2cae7ff2c306,val,train,6,5
000581,500,332,RGB,1.5060240963855422,dca0b71042607fa475f043a0315ef1337775867c77a7eb06dc639d44a6a917d8,6c383a9ce8d0d8e8,val,train,1,1
000582,375,500,RGB,0.75,7937da0ebc40939ed95540f4811f82702c7931d361b2fd7e480f2a97c83a217c,ff2739a5a7a69fda,val,train,1,1
000583,500,276,RGB,1.8115942028985508,1dc06930297082f2da4d3273fa778b8c7f0b4ef7bc0a130d115855bf13996317,71b0b1badedcd46e,train,train,6,1
000588,500,375,RGB,1.3333333333333333,fc35d274f88f7fcfcbe9d1f8a6c43aa0933eb1d4b2eb058b05f88da017ada7b4,074f4b4324c64a13,val,val,7,7
000589,500,375,RGB,1.3333333333333333,14f2aa1f714f62af996a7238bea0cefdff3f04bc9533536b5269efdca5b01425,8d8898d4d888a935,train,train,3,3
000590,500,337,RGB,1.4836795252225519,40cc2b2aa4e8c7382109943cb60b1f4c8d9ea031e72ccc0fb81790d86426bcec,33b79e9db9b435a8,train,train,1,1
000591,500,333,RGB,1.5015015015015014,e4feec24b08498b12b47f7ccf228fb810d2d1a70082deaaba48e72b6d5850a6b,608080940f336e8c,val,train,10,10
000592,500,375,RGB,1.3333333333333333,056184864da8790af458e4a971071c6866e89fbde5e5111b5a241727c51e756c,f19693979b9b2062,train,train,10,3
000597,500,375,RGB,1.3333333333333333,f9828d61c766d03451e95746389c1f07fbb883997a46c4e3c8fdeab87af48599,d0c4c4cc4d8c65e5,train,train,10,9
000598,500,344,RGB,1.4534883720930232,829d06b41856d7cc850d12766e2004a47657a405e0bb1d6bf594dfcbf641dbf0,8c8d8c8c8c8c2e0a,val,val,3,3
000599,500,375,RGB,1.3333333333333333,3c162888aa53b930d995c03de740f10050a6010cb27785329bf29fce6caf1df7,61606846939cccd8,val,train,2,2
000601,500,348,RGB,1.4367816091954022,545021131ada7e77b95dcd1c370751e50071c53fadf6dc5b0240b910b18347dd,ddf1b0b4a24d3931,val,train,3,3
000605,500,375,RGB,1.3333333333333333,6dc9a233886bd8bb05d074d1c79b7380f4d6198f2040390330a253a470a32d45,f0f0cc8db9cfb690,train,train,1,1
000608,500,375,RGB,1.3333333333333333,250e8f017e90470eb6a061dc39ee5c53b8487a4d9770fae8c0379073269f9a11,c0fb7888839f7dd7,val,train,2,2
000609,500,375,RGB,1.3333333333333333,74c5972cd9a1314c1a865f3a1d79d1bef8550f58ce86e2b7ea91f1cdcf5e0992,f9c9c8b9372938d0,train,train,1,1
000610,500,335,RGB,1.492537313432836,a89759853a111a190db60c5f6040e7c27d574f8d8e80ed33969d445a557c0beb,ecaeefeddba7afe7,val,train,1,1
000612,375,500,RGB,0.75,36ebc9ea1e0a7798345a21c44b767fcbfb038217a38807fa7562f91208a22c27,0b2764646c7e7bfb,train,train,3,3
000613,500,333,RGB,1.5015015015015014,a4816305208d66f6be09a08dc460ca880364af414863c2db445f6e157451240b,20186c8c307060ec,val,train,17,17
000619,500,333,RGB,1.5015015015015014,1ba95466acb9b348e21861da29d5bdbb007eac13be12cc6e79eaf0dc7f9f461d,1e06f4ac8cb95a49,val,train,1,1
000620,500,344,RGB,1.4534883720930232,c660925e9557e6e97944bd4f986a33405d21fd0bb49783e9f245a3b5be5f0c55,f8b0b4e080a68c9e,train,val,3,1
000622,500,375,RGB,1.3333333333333333,52c094f2b578437065400ee2e597e7b8dc4b6a5acdec5f46221e156acdccd67b,07c39abab8183c74,train,train,1,1
000625,500,375,RGB,1.3333333333333333,5b86b09e889695e3910c6adc20995ba8d4301fbd2ad05bb1e4d6c65dae84f204,f1b599d9191998b0,train,train,37,13
000626,500,400,RGB,1.25,5dfb6f01a13a859f0a9a5667be736f6cd96e7135f8e5759cb904e592bf3e0883,e9c3331293939999,val,train,4,3
000628,500,392,RGB,1.2755102040816326,e1081ac23371b7bdd0647f49c94555ab3be201600de41ce311fec0ac3cbcf6f7,e3c7c1cecca4a49c,val,val,5,4
000632,500,375,RGB,1.3333333333333333,8121d38bd268a2758b6f63477d5f96297df849f2d1c87febca2a4ea2b01ccbd8,6463630a1361b0f1,train,train,3,2
000633,500,375,RGB,1.3333333333333333,763057b7bc53455b581a21899b5beee8bb44ae873bcdf8b868fcf57f54f83c77,41e0e373f3a62770,train,train,2,2
000635,500,375,RGB,1.3333333333333333,94db15a9fde434c684a8387648dfb68aa869954ed7b941911bbf2cbbd8f878ea,c8c8cac09090a860,train,train,2,1
000637,500,375,RGB,1.3333333333333333,7ad78ffc98bdcd8e7ba126d3c8eeaab8931c39b9cbcc24435cad61e719e612fe,a8f81a66565c3c01,val,train,1,1
000645,500,375,RGB,1.3333333333333333,bd72abccc14bbfd438a1fe08c81c2553eedf5ebc4befe6c2d6a4868937ffe33c,36e2f3797036bc1c,val,val,2,2
000647,500,333,RGB,1.5015015015015014,cf70eafda7a8c56a1a72ae956c217c62e148cdb8a197a3ea51854d8e7cebc857,d66468870e681121,val,train,1,1
000648,500,333,RGB,1.5015015015015014,e0fa90235cf838708adf5705906300b4b7759540309b97d72da7c0ec2a807570,60a19deff5664ee4,train,train,7,1
000653,500,375,RGB,1.3333333333333333,9be404ec0ce8fe31dac86f8efac8c92c91f45df91ccb2f066091e5d67f30ab6c,b170ccc1430f3c78,val,train,6,5
000654,500,333,RGB,1.5015015015015014,773420fedf048d2244ab0a1d69c38d77595204bba22bd16a6579e6b71e5f0076,4c7636c9123288c8,train,train,9,8
000656,500,333,RGB,1.5015015015015014,cf4ad60be62a402146000ae68ca5e8ffea1cdb41a6edc334b25e16b8f568f567,b0a4939392c0c2e0,val,train,1,1
000657,500,333,RGB,1.5015015015015014,6f5644727cc2e48574e34544ced2677871b7088e200a4a791dd21989946c8d28,c0a0d08c8cc8e0c0,train,val,5,4
000660,500,332,RGB,1.5060240963855422,2db9ee75f89f1427a2c8d50e79abb6475243ac30def322ba9546eab6f1f9685d,f99cf4e4dcccc00c,val,train,2,1
000661,500,375,RGB,1.3333333333333333,f980cab5f33cc3fb141ec4ac01bcbdf605f3bb96adad0d4c4c144495d3d60176,f1e860606cece0d8,val,train,3,3
000663,422,500,RGB,0.844,0dc1d8efd6e2dfbf08b3204b6e595db40ce4ecec197f84b7f1aba21f4ecccd77,0f316d0511801313,val,train,6,3
000667,434,500,RGB,0.868,a4a5dd4c510f00333a8a387f3c387914ff473f66466e4ef2a606433a16b683f0,f6c189a2e24ce8e0,val,train,2,1
000671,326,500,RGB,0.652,1f2c789826868d4f7742b11ef90e8af428b2bd44c6fd2b7eb7448f68d16cb2f7,082622226a221200,train,val,1,1
000672,500,375,RGB,1.3333333333333333,22f256a0de589fa2278f95a8627ea00513f6d1517b4d98254f965d978f2dc079,ceeec69d2e490959,train,train,1,1
000675,500,335,RGB,1.492537313432836,1de66b12855d669eeda8950c16d4bca6963a1ecc7ac90f5b46952270979a461c,2498d96acb623e8c,val,val,3,1
000676,500,375,RGB,1.3333333333333333,9bcf4559698845f505820926b9ffa9effb715d28e5e8e4f2ac6447d84e429990,c050d8cab464e0f0,val,train,1,1
000677,333,500,RGB,0.666,bc4684960176df2e219a6184445059df60579e623f4e1883d5e9683978ea9f0b,30a792c165323006,val,train,1,1
000680,500,375,RGB,1.3333333333333333,182f1f893333543ab6678d8bfa4822eec6bd4e542f134812179360a443e95335,7c5cd58dad943676,train,train,1,1
000682,500,375,RGB,1.3333333333333333,5775dd90f7d10bfc247ede003b8ee03b739c23a14787012d8eb75652229cf5c4,00b020290983d0c0,val,train,1,1
000684,375,500,RGB,0.75,4494728ade6270adf1392f395ee760f9418e7d1602aa892178d6087b3ccbfb46,a67d3da3c2d018cc,val,val,9,6
000685,500,375,RGB,1.3333333333333333,11525563a10827cd591c09b6a60b5ba55ca1c0965e85d56a0bd426d1869504be,e67c26b39ce4e7a6,train,train,1,1
000686,500,375,RGB,1.3333333333333333,1a761db77dbf559e87dc97928b2d9130348bc3c3ca72f5999d0b40dbbc5947b4,3a3ae8a82b09a9c6,val,train,2,2
000688,500,317,RGB,1.5772870662460567,f748ac05cefbb428fbbc2be33d4260b8a4158c49456a992e3202286b50dbe918,e762e2d070268a89,train,train,7,6
000689,500,353,RGB,1.4164305949008498,621bdbcba84f8154f48bd49fc480ae79a41445ff1533df5cf8b4fadc0469aee7,a727e787cf693d15,train,train,1,1
000690,500,375,RGB,1.3333333333333333,2478c854e5dc3e290dfeddcddb48754449c596de7ae5f5d5a3daae1df5480e91,f0f0ecec8f8624ad,val,train,3,3
000694,500,375,RGB,1.3333333333333333,dcd6faf9fb52927686832fb633f9cb619d3615470dc40ac2385b4c209ba584d2,26b6372723278383,val,train,5,5
000695,500,375,RGB,1.3333333333333333,037041a0237a290ab90a0814978d60c74f59049ca83aeae2aef0e917c3003879,689697f3a6ac2eec,train,train,5,5
000699,500,381,RGB,1.3123359580052494,69cd5df21918df0c814dec07fc1226075e5acba0f2623b1e6281e0b432d01d3f,d2d2d25274fc6c64,train,train,4,4
000700,500,333,RGB,1.5015015015015014,d0c19f4ed9370418a39facb9852f03be32bcdc7afd93141bb50725835554a750,dbf04b6f43a3996e,train,train,7,6
000702,500,375,RGB,1.3333333333333333,1ecca712871e7717d5cef8657022d3c694339a8dbe082b498d69b59ba5e9b3c1,2e2c205484090307,val,train,6,3
000705,500,234,RGB,2.1367521367521367,2846a302c985d51a80d9950bb974d35ab692f91493f82fa4210dd311f31068e9,1b072723a581cdf9,val,train,1,1
000707,375,500,RGB,0.75,d13c0c10277e4c6933c3794f891753dfc7d6cd44fd3c20748fc7686eaa5b4e30,6838389898fd9901,val,val,3,3
000709,500,377,RGB,1.3262599469496021,1e9258d83e9180310b52eb5d17a558d7a5f363892e03b98ffb77eadac392152e,7571797161617171,train,val,4,3
000710,375,500,RGB,0.75,b2403771e087a1b201b9dc6ce6ff0eb9104df21add8b5b1f80498891ad06995f,c3e3c2c199080809,train,val,4,3
000711,500,375,RGB,1.3333333333333333,8bfd6d6ae67be2b2abc0056225d74b132b80251ba94ef26d79342a8ea39c9686,e6a6a6a7b2d8f2f2,train,train,2,1
000712,500,341,RGB,1.466275659824047,d839f617b61910682cff60947521009ba1f9c8ebdef2fb14a6e76d7fdc21fc08,e60713c898260f90,val,train,1,1
000713,500,336,RGB,1.4880952380952381,c85426fa55c80b8554aafed7934031fe51c05140c828af64676361e8db2f0586,89e8f0c0a0a6e761,val,train,2,2
000714,500,335,RGB,1.492537313432836,456eac2a3ea787d1e79a46dfec56ac3532cfb0cb88ec64aaec22430c4b65485a,9c1b93f7f1f9c323,val,train,1,1
000717,500,375,RGB,1.3333333333333333,6f031fdd92fad8c73f0b48d4df4bfcde9f84ce54fc32928305d062fb4051de7e,f8ecee5849e3e0f0,val,train,9,9
000720,500,333,RGB,1.5015015015015014,7bb8e20f4162b5f58d220468e495aa60d137fb1921e276434cb01934e827225a,d6b0fc14151d1d3e,val,train,1,1
000726,500,333,RGB,1.5015015015015014,1750d102ca802f9ce6b1ea5317a6549a8844128eeb594555517a04922f840938,75f3f9fc74b0dadb,train,val,3,3
000728,500,333,RGB,1.5015015015015014,4996af302d2699a5da25d0f25fe522ff17f6a9405eb102e5089b65b53c2f0cc0,f29c0e8789494d4d,val,train,1,1
000729,375,500,RGB,0.75,03c644a58f8db0a3d56e43a0f42e87ef30b09d41c2100915061b7fc3c0604546,e8f393475f59c8c9,train,val,1,1
000730,500,333,RGB,1.5015015015015014,b9af869f2b9faf3a01f3c378dde0f1bc214af433a584ca55c1632032c42e2a4d,01fc6cf4a44bd7af,val,train,1,1
000731,329,500,RGB,0.658,7e922bebcf045e0a54669b58caa21d38cc712adeae6bd0955eb2cadbd311aca3,85497b60315f1684,train,train,3,3
000733,450,435,RGB,1.0344827586206897,ba9924a4a0448c444bc55d1872cfbc0c2e4e305fb7026d803bccda1a4bbdbb74,21cc6b269d373507,train,train,2,2
000738,500,332,RGB,1.5060240963855422,d1a6ff093d174d1333b850286b71a3434102082be9cfbea2ae426426a221e060,f83c7cf2e82cf0f0,val,train,1,1
000739,500,374,RGB,1.3368983957219251,44032a69feb8dd5913a2c4e26fe6baeddcb1fe1deb45d080b2cc37cb64194a70,33e3ea3aba3a22ca,train,train,7,7
000740,500,375,RGB,1.3333333333333333,929a66cb1b555d0b88223bf5b31c3752e51df514607db3713fa595f1c2522a69,c0b44d4c1313e971,train,val,2,2
000742,500,338,RGB,1.4792899408284024,531fae7e5f24e3fcdf9562441a2467c07af1afa591255b2c346a66d1455ef282,f7f2eecdefef0f7f,val,train,4,3
000746,500,333,RGB,1.5015015015015014,d47d47ca957deae56ea3b0fdf8b9140f5f6247fccb37e6e5b62a0e9ab27af32a,404b839d9c8cb696,val,train,1,1
000748,500,292,RGB,1.7123287671232876,4e26d170361f176d5ff5815bc3ab51af7b0a8bf53a904fab656e36da235ea5fd,743cc8a3a2989b78,val,train,1,1
000750,375,500,RGB,0.75,5991be8f26ef0a13d811174df017c97963fca9a9d4fb9d5e66d01f6046a1f88e,9fe3e363664cd439,val,train,1,1
000752,500,332,RGB,1.5060240963855422,137a65840029b2fa83edbee01eb540537ace819ec54319cdf2668a71aaf1d9fb,8707878d1cbe9c0c,val,train,3,2
000753,500,375,RGB,1.3333333333333333,2207d60c79cac60a50e3638fb1680d566436c7799f88eae826912e3e1a260a92,8cc890d3c3d7b690,train,train,9,9
000754,500,261,RGB,1.9157088122605364,7ab4f833230af79c59656880964f4c7578f6959836efc6b708d596b40ae3f47f,8092849094603038,train,train,4,2
000755,500,375,RGB,1.3333333333333333,85ddf1c38b33022a0dc0d0c6c6b5211388e9a98875539ea210df116ab454400a,e4f4e45e1e6e5cce,val,train,28,1
000756,365,500,RGB,0.73,a3ce3338f5bc5d8044ac839d19629da7738b7971e92448fe14390f81f31d292e,c9f4e6e6c4cc3634,val,train,1,1
000760,500,332,RGB,1.5060240963855422,1ef865fbc704d517add10dab0d709a306d767706c51316eec249c9ae0a5f7e90,6c4cb42727134384,val,train,10,7
000761,500,375,RGB,1.3333333333333333,7ef67d34049cadcf03faa50044d8229823509cec3ae391d1c0d29af818f61033,9f9e9e3a7331a5b5,train,val,3,3
000763,500,333,RGB,1.5015015015015014,472d53e4e1a2c3b58b3520b46b49ed4a01cde4526f5d95300383511fdee9a5c9,fcf0ff9ee6f99f3c,val,train,1,1
000764,500,332,RGB,1.5060240963855422,1d4d4cc705798baa1c43babad08d2a1434f64a42aa2a4ba617402a402a1554a0,c1c1f0f6d2d2f0e0,train,train,1,1
000767,500,375,RGB,1.3333333333333333,b4b497ab78d3e7c1232d3888a7ac7ac4cc2371b3e972ae79a3df57e332a0d66d,0727232329696820,train,val,1,1
000768,500,375,RGB,1.3333333333333333,11b6a81e9c386285a4641fc04457f7604aec15e32056bd9b429ca4d2e95a40f6,a0385c9cb0707dfc,train,train,2,2
000770,500,375,RGB,1.3333333333333333,7dd5b96b89d76750663853247fe148d16a3e01f40fbc43999bfa1f333a659313,4fc8dc9d8fce563e,train,train,4,4
000771,375,500,RGB,0.75,8af69f8dc362ce9e2ee602fed93350c42dd02b631fce0c04ed92046ed9fe1226,9696898994b48987,val,train,2,1
000772,360,480,RGB,0.75,5f1147e0774d4be179752d27266366353b6713bca104bc25e2404c35b91f78ed,360989c7e3c1c9e1,val,val,1,1
000774,500,313,RGB,1.597444089456869,5c60192d299226aa8cbd9b80f92aba79cd7ddc220fcfb4c98acbca8fe5e064bc,589eb7a4271f2b1f,train,train,1,1
000776,500,200,RGB,2.5,2fc957e7264c84209c29172adb936978aa3b4214cb1355971f90b62a76524691,92d2b8c4f0e0a333,val,val,1,1
000777,500,333,RGB,1.5015015015015014,675a296cad2c1c0d38b6b39eb813c366aca493831cc0f47bf4e3914a545f0998,5931b0f07278e0f0,val,train,2,2
000780,500,375,RGB,1.3333333333333333,c54a6df7a4bf14d46d84347e8458079fe95f785cd0c90b69e970f11cfed496fe,cc0c0c4c61cc7c30,val,train,7,1
000782,330,500,RGB,0.66,0206aca877eb09ca783a350b4cc60153b4ff4ba50083dba9777e35fea224246f,5a189f112c2c3ce5,val,train,2,2
000786,500,335,RGB,1.492537313432836,0e22c8ce3b4dc989bb33d9c6e3a5a8ef870e7716b5cf131ea62a3948d50db3ed,e999e1f1b1e16141,val,train,3,1
000787,500,371,RGB,1.3477088948787062,6511b094303f8ccafc7ae23d87182bae4402c6bb3a3f688492417a5cc476b3ab,9343317b0f270bf0,val,train,1,1
000791,500,332,RGB,1.5060240963855422,100abb51fb5da2faed6b509f6e25d823e6b2bfc6b1c17f8d0fe0c1d8dc25f44f,d09c0f532d230f1c,val,train,1,1
000793,500,375,RGB,1.3333333333333333,42e37505d861478c5dae91003424a99f72a9efa4ecc11e673517f0fa2b1b6f11,1999551d292d21b1,train,val,10,9
000794,500,375,RGB,1.3333333333333333,d3696b9069bcb97b1c958d9a81d9af9daae916040da0d96fc79696e9c72b7e6b,c4cb73f5e5cac8cc,val,train,1,1
000796,500,375,RGB,1.3333333333333333,a34417f577a046afae98f3d43d9413f9796d22b0684caeff1468b344b2ba8858,9c3535f33935b470,train,train,1,1
000797,500,375,RGB,1.3333333333333333,ad1f447b9ef9f157233b81d7b01c62dbd2f07089262c8c0c48659e18234bfc5c,c020481c26727160,val,val,3,2
000799,500,441,RGB,1.1337868480725624,c574d5f054940e8b8e1013be558402ba628e3bfc9b8520cb6482c9fa08142ae9,da4861e2e2393932,val,train,2,2
000800,500,375,RGB,1.3333333333333333,1b40f34b16e31451c432b9368294815cd082b14d89545220a7ef4e81d35d9416,ec6c6226e4f868e0,val,train,4,4
000802,500,375,RGB,1.3333333333333333,ab023d2731a69393b56627ed423e07fb3856eb8cf6cc93c19b6d75babcee32d0,1833319292f8f0f0,val,train,2,2
000804,333,500,RGB,0.666,0e876e887b66bd268fa18c5c74ba72506fb2dbbc5f407211ba48cf4dc2374668,90b91397969e6070,train,train,3,2
000805,375,500,RGB,0.75,45ab9b56f8cb6e7c313674672c3b5097f4b8c718a30d6f44dd3614fcb4277cd8,b09b033b55f673dc,train,train,2,2
000806,333,500,RGB,0.666,95f3f51aafd8577394e073e663defb7a414b3bb5f8c97d3f2ab2d22ccc098806,c1f44bc9e6c3e4a4,val,train,2,2
000808,500,333,RGB,1.5015015015015014,2c55c1ba89fe1b2fe4bebd15f4922dc2c5654284355850ef633c92eb4a221fe7,4c2b06464682d6c6,val,train,1,1
000810,500,375,RGB,1.3333333333333333,32dc787f1bb5f4b2863a6c13374511a9f2e8c7796a66e14a3e98712505909042,70b89c5c78b8b870,train,train,1,1
000812,500,333,RGB,1.5015015015015014,67b4a1eeb5f06de147ca54380424865df9fa9631d012611a64873d97d7db7fd8,f910088ed68ecf2e,train,val,4,2
000814,348,500,RGB,0.696,51ef8f7a9586a759678b12c3358a8bbaa71cde3445c11e936fe3959bed055f04,37e38fb3a7c9682c,val,train,2,1
000815,500,374,RGB,1.3368983957219251,5394efe392ac345189da65a7759df16a8763d50b6b78fc1f58caa18a33b36b4e,335067472c0f5944,val,train,2,2
000816,500,500,RGB,1.0,0481721d4c65c1d80d09527f2385d801b1a0784859f47b082d276f565d52d808,9880c8ccdcd8e0f0,val,train,2,2
000818,500,287,RGB,1.7421602787456445,1708393fc985ed806603270d337e9a2e3939ed8faeeb5b7325c420bbb2937379,03c318cbf3328e58,train,train,2,2
000820,500,375,RGB,1.3333333333333333,e5f194cd1a1ceba38955dd2ab7a6adf54fa600ace21a2642e4dad2e08edcd1f0,cc24b4ea69bc9ce8,train,train,2,2
000822,500,374,RGB,1.3368983957219251,e3247e5270f3772b1f09b43927989337816171e892ac6741385ca28e9d3c11c4,e97c7e4f1f969ed8,train,train,2,2
000823,500,334,RGB,1.4970059880239521,b34974506d3cab8f572f94858a11e28f4892ada98376692c6ecb14f85d6019e7,49c9471d1d2c2dc1,train,train,1,1
000826,500,478,RGB,1.0460251046025104,c25095c49388a72c777756065abb92eb16f43791182f811f0a031a62b93aafb6,dcd2d6860e0c2707,val,val,1,1
000827,500,333,RGB,1.5015015015015014,5a904072c310f6567d6e14da97906a71e36dedb2e59864a6528d00368c76671f,93924e42d65e00ac,train,train,2,2
000828,375,500,RGB,0.75,0bbc9bba5066202e06186ce570f45990e76b3cd859d7404fcf6234be3c730ef8,d1a64651530c9819,train,train,6,5
000829,500,375,RGB,1.3333333333333333,273b8e5f38dbdb5b590b16b83ae77c5427c07abb9c1e7fcaf1244d0ae0b269f0,cc806214503338b4,train,train,9,4
000830,500,375,RGB,1.3333333333333333,dda589b9d29ab4e05c195f484f310e428cd0f6c8adc3df6e58f7f0484a7cf80c,913999898d95dbc1,train,train,4,3
000831,335,500,RGB,0.67,ee15b69636597eb1208dc47b1544c8bfb1742c24e2d0615276fa6b9a57e631e1,c9c909959d8d1737,val,val,1,1
000832,375,500,RGB,0.75,6dd0b50ca8a7cc4d76ff509770fb2e9580a32957397b505b78728303431d6128,1e5a890c27233131,val,train,1,1
000834,500,375,RGB,1.3333333333333333,8d24ddcb20a1ca5701479aeb885f7b37cf94c592f680cf468cd90055bdd0a207,fec49e3ee8c697a7,val,train,6,4
000842,500,356,RGB,1.404494382022472,b4290ce942e399a93979de23995472c5290306dfdbe2daa6a0f01e71294c540a,585ab161e9cbcdce,val,train,2,1
000843,500,333,RGB,1.5015015015015014,1aad80479187692711aebe04f6f613e53eb16d9a6698665bc7937b38737e0d02,8e8886d4551e494c,val,train,2,2
000845,500,335,RGB,1.492537313432836,ebbc4c5a1af6e93849c2501f18c60a55055742bc9602a71179816cf1efd8866d,8088f0590de0a080,train,train,1,1
000847,375,500,RGB,0.75,fb424dad9db5134f3d233629a848dee0acb1f469e2c95f4996e2c71fd4a95459,3831376d47c7c7d6,val,train,2,2
000848,500,334,RGB,1.4970059880239521,920a82f37d5831a91182ea157356922fe7a0bb034e18b9ef0478ab5f7be6555f,cccc6cd892d685ad,val,train,5,4
000849,200,368,RGB,0.5434782608695652,34d75994b88ff8b5d0775189fbd7d08a31b4bd610f38efcd7d43190d58bb233b,94e8b8966d889a64,train,train,1,1
000850,500,375,RGB,1.3333333333333333,038d6852938bd0b64358fbc96314ffdbf5957c1e6a0a9c1b3c6b7fd39e4c1c5e,dcd4e4eee3fbe4ea,train,train,1,1
000851,500,375,RGB,1.3333333333333333,a7cbe5469af71647446d4ffe6cae12a207ef6df480baf0a2643359a2e319266d,d2f2eece1284a7e6,train,train,2,2
000854,500,375,RGB,1.3333333333333333,3616d994765a280b2157116397b1f5511718b6b627dbb0395f46f420ceaf34a6,cdadada793272630,val,train,8,7
000855,375,500,RGB,0.75,cb9805da2d4f48c352b1058a18ff4b5b9cb1fdaeefa22baa11979371c7ba0624,ffff377b78787803,val,train,7,3
000857,500,375,RGB,1.3333333333333333,5b7501211909dd302492c86113f7a5e2efaad211dd5384095616cee7d719ad23,6267cdc8e199d9f5,val,train,1,1
000859,500,333,RGB,1.5015015015015014,2808af1078951bfc330b66fee8c6d0d6ee1acd5efad5cd32ba2d7afa42d0566d,c6646fe1e0688b8b,train,train,4,2
000860,500,353,RGB,1.4164305949008498,826f72336da64220b822fa72f8ac213b263c676e68c29f0e683bda2231a066d8,033119ccf42b0f07,train,train,3,3
000862,500,375,RGB,1.3333333333333333,db089b2a2adb2dee814a9053b33af15fbb2969b900a8e4ce954399eb1d57da3c,f0e8d4d6e8e0f8f8,val,train,2,1
000863,500,317,RGB,1.5772870662460567,c0180bd4e8a28b956dc805a29301e5c045a1a676341c1c8d04bf221c0c1fe441,d6e7e7cfcdc9c7f3,val,val,2,2
000865,500,375,RGB,1.3333333333333333,c6a3f7989c6ef268a81814ff27ce0218566eb7572a168c8faf4ee0348310ce26,2806869612928e2c,train,val,9,6
000867,375,500,RGB,0.75,0337aaff67a03156e75b8e52ca658469634e541d74847911447ab712b8f67a60,7169292b33031f17,train,val,1,1
000868,500,375,RGB,1.3333333333333333,4916c1462c03e30744fc7d6d36bbf5102e0ee85f8cdbdf3e2f0a0fe4055269b5,0d6325656414d242,val,train,2,2
000871,500,375,RGB,1.3333333333333333,c91e63c8c5dcb2cd11c3c81586acd375dae8f073739d85eafc226cbc228d010f,eea393398f9663b0,train,train,1,1
000872,500,375,RGB,1.3333333333333333,d7b743bea01e0d7e8b9f5db5b4543575c8c76a107048c7d027fc5f2913ae016d,a89e73e3f3fec0f0,val,train,2,1
000874,500,332,RGB,1.5060240963855422,7dbc635a9f0f14963ce9ecab0857ed88d1b1f8bb544341c9a1f41b95d3af1ab6,47562357941c9535,val,train,1,1
000876,500,334,RGB,1.4970059880239521,9fab67d259beda591ca6b63ef27f0e66db0ea3ed833560929d9ee3d0a870792b,6865353938383d6d,val,val,2,2
000878,500,333,RGB,1.5015015015015014,5c7e650d11234df3b7246125cf5c51c5c1c3acfa63e6f62c757522a7cdff00fa,363a2a1ce7a79c9c,val,train,2,2
000879,500,375,RGB,1.3333333333333333,03dc0f0f8dcfbfc90a35e775c18ce1e4213bf40d9f089975c0529d075c7e3f6e,64869f5a1c161615,val,train,2,2
000880,500,369,RGB,1.3550135501355014,e8afc15e38d3b26a9c2878658c367ba3863530615f704cfffdc3687a99b4fd3b,aef7a3e3c1cb43e3,val,train,5,5
000882,500,357,RGB,1.4005602240896358,740dc44df62a74f36a54fed50f9a1406f46751299fa486b22b0d68c2b7643ff4,2ca2664bd2c62451,val,train,1,1
000885,500,456,RGB,1.0964912280701755,e4ea459ed620243cf92a68ef85aa4d33d11a47ef2c958a21130da3c0711f8521,cdd9d8dbdb9696df,val,train,2,1
000887,500,320,RGB,1.5625,11c5091b20986d8071f56d0e96e30cbe13da22c4a8f9f5469f9e6d660da59425,b533c20e0cc1a8d0,train,train,1,1
000888,500,347,RGB,1.440922190201729,5d1169fa1b9848c5fb08f316b6c9a60c249e0a6cddf4091b89087a8ad5f858f6,7353fffc59daff33,train,train,3,2
000889,374,500,RGB,0.748,a89a6167e761e2003d99866cad720d93123c5421d3de2626b312a6c8d93885b7,d341276c65988e0e,train,train,3,3
000892,500,375,RGB,1.3333333333333333,0b9712639c8d8d6eb5a83418087fca8a3bd9d7d2e5d1c2325470ebc1824eb470,f8e0692b00c9c7e7,train,train,2,2
000895,500,375,RGB,1.3333333333333333,061d9dc591894e1ed91c486291045b881288bbcede3c2efb476a45d0cc708a4b,ce5ae9ccb9bb969e,val,train,2,2
000896,500,375,RGB,1.3333333333333333,f95a90fede10d25074f83d4f7e5eff2e4da495035f57b84359c840be90c9dc6a,a060a0a0e0503033,val,train,1,1
000898,500,375,RGB,1.3333333333333333,8afd9ff5ae7d8b01480b9d5383c6309b61374c912ddd3e392a0ab08b2ebd0646,f577a793733297b9,train,train,2,2
000899,500,333,RGB,1.5015015015015014,61c08173f7f347c939f6d5069b37211dc0c87a207cee9e8e3328b4213dfca35a,80b844381e1ff1f3,train,train,1,1
000900,500,375,RGB,1.3333333333333333,4a04b5ed2089b0d1aa1f9bd3d2191a16c7be69bccb52c99a413712be375bc5f2,363018d9c961e0c0,train,train,3,3
000902,500,399,RGB,1.2531328320802004,ee387fbf0aa176c5899fab8f604f2a0a1484943ac77bbc3e77030ec1386af38f,626d7f3e6563db99,train,val,6,4
000903,416,500,RGB,0.832,90f79876fb9f53d711b7f47bfed761fe602c1bbdcaf84899bf712657d7f6a6d7,3931613824269d92,val,train,2,2
000904,500,375,RGB,1.3333333333333333,079a3cb1cde2ba7c6894ba17a226b94c5e3254315d1df7cf790e03da7f61aec5,b0dab16464b98c2c,train,train,3,2
000906,500,375,RGB,1.3333333333333333,57e38458b4f010eb80370adc810514d8bbb55ebdac09e37f1e33906d6a0187f4,e0bc58cbf3c1073e,train,train,8,7
000908,500,375,RGB,1.3333333333333333,5d46262b12d2c7346340d0eaf219c2460de1fae070bd20fae75da8906d364402,1582083d43618804,train,train,1,1
000911,500,324,RGB,1.5432098765432098,dbe47876ad42edad1dadc9889163c9d89ab7faecfc133f94e68069508c7a7171,44869202d07034da,val,train,4,4
000912,500,334,RGB,1.4970059880239521,209e37d0dfac6e4180e112972e61b7163b34c13d1e78332b7ee23811148a549a,cd0122b8b4d48cdd,train,train,1,1
000915,500,375,RGB,1.3333333333333333,2a571e24c5592736fd15d04fe5950da9d174c11fb26818d471fb3fd8e9c5bff4,d8dcd6932b2d4713,train,train,5,3
000917,480,360,RGB,1.3333333333333333,390cb7745653097f69cc4d28e426be19a50dfb3cb811438758475e747045cad0,4d89cdcc0c4ccc49,val,val,3,2
000918,333,500,RGB,0.666,43b04a16114f57a6edabaafc62b9e6c80ae8155b36923ce932c01150ea059695,66b3b2bedcd49b98,val,train,2,1
000919,500,331,RGB,1.5105740181268883,1e604db645caa32cc7cfd922a5894e20082b76e190ee29b86f6644be37c0cee6,a0b3b3f3c34be7d6,train,train,1,1
000920,500,379,RGB,1.3192612137203166,d84a79574dd4ae2cdd94dc932683bb7ad524c6af43b55279cfac65a55fe55244,458c2f2d3d12db5f,val,train,2,2
000921,500,375,RGB,1.3333333333333333,65547f4d395a3924093050878257a204310fbe2808514df5b220d34a30b0e2cc,c8cc988308818888,val,val,3,3
000923,500,375,RGB,1.3333333333333333,00d17deb9da181dcfb9d86c95bfd4aafe44f7f83d2125f85bdc510d2f032d79b,439b9c1d19656c60,val,train,6,6
000926,375,500,RGB,0.75,0fb63fce7b77f5d04837de82d90879549d6377f9c548db83fe541722ed3a9ee5,74b07270a0b22407,val,train,9,9
000929,500,375,RGB,1.3333333333333333,6b39c742fc915569e9c2f230cfbdf17e46c1fdf39b52466109f6f8e68bc41da4,32b6f4e49af0e0f0,train,train,6,3
000931,500,375,RGB,1.3333333333333333,4d2a448397e177a6325d6832c9c27042985a8a926e8cc7c94ccfc162cab4065c,8183262494121284,val,train,1,1
000934,500,333,RGB,1.5015015015015014,3e67a15bc17c4dd00ea242d97edf6d2c54080e19f3872eaefd71ba0fc8939a6d,f0fdf9f94c35b5f0,val,train,1,1
000935,500,375,RGB,1.3333333333333333,2483f0c44a07b73768c16670213f0e4c8ebdd6ad7228806cb00aa56da42beeb6,f0f4f0e46259d8dc,val,train,6,1
000936,500,334,RGB,1.4970059880239521,a960d601c9aba37bdbcef78a343b35d417b94e5bf3963db57a78a1b053b81a04,7216c3f20ae41cd0,train,val,5,5
000937,500,375,RGB,1.3333333333333333,2867704cd24a3db4dadb2bef63029582bdee66fd0ef7550f1a656cf511112c72,7060ecac7887c779,val,train,4,2
000943,500,375,RGB,1.3333333333333333,d02361a36f156da75c3903fea7ec0947f6df65f8c330ac7e58ccc59a5b30526d,86805415141a5cde,train,train,11,10
000946,500,375,RGB,1.3333333333333333,a928571bea1590a131cca41f44728ab35f42fdb6e75f3003acc8e1de99606b75,f0e0c0d239898083,val,val,2,2
000947,238,500,RGB,0.476,cc051d66e15b982b07dcaa5944923359bc95b61cee9fcc693ac0d07a962a23cc,0b58b09cccd8d1c7,val,train,1,1
000948,500,375,RGB,1.3333333333333333,312145cd4a00c8d8741bfd5803ce9bb98adc81cd32f2dbded447a30426ca880e,f8f9f37672b2bfbd,val,train,3,3
000949,340,500,RGB,0.68,7ffdb729cb4d727b45f234bb9387658dc7ad50fcb9f84ff84bb760984a0dc62e,3763232533333380,val,train,4,4
000950,500,331,RGB,1.5105740181268883,77a1ac62fcbb5274266e43410ed5e2371eb7b740c40d83fee0933b9eb9ccc243,717171717169ccc8,train,train,5,1
000951,500,375,RGB,1.3333333333333333,d9438be6d08a80c87d4f1bc8a61e918ad587ed8b83e44339ecef8094c5a44f44,b8b1fb5bcaf99ded,train,train,1,1
000954,500,332,RGB,1.5060240963855422,c715acfa8e9491fb1e004f3915787f210f428026e4a31080e2bd0fcf20ade709,f8706cd266f412c6,train,train,2,1
000958,400,300,RGB,1.3333333333333333,b5e773629f664be0b9e40b6329f688adbfbe6dad4c5734a082fb23b6cc85bc4c,7958e21bb3dbb860,train,train,1,1
000962,500,375,RGB,1.3333333333333333,5199d1d7e80b41b2ae0ad548e40e487492f66850e1229134ad1d0efe2d5f53c2,9797dbb9e8b0d0c0,train,train,2,1
000964,500,333,RGB,1.5015015015015014,efddcdf0ddbed30d097604d3cb0441a0ff39bbab8e0b9bf5426590a9a2d3bad2,9edcdddddf0e9f19,train,val,2,2
000965,375,500,RGB,0.75,026012206cb1f2ac81afd903059513ff20578f25673f20cb87abaae6dde6a66a,3c20e9776ccd9fea,train,val,3,2
000966,500,353,RGB,1.4164305949008498,46049f2283c73ea424bf35e35ea181b547cb0856cd441b2a0aec4e305ccebb47,49371872e3d70d29,train,train,2,1
000967,500,375,RGB,1.3333333333333333,ad07f643a2d4405a1830f0c1990f7f4c1b401fdbc2d905420b52b7b3fa0cd8bb,8ee7c8d3cdd9139c,train,train,5,5
000971,500,375,RGB,1.3333333333333333,0625bc5078f8cb7bf5d1de38de7fe67e4384ee550d2529c11600ef80919ca7f2,081664c99d59f59d,val,val,11,10
000972,500,375,RGB,1.3333333333333333,ec77558b7df4dd7351fb620fbd5f6522e36251f6573a8b38874e7f80fee727f4,d2f43436340bc8f0,val,train,1,1
000973,500,375,RGB,1.3333333333333333,a2689d6cf9f5d5b0ae2e6edeff8d97b592c3b4f0ecb4bc68fe9f8cd175681780,c6c5e4c68a8e33e1,val,train,1,1
000977,500,333,RGB,1.5015015015015014,6d6f551bcb04ae8bb41080394ea8c6fed44f36185150327c8f4d41d9aca12cd4,e0c0f0f4f8f99cd8,train,train,6,6
000980,500,333,RGB,1.5015015015015014,9fa01823b90c164096e6257354abf076a2ea01423510e9a62f0fecb9be704763,eef37adbda1a2120,train,train,1,1
000982,500,377,RGB,1.3262599469496021,d3f3f700daad50c1a2c5043a6791e55fb99e09cdabc700492c3a835798ea0fd2,e1e56727d3810383,val,val,4,1
000987,500,447,RGB,1.1185682326621924,d5239a6f38488b5ffff800e48f9f892b21ba8b5eae1afd12c1a55fcdb19ea9b0,2d0d030d95d3cefa,train,train,5,4
000989,500,333,RGB,1.5015015015015014,796f9452a7e32d90b6feb4a8ae77e609436a4216249af3b0537eb94d0e3a54ca,c0c0e06869616422,train,train,1,1
000991,318,480,RGB,0.6625,79ca86ffb02fcf7d8b9bb89ad26949b125344c6ada3ef0b674fa7711391824a7,d0280bdace8d4d69,train,train,2,2
000993,500,493,RGB,1.0141987829614605,59a3f370001bfe15c3500ac12541839bb28ede9c2d2e227bb31e7820e98a445d,a0a0c14fe6c667a6,train,val,2,2
000996,500,375,RGB,1.3333333333333333,86f89a53345a0650d102607604a3c24f7c3efed5b546b5117b32de753f16c557,f6b7f7e7cffa7856,train,train,10,5
000997,500,375,RGB,1.3333333333333333,059c0bb569c0f13d3d2fc742eb6f16df62e04b21917142115a96a3a5a0b5edf5,b6b6b4e5e16874ea,train,train,2,2
000999,375,500,RGB,0.75,aa0bf31c6bd0f39e04dfe264750439c92d8b61f0c6550185a71bd2ba3c7fd7a0,8696960c3c7e3efc,train,train,2,2
001001,500,375,RGB,1.3333333333333333,cfdf5d6705d23502180f402134f169434a68a03122c014e8c17f1ec1abd9b637,783c264743434627,train,train,3,2
001002,375,500,RGB,0.75,dccebbd18e22c2b13c043673de4bb956a89b7fc4881dd97d39b1406f462b279f,c004ecad2fa1282f,train,train,4,3
001004,500,375,RGB,1.3333333333333333,ada1316a2f5cb31a061db6c4240851d2bd70ab1e155b9e11ef13dfb5052104d7,6d2d6c3978f1b2e8,val,train,1,1
001008,500,375,RGB,1.3333333333333333,45adf1eea30254db6f4a18a8728513f6a81beebaa1ceffba72427b501244a1e5,c00c3af8ec2677cc,train,val,1,1
001009,500,375,RGB,1.3333333333333333,2321fdfb5d8566fb0fc62accd31de6e531c8959187c2cf54074e6c8a8b5d8607,76333377b3a2b1b8,val,train,2,2
001010,500,375,RGB,1.3333333333333333,42e78a4e14a5b7803c953cea846d119320fc9036d70d2f710846a4328f423597,232b2736b6169694,train,train,1,1
001011,500,375,RGB,1.3333333333333333,bd2102b2d8939693bbf81865675a2618e56e68cb6a4e18c93083527aee8da37e,19193333c8c09203,train,train,2,2
001012,500,333,RGB,1.5015015015015014,71f50837754b59f631d1781ef1c08d086c4e25b2597845152100ded7588f8e29,c0c0082d2c2d2d2d,val,train,1,1
001014,500,375,RGB,1.3333333333333333,d39342b8eb666fa5c2a02879bbde623e9de574e1281a551f559f782721b7aac2,f21e54d4c8382c3c,train,train,4,4
001015,500,333,RGB,1.5015015015015014,f5c50074811c79b0cd6acd73cfd7311b7e970db2e3bd4c8d6b7d02bf680532fb,f0f0e0f8ffe1f0f0,train,val,3,2
001017,333,500,RGB,0.666,d4ba8e673291bd10f9a8d89610e0643770b52c9d01115d4bd7af9d6b38365462,70c0b0fc2f319c8b,val,train,2,2
001018,500,375,RGB,1.3333333333333333,ca6ba0683f535e2b729687e636f303ff6b9d3a414edcddc28a7e6c7ebbe15d9a,ec5853633020a191,val,train,10,8
001024,500,375,RGB,1.3333333333333333,d57d64acb6a2fb5b6408acceeea6adad7483d746451db6d6607b77fc1bb0c0b3,a0e062c2a2211129,train,train,2,2
001027,500,375,RGB,1.3333333333333333,3d229dfad66b17af421c76721f22e52ce201317e2972dd2cdf194ca434c10958,191134314cc4f8f8,val,train,7,4
001028,406,500,RGB,0.812,4d6b20b122e6e79dc6c684cc8b36092427f9119cb5454210b755f4e89a111938,4872690c3e6cbd67,val,val,6,5
001036,500,375,RGB,1.3333333333333333,bb64baf9c6f1ba71ccece1f2a3fe2c4aa0886b83a341c252acdba85301fff84f,1b39199878e9e56c,train,train,5,5
001041,500,375,RGB,1.3333333333333333,4cded82df0da9b9947f1f8be421fb533b7fcd533b22a5a761fa8a50ff7b60117,06bcc96464e0c8b6,val,train,1,1
001042,500,375,RGB,1.3333333333333333,c13238ca49c51b1b115102d3a301634e772896abc4b50c004a0b678c5b4f5f8d,e4e0f0f095d6d2d1,val,train,6,4
001043,500,333,RGB,1.5015015015015014,5d1cd39f93573b1838dcd5bdb9876280f2077eeffe9a82dcec41ad784a25baf6,8b94a20d3b461c31,train,train,1,1
001045,375,500,RGB,0.75,64f77261c788d13046a4559838d246167ef89a6ef75c38fd9d4c40c5abbefd7e,d3d3d362f29a599e,val,train,1,1
001050,500,375,RGB,1.3333333333333333,0696030ac5d9ff3e889c0e0a0d1087a49ebfd22249fc16fa4d359a01d0cd46e6,a1b064a6eccc7010,train,train,2,2
001052,500,375,RGB,1.3333333333333333,1c17ee52df87fbc53d1fb367c0b2a22c3717ab30dde6768215b609e08c46329e,7060f234fbc9986a,val,train,1,1
001053,323,500,RGB,0.646,fd26880e4c6f14f9f3c79a2bb2c98e05440270463f1d501134b8f5df83fb5e27,0c163373362f271e,val,train,1,1
001056,500,334,RGB,1.4970059880239521,3be2fc4f18d92bb9ecbd0839ee8c0957dccc265a210cce3e46069728e414d835,cf0f1fbeecccc6d3,val,train,2,2
001057,500,335,RGB,1.492537313432836,1fe1f87ceb4dcf27c567a47b04040ef5293bf04e5c87487543b35c7ec91e839f,9784ab33c1894917,train,train,3,2
001060,500,378,RGB,1.3227513227513228,93e38d01c027b6716aa5625e6ccad088d58d0348309ca0f839deee73cc5c7ab1,811d17119461392c,train,val,3,3
001061,500,375,RGB,1.3333333333333333,6496dc742fe4a54c59bdd9e9414663999d10c980de78153df8b453c56a4e3436,e733714c6e2735d5,val,train,3,3
001062,375,500,RGB,0.75,99a7ff3bee83954a96c855e945aa3b99cf12d12d8fe097f2a44e906e13764bdc,cecbcbc3ce7a2284,val,train,1,1
001064,320,216,RGB,1.4814814814814814,1f27f3d41fb0d7660ee6a98f7e78da0e77c112caab4fa7da8dee775a5db0448b,c487d7c49eb6944c,train,train,2,2
001066,500,329,RGB,1.5197568389057752,76b946bb55dfe3f3bde73907ae9ffafa2c54bbf3c559de76692056063690c52e,602031313931332c,val,train,2,2
001068,500,332,RGB,1.5060240963855422,b868abd0fc94874d0cd153ab03c5ba0dc3e140ca9fd2eacaa75d344b7712ef3b,57c979bcbcd9494d,train,train,1,1
001069,500,375,RGB,1.3333333333333333,3193f78eb7a2f0f020b2c54cdb3f29391008452ebe9f93f4522b5648292f1d5f,8b0d8bc8c0a10860,val,val,2,2
001071,332,500,RGB,0.664,79811d232a3f9cb32a5fa6bfdb5a713a2c3fc5d7ec536a67fc0318bdff3f9687,9a2c404367c1c9c2,train,train,5,4
001072,500,386,RGB,1.2953367875647668,36a5b181017563da00cbc15b3e9564ebfca933f28aff236a27d7b7da49d30738,f0332b33630b33e0,val,train,2,2
001073,500,375,RGB,1.3333333333333333,11d51a8bf5f316280e25c3a518b151cb52711ab4ebf690a99a47277ff4babcae,c988c3622601b1e0,train,train,6,6
001074,500,285,RGB,1.7543859649122806,a8eea47dd7628004d185ca45a81818c81db8c17737e192d93c97669760cc0cfa,64b949e1e1e2deb3,val,train,1,1
001077,500,375,RGB,1.3333333333333333,b01e8a9ce1bed5209e74f629f41a9813badbe5ffcc1160d6424c57f813f25c7f,f071d1c8cc987874,train,train,1,1
001078,500,375,RGB,1.3333333333333333,99fcacee950ab08924cfc877d48f062d3ae94cde18e484cc7da8902ccc365090,f2fef5537fde9ea6,train,train,1,1
001079,500,375,RGB,1.3333333333333333,0f37b9842665375ac701b8b59edb537286b93dae9c75a1b813142db03a8bcaa3,9a9f1fb1b6b6ced8,train,train,7,7
001082,500,375,RGB,1.3333333333333333,f2ef15b6bcacae4d009cd51f928329da7a17a947ae2288e48fc13cd279a11ba2,503078b4b0b21519,train,val,2,2
001083,500,333,RGB,1.5015015015015014,70f971c400152556e5210aaab73ec30b087367e771fe9d731f92e17cd5d43536,1c19129cdd4a070c,val,train,1,1
001084,318,480,RGB,0.6625,eafbca5da7610cf06c0c46e1bcce13faafdbbb35436277c7ab03dc64aed543ce,922d6c587666a3e0,val,val,2,2
001091,500,375,RGB,1.3333333333333333,9b081d9afdd21083030be21e1ec6cb4e616273a048d442527608c6d66bf4b140,e4e6c7eee9edc8e4,val,train,9,5
001092,500,334,RGB,1.4970059880239521,11c1906d45c611f62ee3418ca4e8f184d480c93fd7fe015d1a0db8fb69741c4f,eaea52b8b0b0d8c8,val,train,2,1
001093,500,400,RGB,1.25,6cb243586b3c0091d0e4211cd6b1d9a1b87e5b475cf2899e79669e3525b26beb,2c369e1fbbabf333,val,train,4,2
001097,500,334,RGB,1.4970059880239521,7ca6b62aa03219909b1493afc9eefe2cd8d76e5f4fea1c15820e59ac4a9e6254,c9a3b7313262b632,val,train,5,5
001101,500,333,RGB,1.5015015015015014,fefe35765cf537d0ec8372bf67ec8334df6361f492bd1fe7c0cbc769bbdfe5df,643b3979bb333231,train,train,5,4
001102,500,334,RGB,1.4970059880239521,4e24fe244fa788e48a4740d446306a521d0b6246eb233d5ecffd2957c76d4726,4e7939c0c41c5939,val,val,3,1
001104,500,334,RGB,1.4970059880239521,46621f082cd614f1e98a3a3c1a392a0d40e606897c1c85c24348afb4dcea69ad,234e4c6e36266430,val,train,1,1
001106,500,375,RGB,1.3333333333333333,ced26ee426f89f19653ce109b0c1bc1c8be7a38e265909dc8d1e916e9c1a6133,c0c0c191113030b8,train,train,5,5
001107,500,332,RGB,1.5060240963855422,89c7acd6392252b0b9a7dc34c2e6467e62c92898ccdf47a366eddeb2c7a8c93b,f8f8f8f2faeef8f8,val,train,1,1
001109,500,333,RGB,1.5015015015015014,8fe0e5849c25454a1a825a9a4697e89e9afa661ce01d658d99708b10a8c37872,9153939b9d9f0ad2,val,train,2,2
001110,500,375,RGB,1.3333333333333333,ed94357e1f109c0d329601a6a36a917ac669eb065c36849d4145b14f05ace6b1,c4c0911332108436,val,train,2,2
001112,500,335,RGB,1.492537313432836,41266f167ae797430379968b69a6ee36c654a781e5cd6ed96f257f0e3cbecdd4,b23a5ee673e6cfd6,train,train,5,4
001113,500,375,RGB,1.3333333333333333,5f654640d826f7b94f342c546a49fc98ee5e3002640b85be60c509fa0de0cebc,b9b9ac7ce4b485c3,train,train,3,3
001119,500,333,RGB,1.5015015015015014,4659578688431ef5e18cfda7a9c554cd4ff404c2cb82803c1e704b5f81fa5043,24a0c8c8e89491e0,train,val,1,1
001121,375,500,RGB,0.75,a315d13153c6c40e7f3042d504405d9cc809986467c4759eb2569382fb02faa8,b4f2f2692d959c1c,val,train,1,1
001124,500,326,RGB,1.5337423312883436,bb09bb2d90ba8fca971be492a6817a5c9310ee9c9a4efd388e5ed35bd7d7b3e7,5c50c4d1d0e07cce,val,train,2,1
001125,500,333,RGB,1.5015015015015014,11b82a788c57842bbaedc80f2990d3c45bc039af62cb3c7d969f7769f9a314ea,64b46e747e43939e,val,train,5,5
001127,500,375,RGB,1.3333333333333333,615d7f20603dfe6642e58722db975ddad46d0f8d3be9f1cee98fd817bed89082,b8d878cdcdcd8c5c,train,train,4,3
001129,500,270,RGB,1.8518518518518519,5f9686a7b5bf19b67f72d30740e1cc58f8c0b725bbcf7477c33492566c3be606,e3b89849b1a0c88c,train,train,3,3
001130,500,375,RGB,1.3333333333333333,ebf0fdd832db2e9f32b6940fe1ff93962e82472300bb5235db462ebb339089e4,0c3cb09ccd197c71,train,train,1,1
001136,500,500,RGB,1.0,f6d2c1bef6e90489b4a1f31b48a23c583b178abcbd82ee24a2f5b2cf952a4715,f0f0e89a9078d8d0,val,val,10,3
001137,500,333,RGB,1.5015015015015014,b4318756a713642cbe6302e2d19d0e5694555fb48246764f776e54082b4bd11d,3a9a5abca8eacacb,val,train,2,2
001140,375,500,RGB,0.75,75978e2c0cbfaf5ddb26dffc9bdc4500d4734272951d5d1f8f7d575f2b6e79a2,84c5add9c237337b,train,train,3,3
001142,500,375,RGB,1.3333333333333333,1f2b8f2ea4a79541a1eac70a9607a375438b2118187b73a9c623f13671137e6f,af777626c2c7c7c5,val,train,7,3
001143,375,500,RGB,0.75,cbd20604e8b45275638b4793c393e8865ab5c8c5ec4ffa36d92914b61b38b30f,bcd0d91bd1e2a129,val,val,1,1
001144,500,333,RGB,1.5015015015015014,64f2e4ddc11c33e9528653655357d13d40f362eb72e30b4aa3657a911cca1f45,7086e138c7851b26,val,val,1,1
001145,375,500,RGB,0.75,8ebda966a38c0e6f96a90796fe30380853122326f8cac92d4a595308f40246e8,4c8f8fc72f27ff8c,val,train,4,4
001147,500,333,RGB,1.5015015015015014,ee53eb0c6fea499c3875c6597a9bb318077a8cae5b075f47b440898ed3fc1f9f,aca52d252068424e,train,train,1,1
001148,500,375,RGB,1.3333333333333333,7b96164bd112d98ac37b1baeeb9a1e4809b027f56303539fc8789e7b7136aebd,ed73f3d3f1fcee6f,val,train,1,1
001149,500,375,RGB,1.3333333333333333,eb120654f150b16e0443da358bc1ddcdb995de9707bc2b0e7c0f2a9d3285b712,3c3cbf3f131331e4,val,train,3,3
001151,500,331,RGB,1.5105740181268883,d2217b7bd6e2b1d74cfe718f7ded82287ca9ba58284db77e60a85ccaab96af51,51d094d4e4d0dffc,train,train,3,3
001152,448,336,RGB,1.3333333333333333,f8f5901890e7c541458b9aa681f7dec9a265cef7adf96f96acfea44e2fea7d82,08000c0f2b2c2f2d,train,train,4,3
001154,500,375,RGB,1.3333333333333333,a27f6e2b29c3d57849028c54e982d5eae017f81195adb285b461c45947ba50d8,3860e9e9e9f0bee6,val,train,2,2
001156,500,399,RGB,1.2531328320802004,42b8a6f0f171930b6d85c83d55036875d917f6185c18876e09beaaeaf42bc373,d86062c1e87464da,train,train,1,1
001158,500,375,RGB,1.3333333333333333,68b2b9d11ac667dfb97fd698be7dd828d9991fd87eba65bd874b53c751c0fd15,f2c6e4e8b193b991,train,train,2,2
001160,500,333,RGB,1.5015015015015014,fd5fb62ec7c091382bd7d49fe4a1985a906ff657ba2fe8f7d5fa3bcab10ba08e,d9f1f3f391d1e1e1,val,val,1,1
001161,500,375,RGB,1.3333333333333333,556a6cec64aab1974ca4aff22d0a08b5509805e892b34e5f16300a0513d8537a,c8d1e0cd9cba78bc,val,val,1,1
001164,500,375,RGB,1.3333333333333333,ee4fc1d3d594303879d522a93e7625803bb7a9d17dcfd2e91d9812273e7f2349,ccccccacf8d0c6a1,val,train,9,9
001166,500,375,RGB,1.3333333333333333,852c60adc86e57ab747ec062640d205b834c0e41f9ffd99ffc85628fcc5974e4,e0e8e8e0f44cc4f0,val,train,1,1
001168,500,375,RGB,1.3333333333333333,8b8a19b1ed2a0066778572b44108053699cc99c95e31b987f4b7d4282f62bff6,0f36321a12189909,train,val,2,2
001170,500,375,RGB,1.3333333333333333,95ea4e1b2b81ed1ec803e34f3159b1a731e1e06b42069278572fa7a9d0062062,8ccc8d98dcd4b2b6,val,train,3,2
001171,500,331,RGB,1.5105740181268883,bc88248c9c01b6e918db2b77bc5602bcc222c61a90871bd34709128c9ac703fa,a6d999faf2c68e9a,train,val,4,4
001172,500,187,RGB,2.6737967914438503,94818e9af09306adee48989fe90795043eedf58eb687bb290656cfd8298fbbc1,d9e1831309097964,train,train,1,1
001174,500,375,RGB,1.3333333333333333,f07f37d4a25f2816f7769949f59b325fa7d52ac3aafd20e216a75ed1779fab5d,4e4fc7cf4f4f5761,train,train,5,4
001175,500,375,RGB,1.3333333333333333,db26cee2daae69cf377d7a0a3c9bb8d786142f53f81911d9bcfada69af7f1d83,8b8ccd2996e66441,val,val,3,2
001176,500,375,RGB,1.3333333333333333,8d0bcc147e5efedf109114e23dc990838fe818a48691a7161a454f13e01bdb1c,04036b6373736389,val,train,7,4
001182,500,375,RGB,1.3333333333333333,5dcd9d3d98f83b9466952235abfc1aafac5d6a2324341d4cfce360b952a7001f,c8bceb4046cecc60,train,train,2,2
001184,500,375,RGB,1.3333333333333333,cf5ebe6e4eebe9180eb1a1309d832b1bbbf16477c4c32a8641cc07523137117a,68707076756830b0,val,val,1,1
001185,500,375,RGB,1.3333333333333333,42f20bdde10b64f7e7b65e7a517adf9a2abfa0470934d2234e88ab0b8bdd9735,b819193e3a32141a,val,train,4,3
001186,375,500,RGB,0.75,be1e8810660bb2f7686585e5f554847b2fdf5df4c49c641bc64bae0aac8677df,654f3ce8b1b1b87c,val,train,2,2
001187,375,500,RGB,0.75,92893d3aa8487fc8fd1cb4a6a9c12a36cdfbc5a08a9a29a8ee48085e24ecb365,8088999918c18820,val,val,3,3
001191,500,375,RGB,1.3333333333333333,98bcebe2674f489a80f8b0bdf26ced63b659e45a54eb26b0bf26474cce0143fd,4a45e3dbe3343076,train,train,1,1
001192,500,375,RGB,1.3333333333333333,fe81b9a2c2d82ca6f03d115ce6e2d05c4a0dcb399ae21005dc028032a39365b7,9c9d949696f6e6cc,val,train,2,2
001194,500,375,RGB,1.3333333333333333,eb6bae84db8af2d37eb5b32c8ac2fea24060839608944c5c102dd10352c2ac72,f0f4f43cccc0c0d0,train,val,1,1
001199,500,375,RGB,1.3333333333333333,3a947abc901d93268f737f5d8f6e37e30ef8fb7f52f6077d812a608e87f3e880,b498ac28a8888d88,val,train,2,2
001200,500,339,RGB,1.4749262536873156,f0e242617b8ba5584180f764697f7312120bf8f3657219a76f31e44f03a70253,be3e371b1b6d4cf8,val,train,1,1
001201,500,333,RGB,1.5015015015015014,1c2c8eba1719e98179781de2beeca07bc17a926149529eab19b0cfe1315275c0,32e6ad6c6dcfc786,val,train,2,2
001203,350,240,RGB,1.4583333333333333,2fbfaa0500a1b72afbc5387a0942145b08c4ceef1f55cd9f792ae40e31eaf7e7,b9e5a5a6979badad,val,train,1,1
001204,500,375,RGB,1.3333333333333333,7a5eb0b046e89b07748a9285c61766ed02ce45ea5a56afaf2150e01cf96a5eb6,90988c8c86242133,train,train,3,1
001205,500,335,RGB,1.492537313432836,b0391aa6d5b1bbad1f942f4c2fb2bcd9a192c8b7f66c908155103c5c281b6f35,797970f07053597d,train,train,1,1
001206,500,375,RGB,1.3333333333333333,81a8c0336c6faa55f0c6e38cfb79aa5f074d579833d1681a459da05aa90fb1c8,8c0212520852162e,val,train,2,2
001207,500,375,RGB,1.3333333333333333,7d40e1e56510af0c4f0afd47247309f2f675555f038cdfdfb17671773967f91c,6d23386c76343b31,train,val,1,1
001209,500,375,RGB,1.3333333333333333,f41f4f8482a05a0ec97c01d90d576fb5986bcb1671cc07c0bd779766cc48e759,fcd8f2c8ca8cf0d8,train,train,1,1
001211,409,500,RGB,0.818,aebce26cc25e65609e6ceb2c4876b02df4c32dd25ce4c0206c618cec2b647412,ff7095940e2e9fbf,val,train,3,2
001212,500,375,RGB,1.3333333333333333,051ab4b8c4e423affd5556597b041aaa2127833998692c15b2ee86da971cede4,ca4fcefbe7f5f1d1,train,train,7,7
001214,500,375,RGB,1.3333333333333333,94a1374c07ac10175bde756dbeb997c8d8f1a3bdbafb9f067a178163054d0016,f0f2f2bab8b2e4e4,train,train,5,5
001215,500,375,RGB,1.3333333333333333,aaa44ec058b883cd392fd1dddc28a1158b3ac89960c5d2880bba96de0af3c66f,e0f292f2b2dcf0f0,val,train,1,1
001221,332,500,RGB,0.664,140b935a508c49c2e3e59007777bc630f8fa275347d508599af638f7a6f2045a,81292d2d2d070e58,val,val,3,2
001224,500,333,RGB,1.5015015015015014,d0501141d4ae682e658ba187061214774d9c5776e2891a90389e8a7744633ec5,4fcca6232d232400,val,train,10,9
001225,387,500,RGB,0.774,4b334b336bdb4c2fafcbc58515eb08b9f93dc9666a9a80ad094177648c451a7e,cfdbdbf3f1e9e8d5,val,train,1,1
001226,500,333,RGB,1.5015015015015014,ca98b0a91c44747e056ce073a445e872da874fcfa733a27a1c36b9abd71d2c0a,bbbc27e7c2a46879,train,train,1,1
001229,500,375,RGB,1.3333333333333333,4a187c85bb71a895a2384a740cc9afc74831001355756d8068ebb337a686f32d,f8786b6c44d49888,train,train,3,3
001230,500,399,RGB,1.2531328320802004,398971f9607be7e854c64b00eb1020de17110fd0700c6359fcac805c922fb002,3828020f0f0fc6ce,train,train,1,1
001231,500,375,RGB,1.3333333333333333,7718741b802469c8c032330462bea163426146888795384b69935e949ea46181,f4b090ed3374c8e3,val,val,3,3
001233,333,500,RGB,0.666,7584df296a0a138caab5a557e81742418e254c7c89b3b728395189924dfa0264,dcdc8c8e9c9cbeb6,val,train,1,1
001234,260,500,RGB,0.52,f0893005e549faba1d65518cd89c556a5ba58c61bf84392762bd1e3274cc0d3d,cc761251d3d16062,train,train,4,4
001236,500,399,RGB,1.2531328320802004,53f1a7d0cf60c44d06a47c24a48e7340f1f594f1b260e7124466211c681ca1ef,ecac3213530b97d1,val,val,2,2
001237,500,375,RGB,1.3333333333333333,a21eb8a1ba0971c68f3928cf23533500125a48375b61619e9115231afd7665d6,d1dcf0e678f9fc6e,train,val,1,1
001239,500,375,RGB,1.3333333333333333,1dd46f0e9fe415d3c7d3a023e1219b0b38039dcceb0ab0a17f7d5b43aee47bd3,f0250c9c860e0236,train,train,3,3
001240,500,375,RGB,1.3333333333333333,2a805a2382d5f737bff4c694f55f797670d7bac02c489756a8dad4207787f504,79cada3736383861,train,val,3,2
001241,375,500,RGB,0.75,3f4e3f2ed0ec914e599256cad2256aab867b008a2d2e92536f60286c1e71a6d1,8c4b3f47652c282b,val,train,8,5
001247,500,334,RGB,1.4970059880239521,2c16037304cfd8669106f09350660e06dbf7e20b0af08de69c422da4e55b5a43,3d7ddad99b186c66,val,train,1,1
001248,500,375,RGB,1.3333333333333333,b53962fe974dcf105185b2ebc200b73879c2dbaee3fb97f1ea2bec8d95281f81,25a5a68496c63139,train,train,10,8
001250,432,288,RGB,1.5,6eda54a58a5194486e101c4c43053b5fcbff32257635f8b646b5209350a6849b,ae3490a828a9e8ac,val,train,1,1
001254,500,332,RGB,1.5060240963855422,801e2adce20b393da470cb1f057b220db174b64de623edc917a1a6300b10d6a2,b8dcd65ce6e6e6e4,val,train,2,2
001258,500,375,RGB,1.3333333333333333,83051ebcc74a31fca64fc7f9af99a78b596aa22e22adee08f4db9221ae6b59fd,d2e51154b393cef0,train,val,2,1
001259,500,334,RGB,1.4970059880239521,92c2cc0e47b4b2ece71b2783803be44b0fea047ec59ef27ceb54ee5f9279f648,cdb170ac345ad898,val,train,3,3
001260,500,375,RGB,1.3333333333333333,57ba22c315503ed811961112edef1c3a23f522cb332757e374d028cfabdf67ec,b6d25abc9cd8f8f8,val,val,1,1
001263,500,375,RGB,1.3333333333333333,2d0fdf4d81e612cddadf373be71d7655d4f8559db5fb5b5b966321a2a4370b87,a8a8a998cce8a8b8,train,train,4,3
001265,327,500,RGB,0.654,569a43f9bbfa1b90ba95c29dc7f5e11c193cb2ae67da29dba623b19a0b97d004,cc07232397073964,val,train,1,1
001266,500,332,RGB,1.5060240963855422,2ecf2596a3222bd9ff715913b74bc115d7064c20d21bc1c7e5f7f1d741dbe6a3,e1e9d99c994c1e8a,val,train,3,3
001268,500,333,RGB,1.5015015015015014,57d904e1b83637f786c1d3d6e3ba00c1f4c9e858e58af6e23f65640d009f1108,944deeb6e92c9a60,train,train,2,2
001269,500,333,RGB,1.5015015015015014,9c1db7d0a799edfbc903b31b5bf6662ab974ab7db8579eecf093ba933e7f5b1b,d4f0ca1c8c9c8ec6,train,train,1,1
001270,500,357,RGB,1.4005602240896358,ac8eecf5d8f907fb9bbe1aa90394bc5de79ec10aaec1ca737bbdcdacfe4c4409,61615963273d4141,train,train,1,1
001272,500,414,RGB,1.2077294685990339,99f2f0647ecd17b27016a9d226debc030813169d587dc99d77b34a371b2d6e3f,000c0c18131a0a0e,val,train,3,3
001273,440,500,RGB,0.88,20c0b338e8e020ef58f4a966d5b5cfd0aa1af469e5c7927f5f7f81565cc6381f,c43833361c4ccd37,train,train,1,1
001274,375,500,RGB,0.75,dca86813ffdc92864fa2f4b8957bdf653ffb5d8cb2d37ba9b5f2533981ae1cd3,e4a0b0b98b8ead28,val,train,1,1
001277,500,332,RGB,1.5060240963855422,8505094ef4af97d3c439fc9fd0d3f7b8396af14d8f856bd185ba02f742ee2fab,2a01e1fc35313731,val,train,1,1
001279,375,500,RGB,0.75,a80bb565dfcff4de95f924f6df0d74cddaeb93ddc1fd215490e9c42e3fda0951,9b0f277e5a666ce0,train,val,4,3
001281,500,333,RGB,1.5015015015015014,138277e8c8399e59811b9a86a5f1d888d9ed3c9a9a3a9f604f102d5df3947f48,a54a5aa571c3e061,val,val,2,1
001284,500,375,RGB,1.3333333333333333,745547a9199c02c0ff650a8d2370cd3f5f5f5399af78103f297ede03972b77bb,842492d0585b63e5,val,train,6,6
001286,500,331,RGB,1.5105740181268883,b577ebb969e32b24a359baf8ce9fd0d8ab15e2b4dc3bd9ddd3804a5973c8fb0a,f8f951b56c8892d4,val,val,1,1
001287,500,401,RGB,1.2468827930174564,adfd70d09cc5daa5452a043c24a4f910c61b3f716672575eb850fee3e7a3a904,fe7caeeee2e190a4,train,train,2,2
001288,500,342,RGB,1.4619883040935673,d78b23b2ed9993c2367835898f8690e76e461f894233ead5d2e97a38f916f385,f7f5d9f3e5583397,val,train,3,3
001289,500,309,RGB,1.6181229773462784,3c3897a78cb9175a5c1d881b509569ba6f3b43a6820febdd808a4565d3cbd8f4,d8e8dcccccf0f0e0,val,train,1,1
001290,500,410,RGB,1.2195121951219512,02998df0047c1259416c0315fd3090b209247189e0551ead980426b9f8fc83ba,b676f82ccef2357a,val,train,1,1
001292,500,375,RGB,1.3333333333333333,ceaefe723bef059fd034d4aae59d7c0f0f4e46da8e643f9d7326592d60452068,746c3c7470f0f0f0,val,val,5,2
001293,500,492,RGB,1.016260162601626,30dfd52638fe281a0dbef1da56404b4e1b35ce1bbd5843533a9522b295d48523,e66363f3c1cb0b07,val,train,1,1
001294,500,375,RGB,1.3333333333333333,d13d53e846a684e1ff5dd415322ef8f69b52c8d3dc46b12aa59e28915230d606,c000d8d8f3f0e0c0,train,train,4,2
001298,500,375,RGB,1.3333333333333333,6cab3d5e8f46ad07e6ab463f87d0e44880e03378ae0575a2ca2cc918652d8548,f898686084e86ffc,val,train,4,4
001299,429,500,RGB,0.858,4d0ca93255ff3729b8e9d95f20e063a39a93902bc423e92a16f0975d389dd39c,1c89889fd75606dc,train,val,3,3
001304,333,500,RGB,0.666,cfded4867c9960d1b9f3546e05b6e5fdaf147a9a9b44b7922c0f4fe716353df8,74d5b5ad99b1f9b9,train,val,2,1
001309,348,500,RGB,0.696,2c0e553f2a2b9d9c8173d34f2a81d3c6ed4853a4021c1de4b5adf1d3b739b3e4,f1edca9696cec626,train,val,2,2
001310,500,375,RGB,1.3333333333333333,46fa6524715e959ca527a7b402d0e8df35da778a0a8aa27438947ddf6e8dda08,f1d0b27662a397c6,val,train,5,5
001311,500,319,RGB,1.567398119122257,f0b89c7dab1176a33e4568a5c21e713ced467652dddee7d19df9e8bbfc143644,78feb2b2aaefaecc,val,val,10,9
001312,500,375,RGB,1.3333333333333333,7aaaf0b006f1dd5e88c138a74e4fa975f0e8739720b3f7aff17109d6ad0a0d3e,f2f8d8be3e9c9b26,train,train,1,1
001314,500,333,RGB,1.5015015015015014,da1e15310efbcf79a0f520568a617bb1581b0b03ef5377ec4e12d3c52aeb1477,989c9c90581a3074,train,val,1,1
001315,300,400,RGB,0.75,7a7f66c82a9764c37761ae52cab44ef88d0e726de33eb4f0186885927bd08e5f,c9c9c9b1f0b4f0d2,train,val,2,1
001316,500,375,RGB,1.3333333333333333,53e56c91e20b369c8aad2fff94a37c4258d186dbac99a33a08899756613869f6,992670e0f4dcdbdf,val,val,1,1
001323,500,375,RGB,1.3333333333333333,4728c7af47f279682b39f2c090fb4f4482a03160db37ad76e901ebc22a23f167,cfb79bc9819721d8,train,train,1,1
001324,500,333,RGB,1.5015015015015014,1a720f8f27b40dd51de7b6d17fca3e824d6ff8efe6cc8042778bd1b9f4ecc238,97962627a3eb8383,val,train,2,2
001325,500,379,RGB,1.3192612137203166,29904d4170a1ef01102567c65c4808deba0c18afc4c8ab826f80def48fc0ddff,0302415057051647,train,train,9,8
001326,500,375,RGB,1.3333333333333333,38fed584025f490d122defe95af438ec9f5e2acbb91342af3c46cdbcc06799b1,6cfaa666e4624044,train,train,1,1
001327,375,500,RGB,0.75,c5726fa9ba7c81e24c348160ae769f1d48e0c0c08287a016d4e5ac7db50b4db5,22a2786ac2e0a458,train,train,1,1
001330,500,375,RGB,1.3333333333333333,93c09af33d9c3e698e750719f197259126bb188a9ea8e9129dd5d4dc96dc8ec9,80001076e82416fd,val,train,4,3
001332,375,500,RGB,0.75,69d84f4883f64ea141bb512050f3d1ed860bc12e2eebfd881986302670f81d15,c7493f6e67311976,train,train,1,1
001333,500,375,RGB,1.3333333333333333,a0dbefd43be03558bb6c876a4b672e5eacfc5ad8190102550d744dabb7e5c586,8d30b22f3c1ee6f9,train,train,3,3
001334,500,375,RGB,1.3333333333333333,7eb45c8a1620e392454865e220de47e7ae229c628e2156f53106d82a33f5f610,b436b7c9d77739e1,train,train,5,2
001337,318,480,RGB,0.6625,a93b0888a9d0892f090fd0f685291fb117537fa77a23a34a8aa2d7e6dc35db96,b0e0e29091cdcccd,val,train,2,2
001341,500,377,RGB,1.3262599469496021,bbca209f31f6b4d684d721b6d669b3db3a55a4504fffb029e1ebad3e3a2a3e45,e5d98f86c3cf1f93,val,train,1,1
001343,500,375,RGB,1.3333333333333333,67af0af976725fe589a0c953fc9287f845f557ef76e5e37b41cfab97c471901a,838391c969cdcdbf,val,train,5,4
001345,500,375,RGB,1.3333333333333333,4640ae3267d4082322d68bbf6406266cee51d99303c0e707dde5ca9e9be88943,be787eb6b6f2726a,train,train,3,3
001346,500,229,RGB,2.183406113537118,d4881447ceb2dcde1bcea2d4d09adf4ebcedefccddde0c1ec87efa8216dfdd32,70d9c8c8c9d8d4c6,train,train,3,3
001348,500,333,RGB,1.5015015015015014,54134df85b9b90dfb1aaa085c22291633945f60061c8c69718fc4fd34c324063,f8d8e8ecccd0ecf4,train,train,1,1
001350,500,375,RGB,1.3333333333333333,2a167f2a8ea6233280187306ab5d755c179c9dbe9e2c3f2f8354a5c41ca93334,d6d6d6d1c5b49c18,val,train,5,5
001352,500,276,RGB,1.8115942028985508,6b8db81ee7465f306497ba3941cc32bb3166dfca75ed1667bb4569780c2709e0,0281e1ccbcb7b1dc,val,train,35,26
001360,500,326,RGB,1.5337423312883436,0cf8f72a0bab9d47ba429c7aa8604a2642f58db73bc7f4442e78067b387f6fd2,8610874f69495f20,val,train,1,1
001361,500,333,RGB,1.5015015015015014,07b55022115f1b74c9a30296aa3c34a7ca5d554074a7085ebb7c5b61875f5414,e262e8e4a48086c5,val,train,1,1
001362,333,500,RGB,0.666,18e1d9253ea8e1d367ca27278b9e4388ba100b9075ce3b9d8dcc115b2abcedd5,13ecc181c8680f8e,val,train,2,1
001364,500,333,RGB,1.5015015015015014,0ab3539d7a592ee70f22a0888c1eca7a431a1cb6b1351fd38237f7d15f07215b,acebcfe3db230786,train,train,1,1
001365,500,331,RGB,1.5105740181268883,7d46a42167b62ac96a55bf671887d3cae8fd481d64c5ca9458249f998eb1c983,b8f8fcb0f392acc5,train,train,1,1
001371,500,375,RGB,1.3333333333333333,f24184eb5742658f7ba7c1539ecad3b75bfaf4060730cac7f4a9452bb8dff115,b0b0ffd161ce8c04,val,val,5,3
001375,500,410,RGB,1.2195121951219512,298d6a5a7d2c8d4300f6b5693b6ce2838c4bf34e7d73c2777f52328928aed189,2c2c2c3d18383e76,val,train,1,1
001378,383,500,RGB,0.766,5b64737930392dee7478b0cfd58e2496c72e76b2f1b8aa2bbc2ef9e8af8ea173,c8c2e3db99180e8d,train,val,2,1
001383,500,375,RGB,1.3333333333333333,f3f85f681d44904c23d2d5452df33fb0299c34ae00e17f364ae57b20e3d2f4b5,d9ded2d2d48485c0,val,train,1,1
001384,500,375,RGB,1.3333333333333333,111f877d804c78d167ad3838fc46e4a84ecc85fa9c21a6f013269a31f8278a26,3b9ab47cdc3cbc66,train,val,5,3
001385,500,332,RGB,1.5060240963855422,c063f9371593f6bd0eaf9914710545072ccd00469afbf6376a25ea94f5d80e2f,153530b1f0f00628,train,train,3,3
001386,500,375,RGB,1.3333333333333333,d3d911b136ea07a36f014bdc2859c048e92aa010bd63bf9113f4b440e6ba45da,9896d3633f552f1f,val,train,5,3
001387,375,500,RGB,0.75,aeab7458ff481d6dc0dd2c9b53da6315173593f0cc46c826807e0111e078535c,31244b8383a7e3c9,val,val,2,2
001388,500,414,RGB,1.2077294685990339,0462732acf6076ae353396db4eeab7fecd4262cf7fa943d73b8c84ea97aa96d1,c6f0e7d759c3eece,train,train,2,2
001390,500,333,RGB,1.5015015015015014,1c283a97bbe1094d97fb6fcb2ee829495c8ecb025b5d5e0d09ccc899ebeb7935,d4dcccc6c1c0f0f0,train,train,5,4
001393,500,375,RGB,1.3333333333333333,194cdd1b918252e48c31b29b6f87b0ff5fbc0260781d9fef88bbe1a4e1b847a7,f9b9396892f26675,train,train,12,10
001395,500,375,RGB,1.3333333333333333,a32c74156edb24f9992ba45c84ef5534066b36898f65329caafd904aeb1204ce,0f21e46c549160a4,train,train,1,1
001397,333,500,RGB,0.666,4d1152b8e65b23fc1a2cedb42fcef964f67098c2a9e5d92cdbf3e0d530ed44f5,ecf2cd27e398fc60,val,train,1,1
001400,375,500,RGB,0.75,16a97afeb0a18f8ec52343cf91d0315a8dfb70537298c9c834aaf7fef8010e81,29403b2927a5393a,val,train,1,1
001402,500,375,RGB,1.3333333333333333,a778345da98101e7b89abbd29942f5f7498c9bbe1dd770ee8870278149fd8a4a,83030202cb63e0c0,train,train,3,3
001404,500,375,RGB,1.3333333333333333,6c5cb63cfa76273dd9b9d7fcff3cd4eb369b94b56149cb23fcd0065356fe9d33,c8c969e161f030f0,train,train,1,1
001405,332,500,RGB,0.664,88cc8bf557e8a5760d46e4e52cb85b971dac5d816bc83a337cfa16cc5be4b36e,0e3642468e060646,train,train,2,2
001406,500,375,RGB,1.3333333333333333,90cf8fbc55c2694613f4d1d2e1844bd0517b1d1a79d2c198bafe9294fd8de36e,e8cc0cba7250b080,train,train,3,3
001408,333,500,RGB,0.666,ed4cfd0ab53ca8c38051732112d2604b97d75c37a29ed541665a542b73172e1b,6c686c60da9c1c91,train,train,6,6
001409,500,333,RGB,1.5015015015015014,8eccd307b9150f8cb54c9c71c206a59518dda29dd099c5f541dd1fa360045cca,59da46c6262f2727,train,val,3,3
001413,500,375,RGB,1.3333333333333333,450f46c847730f0f4611190949d26e2bca889f5f1ee9b95762ecc2f819f72b42,40e0c814353cace4,val,train,9,4
001414,500,375,RGB,1.3333333333333333,79e9131c0366bdcd0e7c06e4e8a6fd6e91cd1da20f36f0539eb8fc19cded01ce,9898b87cbaa9e6e4,train,val,6,4
001418,405,480,RGB,0.84375,d9770f668827dbdf9e74e080c794c81071b11f8ae03f93862ccfc5a033a0a864,fc34dcfcfcfc5c04,train,train,1,1
001420,500,332,RGB,1.5060240963855422,2b8a074708a6e3de9256402c46acbf6b72918e2111ea962f47879692cc68ea22,ee060f8f868696c8,train,train,3,3
001421,375,500,RGB,0.75,867b72356615d469260b5b59dca89f700ed1d42fb72133102dea57788d99ab5f,31a48a94d8e8acd2,train,val,4,2
001426,333,500,RGB,0.666,39bfe67f282840fce46176f0155402daff441c7eb34dc4c502dc2cd3ddd39c3b,d23a78b6b42b5c4c,train,val,5,2
001427,369,500,RGB,0.738,eb44a3344d2139d732bd7de48138870b51c448673b8963b8df241b1a6780ac05,953363072f0cf243,train,train,4,4
001430,500,375,RGB,1.3333333333333333,95c9ac139256f1eda0fbf6ff154032d21fdcdb8f9b71a20cf6b854e4690dad8b,dfcdc9dbcbad8943,val,train,7,6
001432,500,375,RGB,1.3333333333333333,54c84e530ae718904be86f1b8a9b87b480e63e0ec4f2f310490eac782e23ca29,65b899988f9e9ece,val,val,1,1
001434,500,332,RGB,1.5060240963855422,c25c6d05e13b0ccf8a5a7f17c33f6bb5e4d57a78e9215e179afcf1ce8c60bdc7,407058e4f1656490,train,val,4,4
001436,500,335,RGB,1.492537313432836,e403502090bb4b43fb177afc93e2f7f42c2b4501108bae757bb86071d98c33f7,f0f0b8f0f0f0f0e0,train,train,1,1
001439,375,500,RGB,0.75,081a6e9551b841c39b93abe10db35c46b47ab8782ba1b126026b90d90b1e6aee,f030626a669cf9f8,val,val,2,1
001441,500,376,RGB,1.3297872340425532,e4ad51a0292ec205840d1c9c951e300b0601ac94112bf6f4a97cdd3465805815,4f6f6e6e6a1b3a72,val,val,7,1
001442,500,333,RGB,1.5015015015015014,c2f5205ae2871564e56b5aa64cfe0ab6ec4ebd8b0313ea6914c72cdf91c40b7b,c0c0002230243e1f,train,train,1,1
001443,500,374,RGB,1.3368983957219251,672e69f7bbd5f446532884550a8cffea9fec03452267708877b2eaac72689062,742868fcd89abcbc,val,train,2,2
001444,500,375,RGB,1.3333333333333333,67eb78bffff0a51a4523536d1abb551128a398994215ee20cba73e470239d166,dc4c4c6c3c26b2f4,val,train,7,6
001445,500,375,RGB,1.3333333333333333,d5bbc1fe498cf98645261a6a7430034e18871548907641ce97183027f6cb4488,c8d678969cb3f2fc,val,train,6,5
001450,500,331,RGB,1.5105740181268883,441f5702e2fca8d7a38a14a5e4e36b0d7249b8d9abb6e7d553524d8223221e75,33785392b0ce0a31,train,train,2,2
001451,500,334,RGB,1.4970059880239521,8bb6243483eefdd832b3ad2856e43337366186da31df6edf5b4c4951d513a659,7c333b32c9c93c2e,train,train,6,5
001453,500,375,RGB,1.3333333333333333,1ab9a883bd93ce2a86ab687191a58ae46b214ff0bda8d332248e23d5a7b06adc,614222574d4bc71e,train,train,1,1
001455,500,374,RGB,1.3368983957219251,2ea65b095754746c606126a204be313ab45fc67793142248840fc63ad4b03884,341491cfcc868604,train,train,5,5
001457,500,375,RGB,1.3333333333333333,7a7a67180519f0342d71bf9a9189e3dbb838807c6f3ea037294b02bf7bac4553,e0e4c4dcc4e40c01,train,train,2,2
001460,500,333,RGB,1.5015015015015014,05fb6db9bbb84953819ae09faff9f94d420b9f11535f46f00826c40dd9369c9c,98d8dc9cdddde8d4,val,train,2,2
001463,500,375,RGB,1.3333333333333333,67a855c3350f7b7c50b977b5a778588e6d89491e54cae932c024aa535ba5b72d,d05058989898040c,val,train,2,1
001464,500,215,RGB,2.3255813953488373,2919e857ff351a14a2c4c4f855d93993adea98e0709bd385366322bbee40cc6d,a6cce2e627272634,val,val,37,25
001465,500,375,RGB,1.3333333333333333,8f46d4aa022f02a2a39697374960cae3dd7f4390d60e0b150ea6a1ef6ef03af7,8c64342c262791e3,val,train,8,7
001466,500,333,RGB,1.5015015015015014,0f8eb39fae1d8bb0f1a809a96aea6f89980fe54534cf44fa5f35c7f47d57b51a,c007332be8e7dae8,val,val,1,1
001467,500,375,RGB,1.3333333333333333,36bbb215811d34eaebafa8c78f97f22a2bc83e9ff76b9cc87727e35912eb8155,06f8bac20dfdf028,val,train,1,1
001468,400,267,RGB,1.4981273408239701,77619d1a29504f4c1ac80f0d93607271f9a1dfafa2acfc9f7feb7906485fa78a,81014cc84b4c0c9a,train,train,3,3
001470,500,375,RGB,1.3333333333333333,35c4f9a89400ed9ff0021d8396aaf83ce4f4d01a121819b362c098003358d9d2,1d60606333bfa3e3,train,val,1,1
001472,500,375,RGB,1.3333333333333333,55d63a70e82f23e6cec9876f33af2cbccd1982b957062a70a0e27316164ccc0c,ca36590d0a12130f,val,train,19,12
001475,500,362,RGB,1.3812154696132597,9aa50c77e076a78af1945e74bf32d2e4d89e8693b4dae204d5d959862f71b7d9,9cd273eb43c953d3,val,val,2,2
001479,500,375,RGB,1.3333333333333333,3b1d0f3e2258719c74d31a9fa7747bce7efa45830947787bcd901a21887796ad,e062c8c9d8beb4f0,train,train,2,1
001480,500,376,RGB,1.3297872340425532,ed445aa288a7e77ccdac28eb740ef90667f4db480694b51ee5c32ed6031eecbf,a77795b93aace88c,train,val,5,3
001481,500,375,RGB,1.3333333333333333,81ff29424930ef397c7fe96820b61ee488aea62da6e3dfc45488053d09ef1a54,e88618101111a4b0,val,train,1,1
001483,500,333,RGB,1.5015015015015014,03b39495606c0165f643115578f86a1858c70b822927535e7ddcdd1640259df9,d9d1d9d5d9d9494c,train,train,2,2
001484,476,300,RGB,1.5866666666666667,0c24a67ed01ba9a9cb3ddd9ec44af27f54e7d54e6b5a82df4d7d2b24e09658de,f818f8cadefcecf0,val,train,2,1
001485,500,333,RGB,1.5015015015015014,93cbcd4b11207f5f023839f4ad4a4131f21195180f089e1ebc8f2a9243e6bca7,98191b1e1c1c1f6c,train,train,3,3
001486,500,375,RGB,1.3333333333333333,63565da173d1eb2e35a07c396dd4057d7c9724021f33ebb0b3099324d88dc37f,6469491f1c98c146,train,val,1,1
001488,500,333,RGB,1.5015015015015014,b975ed49f413c4de0cd13b11150346e02dd585c99125f064e52d1b3ba47cbf14,d0003809e20015b7,train,train,1,1
001490,500,333,RGB,1.5015015015015014,775bfa1b427516d0dbe56b67bf81029cab7cca0c8e4950bea02ce5b2ed8c4f99,c5d59a0e0ccedeb2,val,train,3,3
001492,500,334,RGB,1.4970059880239521,04265a75499d9d79389c7e4df0305c489f9a9730dcf68fd5f313710aee0b20da,ade3e5bce6f6cc8f,train,val,5,3
001493,500,375,RGB,1.3333333333333333,288e74994021150894362a504b18c40be12e24fdb07ceb8647a3ce100864add1,f0f3db1133333236,val,train,5,5
001494,500,375,RGB,1.3333333333333333,e13c2e810c4619f920a4dfef568149e4084ce8f9e8cc42617d13d44c6a795967,006920c58c2b078f,train,train,1,1
001497,500,375,RGB,1.3333333333333333,6f55dc1253170154aba176a3451a1ef2ae405f82c71da9c534dac1ecde4c5865,568e913107222c59,val,train,8,6
001498,375,500,RGB,0.75,4af68cd3ee1fed264d3d4cec0349f32450ea1393875a58654ced0181c7dfc7ff,393131707cbe9272,train,train,2,1
001499,500,375,RGB,1.3333333333333333,6c640c01908d2d6578bc0b9f5799596ee9416c4461f5bbb84cd325b78764add7,f0ce80c8d8d16470,train,train,3,1
001501,500,374,RGB,1.3368983957219251,b15173272bf1ebfea7e39b86a9fb6f4f715c405de6003a7c29b5cb20180ce16c,d2b2b2f272c20070,train,train,2,2
001504,375,500,RGB,0.75,4f95af82d0f08504e808de68066517c0c63a6079590ca438675a8687fbe76dc6,0f7b8c8d968c8e8f,train,train,3,3
001509,315,500,RGB,0.63,76984760fa91e703c15f063bf1dcd504ff38df48552b8f3e14f0dfc92bb07dac,5b3b32121b0f896b,val,val,1,1
001510,500,375,RGB,1.3333333333333333,1f515bc1234ef9b65d796ab71095a8cf53cec97a6041fd533eca6db9aa297d35,cdc594b7eed024a8,val,train,4,3
001512,500,333,RGB,1.5015015015015014,3aaa2491480e3795c406cc3186128d027dcaff83d31312c97d6dfc52cb73c5e6,64e1f2f0f0dc6c6e,train,train,1,1
001514,500,333,RGB,1.5015015015015014,5f1fdcd8a8954c469bc031d76a938dee76b69bface72a8f5076fd2c65e8f6751,3c980c6cd6d382c2,val,train,3,2
001515,409,500,RGB,0.818,00c363408b88b0d77b0570c9e53095dce4feafa1b7fe283341887f639706940d,583a2c2e97174746,train,train,1,1
001517,500,375,RGB,1.3333333333333333,e0e384907453bae995092b94bb56d8af69ad741327dc049c0e3af7fed2b0f16b,33e0785ae7c6d0d8,train,val,2,1
001521,375,500,RGB,0.75,ea6c0df94ec9a860cc53374bf43b3d29f1ed20b901c9dc836948064ec51b40f9,c0640ccc9999a533,train,train,3,2
001522,500,375,RGB,1.3333333333333333,dc84a27cf65c3840b6cee7546f02fe93cd72ed62d088a47b52c57d8f38190495,4c046464e52aa884,val,train,2,2
001523,500,375,RGB,1.3333333333333333,ed3fb68c73c25c7d68e940dbc3dfe966ccfd1530caa2fcae2e243a2e332ab7bf,f0f87c6c6c6d7b9a,val,val,2,2
001524,500,370,RGB,1.3513513513513513,a2113cf38ab7a4555221119325d0631c03defc670812553a83904c088716e5fe,e0c4b696949696c1,train,train,3,3
001526,500,298,RGB,1.6778523489932886,e74ece1ffc80e6e6d3dffba6d067f2c4472362476a568e004b43bb3b365aa64f,7355856b6d2d2b2b,train,val,5,5
001528,383,500,RGB,0.766,87215667a0015e0b26cce58f0c174602e84cded250fc1f91bb3582228c9648cd,70929e8f81b02d6e,train,train,1,1
001529,500,375,RGB,1.3333333333333333,c8bbb64713b690750acb8db89c20ce122780f891c850f06074d54b31815de212,6c6c666f45670616,train,train,3,3
001531,500,375,RGB,1.3333333333333333,214a064479a72d859f5e5f9e77d5f7f91abebb9a060af3db92b34be207e6644f,f8d2b1b1d1b5b593,val,train,4,3
001532,425,340,RGB,1.25,e9fabdd668f5af98ae808e040d5849f070ba2cf92143b1aaadc4e4e1c20df3db,e0a0f0fae0f0e0e0,train,train,10,5
001536,500,375,RGB,1.3333333333333333,b1e35d704874490f1d71f5b1c7180b370f1ee7bb283ebd7e9ee2880c70d8b258,e0f8d0e1e9c9bbc7,val,train,2,2
001537,500,332,RGB,1.5060240963855422,7f72d88f6bf54167c766b22a418d3a559bab72b351bf632b830208f28fd3626c,6ecececcd7f7f5cc,val,train,4,3
001539,500,375,RGB,1.3333333333333333,9ab1fbf8bd21782a9d6d2ad65c7782393112eb985097c5841cd4bd1ff2b43d11,0747576e7ede9cb4,train,train,1,1
001541,500,332,RGB,1.5060240963855422,8fda3cfe31faafe0b902da3ba6c8e9c9ddf2fa40415130b15dcaa3e0c8eb97d6,06e63ebfe6676fdf,val,val,1,1
001543,500,375,RGB,1.3333333333333333,4ad6e25bd3e8744a6937092aa91ce1bfe3c41124425aebe4f1abe86d1d04b607,eca4a44d49467574,val,train,2,2
001544,500,375,RGB,1.3333333333333333,0d7492422a9d221e008e04a7551bb1fbee40ee2e95d185ad9880c8a2f0dc9db3,61f2dae2e2e0a128,val,train,1,1
001545,500,375,RGB,1.3333333333333333,4bbcfa0f4b7b881554bb83b7e16b30effcafd5c93ec5fb4cf33b4fd86bcf957b,000000308fcd1304,val,train,1,1
001548,500,375,RGB,1.3333333333333333,44c71e616abb4e44cb1f5601dde038e12c6fb536803d93529a5ae036357725fe,f2f2f2d09a8e8405,train,train,3,1
001553,500,387,RGB,1.2919896640826873,a6e83eaf82dbf460a5a638f74f69be476818cc8d5c1a33693c492f8ab7a13bbc,0f3bcfd6775efc7c,val,train,2,2
001554,500,375,RGB,1.3333333333333333,f3f5cb1113c50baf491a681413a3bec578317f08d753933055fae81cf5c5523f,12b3c3a6a4f870f0,val,val,2,2
001555,500,375,RGB,1.3333333333333333,042e964a708456cceb0f50e24a1ffefb00ebc82a6aad54be153576e98610a150,426019c898c1e0d6,train,train,1,1
001556,500,332,RGB,1.5060240963855422,e67bf3478183b67133459eb8f61728cce19f72ad2d25e0099aa3b64515f330e2,eb3b3b292b63e1e3,train,val,2,2
001557,500,139,RGB,3.597122302158273,4da81f89079a12e5f4222b5db6ebe8ae777ed5feede47bb88dd8223d6b61773f,f4dcf6b6980ac9e0,train,train,2,2
001559,360,480,RGB,0.75,e6bc3c467724c188918690cac03af1d5d7d3db8e7a5085d6ef27c7ee4666f108,c8c8e0c09cb0624f,train,train,3,2
001561,500,375,RGB,1.3333333333333333,486032b6b2a9f0a379a0d8cbc276ecefa3f0db44a137007375f006662c8b4496,c9412524d5a7a7ef,val,train,5,5
001563,500,333,RGB,1.5015015015015014,bbdceac9529475b7a6b4480750ec144d52235cd8245d583094dfa6a621946d93,ef9c4d67661ce3e1,train,train,11,8
001565,500,332,RGB,1.5060240963855422,4f727c06d021acc516101b966d7cffdcee39ea04eb0265384cc2e505be1fd85e,c19e38da97761f27,val,train,2,2
001571,500,331,RGB,1.5105740181268883,2c77fd12192d471882d249f5cad1888a40b4f1eb1fbd15fbf2e9ccf172afd193,41656749614141c2,val,train,4,3
001576,500,375,RGB,1.3333333333333333,f0ceb89e39defdb8f8e1f1ff77ccb31f91475a5f53323a33898254bf5a3a1828,f8fc9cc6c592b6e8,train,train,1,1
001577,500,375,RGB,1.3333333333333333,5e5f188b532337e61e69b4e3c2cd9383e92eee30ecdb33e4de8d81569414b305,6d6c64c6bc3aeee4,val,val,10,7
001579,375,500,RGB,0.75,56033afc41d19a3e2c1ad1a7bdd08beac60275e7c4fd1c7f21209baa70e51d20,4ec8366ece8c9dc7,train,train,4,4
001580,500,375,RGB,1.3333333333333333,60f4104715ec4f3787db994978c891cb1257b94ee5df84731c0dbb857795a27e,333361d9c9d47464,train,train,6,4
001582,500,375,RGB,1.3333333333333333,444994fc4a5b74ef84dfd331eb77706e43d31f81b748b4195c4bacac5e156584,6cebf07bf3b8bab1,val,train,2,2
001586,480,398,RGB,1.2060301507537687,dcabdc84c25b0782afec6923e98563e7a3c5aff0a242340b1b303306e6ca4d05,c3842cecc28b8595,train,val,2,2
001588,500,333,RGB,1.5015015015015014,68817ea01256d03cd336e5543c631eadee09b5dc9dbd35923fccafb10509812c,6b635333f070f8f0,val,train,3,3
001590,375,500,RGB,0.75,0d4ab0a674d2490f20ca135bd86bfa1028da43961879438cb47c46f18001532b,e5fffbfbc7c7969c,train,train,2,2
001593,423,500,RGB,0.846,a46c1ce6e3e99a536cdbe5ebde52c175c562be18351a8ce3f572af27d21c1ff6,43404844444c4dc7,train,val,7,5
001594,500,333,RGB,1.5015015015015014,588514eeee1a293270e599ae9e0a532004731976c05bc2f753eba8d2d0f29d15,e6e6e2e3c3e3f0f0,train,train,7,6
001595,500,375,RGB,1.3333333333333333,ed3539bfb5601b3af6b6209679a9c1545d217893b70c7390ad19fcad3bc50412,80e06466b31921e0,val,train,2,2
001597,500,375,RGB,1.3333333333333333,80d1f2c038e39b7556df67722c3f619cbc0798bed3bf507ab0b22ce783869cbf,c6dc65244cca6c6c,train,train,1,1
001598,500,333,RGB,1.5015015015015014,de920392ec2a04095a2273c664c8f0e12e10ea24964c208b0ae9385991be769f,e0b080e848ace8e0,val,train,15,5
001603,500,333,RGB,1.5015015015015014,0100418132059991efd4ffe163646ea71142ac0530c4667c4225e8c51c3c2b3c,ff93adfad2f27cc8,val,train,6,4
001604,500,375,RGB,1.3333333333333333,0d468eb6e4da7ebc61440b1aa3e2f37adb3530bbec10abcfd1f4cf122164469f,e3e3bce24a15c180,train,train,4,3
001607,500,375,RGB,1.3333333333333333,8a285697b9c620ef3872957fdc02ef91b271a21dcbdc19cd2e133c15d905fa3c,7e7b793038210723,train,train,1,1
001608,500,375,RGB,1.3333333333333333,4cf7098090bcc6cf4149bf66341d8b3920845fb2d05908a16f8893a30d2dc63e,306664646460f0f1,val,train,1,1
001610,500,375,RGB,1.3333333333333333,a86f4410104d348297ffa761fbcedcb860b9b08131a0da3d1e2027ee08b9f285,ce569e9e7e1e7efa,train,val,1,1
001611,495,500,RGB,0.99,418107cbe7b44ea729fa2ca565562105f7822a1b1098ae2e0c274e195fe31636,a0b02293b3a39189,train,train,2,2
001612,500,333,RGB,1.5015015015015014,1d607860802518c0c82e72a913d7bdd87e2603a24f752bd2ccb029b2f6b03023,c080591999de1eaf,train,train,1,1
001614,500,375,RGB,1.3333333333333333,571c0bc799c388d22b0075c800c551a6cf67c95a93b53307a234c246abea01af,ec4b9b98982c2918,val,val,4,4
001617,500,331,RGB,1.5105740181268883,2f66fb273519f073fc5ccb53fdf0ce71e9bd38d6c023e869217b02decc023211,c4a9ebc94bca8c0e,val,train,8,7
001618,500,333,RGB,1.5015015015015014,54600e9e5bd5f389690dedec8c9569d24ff0b24526c5df81737d8a98b8c0f53d,7cf1cf0f713d21e5,val,train,1,1
001622,375,500,RGB,0.75,90bdff88d3601d9bec5f8aa1a9416286666b61368049863ac6a3bb4325024d5b,f8dbd796c67767c7,train,train,7,3
001627,375,500,RGB,0.75,9846cbe3c9e285de78b6c468b1ec5232fe8c7d87c2c17aee63d0590704708852,d6954d6d6dcf0e23,train,val,1,1
001628,480,394,RGB,1.218274111675127,24fdb62346423cea2f9f3759c62908e6cedc19e2b316043bf6ffeb973064ae3a,092b9e171bab2f3e,val,train,2,2
001630,375,500,RGB,0.75,ba35ef8f706eb6b546580ef4de028aa7a11796c5017d4c4659bbb5997d0d4878,f9e616b6a7870ba3,train,val,7,7
001632,500,375,RGB,1.3333333333333333,b474fb7ea70ab70fd47f18a82dd5b95946c5045cbc3f929834fac94493dd339a,bbbbbe3e33333595,val,train,1,1
001633,500,375,RGB,1.3333333333333333,ce3e9d09ac1f331b7a9ac2f012203145e2dbcc2a0abb2c71808df8119d9e695c,5252f2c28e87cfcf,train,train,3,3
001636,500,375,RGB,1.3333333333333333,58bb5228d3bad5e771096ab78354eaf90ff52d94b71964e0c58d4beb3879a8e9,10546d633ef8e00a,train,train,1,1
001638,500,333,RGB,1.5015015015015014,f9d8c8db9e8c8d8882640a91475283ef95fb44a08d0a1b7b1eb380e702b5df67,e3d3a6ac4ce86032,val,train,1,1
001640,500,375,RGB,1.3333333333333333,1021b8dc80ce5d705e38f63f3e888878431f0301ddb736cb647f137914905cdc,0e131339393939b1,val,train,5,4
001642,381,463,RGB,0.8228941684665226,a7629d2b8d95ceb96c33f3f75ec250bdd77f0146e5baffe75f52fab598561677,85cb6b697060648c,val,train,1,1
001643,500,333,RGB,1.5015015015015014,60c7515c1ddac3b7311249d910feea02fa2a7dc4be0146bba8be37bb4b2e14de,6f6667e57d7dd9f3,train,train,2,1
001647,375,500,RGB,0.75,4635a75251593f920f7873c32494cfa5afd0e046afac2cff344fe15175da519c,0001008082c4c4c8,val,train,1,1
001649,444,500,RGB,0.888,55281682c6b36a7707209924efec75d7ba3f874ae8f763c465edb6253f52d31f,9b6373c185fdd2f2,train,val,2,1
001650,500,333,RGB,1.5015015015015014,f6390ba501edfb7e04a394788d202f6c9f3a870e637c0bf0a383caf3dbf49e8c,e0f0b0903871e1e1,train,train,3,3
001651,375,500,RGB,0.75,e7019eb1607eed19c6efe0727144df9adbb057862cf92a7cf3cc6af0249819af,f1f4f3fb5c0d0d2b,train,train,2,2
001653,500,375,RGB,1.3333333333333333,af4e1909a4d3025b9517b6850d8d57afc485af71664733a8a87564d90c85c652,b9b233959537ec9a,val,train,2,2
001654,500,375,RGB,1.3333333333333333,dc72892d81176967e7cf829a27a605c92c68918e0c5a518ea7244c6343c9887c,1078c092a89080e0,train,train,13,7
001661,500,375,RGB,1.3333333333333333,1dfe4e6309c01685a5ec0296802df18e54f7a9eda34d96e3713b96d636536f3b,1c1c3cbebe9d8ddc,train,val,1,1
001662,500,375,RGB,1.3333333333333333,e2e900365a86423b8a29e56990a075cac4bc77f77688e2f3e591b9e9c712b143,dcd8ea184b0f3444,train,train,1,1
001669,375,500,RGB,0.75,d2183bf7c3e18050f5e48f4bd4a8ba54069e29720e57dd74d842cef1c1013efd,accef3fb7cf48e8f,train,train,1,1
001673,500,375,RGB,1.3333333333333333,f934fa1a8cb547643c53a25855c12dbc722645ebc7a211db83e53ffdd96c1f94,0380c0e0e16148a0,train,train,2,2
001675,500,333,RGB,1.5015015015015014,b637c626b127d5af16bd1fe5e69ecafc444e28825c357226b07548a10d26a15a,91d2a37b5b5b782c,val,val,1,1
001676,500,236,RGB,2.1186440677966103,5d7f9b675aa7bd32f13b469327dddb9d2ec4653e76b4560fb190634f229817aa,4e4fc3d8bcb54413,train,val,1,1
001677,500,375,RGB,1.3333333333333333,df37d10ff077b637d737638785dd7e4ceb25fc37a8df1ca3ffda36d370e91827,70545c4c55453c2c,val,train,2,2
001678,500,333,RGB,1.5015015015015014,5fef90a659b685f671a953300f8cb2d6267ff8ef0c0cb3ff95b1a24c24edc7c7,b2b0b9a99d95cc4d,val,train,6,3
001680,375,500,RGB,0.75,271331add7c9789ce02ee4ea10c7eadbc6955695c4aac2f405f86a28d3190fee,b1ccc783878f9f86,train,train,1,1
001682,500,333,RGB,1.5015015015015014,10faed7191a60381b0e5bf2ecbb40d5bb41959bec8d3a9121186364c51e0b506,c8d430535b239999,val,train,3,3
001683,500,375,RGB,1.3333333333333333,13252a373db9a09fb8f783e7764fbaf020cd90ed767736d3374eb18dbfa5451a,ec787af6e6a3e3e8,train,train,6,6
001684,500,422,RGB,1.1848341232227488,430b57c3f29768100fbf9169c96acd68f367b3f5e3e99de3c86e828ffe2baf77,53515189bd1c15bb,train,train,1,1
001685,500,375,RGB,1.3333333333333333,936717a220f2565d2e1778c78b250f718d0b6d66916d64903ad78677c1b6e2ba,3333636365656363,val,train,2,2
001686,375,500,RGB,0.75,6d90d7277892a417e322d4e12376880d0255bc8f75e5c8f94501f9e0e7a200e7,bcb9251519dbd958,val,train,1,1
001688,500,375,RGB,1.3333333333333333,00f3aab53c465728077c2249698368047013040da152203b4287294a970d7d35,4958f270d9d9e9e0,train,train,1,1
001689,375,500,RGB,0.75,e2e27e5d570b3687488783689868b0de013d586ed9df02bed2abae1111580fe2,064e4e4e8cc549c9,val,val,3,3
001690,500,332,RGB,1.5060240963855422,19843531420a07af4b482e01f276647ef93315199737c1c0cfe6fbb3b152bc7a,d9cc8cccc4b43489,train,train,2,2
001691,500,375,RGB,1.3333333333333333,d5e689e2d37a8cd2846b705cbb5cf467e9a5db18485396991a24ea6546714df7,6268bc1f0d0406e2,val,train,15,15
001693,500,333,RGB,1.5015015015015014,e96a386f07049af17cdc36df34f834ef7424b2a7c96ecee5febc4932bad4e18f,b1313118c8480e84,val,train,1,1
001699,500,332,RGB,1.5060240963855422,f32a890cc713655e0a16bf04e65853bd0b6524b8c2f7911af8b46698f9b58bf3,9eafdae8ad6c6c6c,train,train,2,2
001707,426,500,RGB,0.852,eda164cac403ffa3284d34bb42929c8934ae765bf5dd1fe443bee84e4b6818e3,d3cbc3c3c6cfdfc3,train,train,1,1
001708,500,369,RGB,1.3550135501355014,dec9b3b8caacc74ce53c17a678ecf58ff3c2621c0e7c667ead4eef7cdfa26158,f0e0ccb424c8f0e8,train,train,1,1
001711,500,375,RGB,1.3333333333333333,2a47b8bc9ffa0a49b79d0aa8466782bfd4ba05df4fc7ae8ba4361eda0a900dc3,ac2dc8c95b3b6373,train,train,8,7
001713,500,435,RGB,1.1494252873563218,b830f50efd5012c50bbfc2909db98f939ff290c0f4a993067c25bc135e3ed5cf,bcde364253368434,train,train,1,1
001714,332,500,RGB,0.664,b2dba7a83416f73f8bd50f5fd9b6e01e3cbf531d244b111a886c0a61b4dcd547,4c139f9c31b2c8c4,train,train,1,1
001717,500,404,RGB,1.2376237623762376,66125e73008f9ef6b0f8b3e4a89a59f402e7f0136b4e6653492135e16d07e0d6,d8ec4c593a5a7a3a,train,train,4,4
001718,500,333,RGB,1.5015015015015014,021b04fee41e9a199ce28a0c51488591014e989f5b14573518ad586814a65e66,f1e9e1e0b296868f,val,train,1,1
001721,500,341,RGB,1.466275659824047,abcaf9be1d15852f1d0e5a49250189c4695bf71569b2108072614cd478ad5da9,c8dcdc9cd2c9c8eb,train,val,5,3
001723,333,500,RGB,0.666,c713a6bc3765d795a7cab8dc30d8bb3c8d0413d2ae84b280f60f3fcfb6187443,2ced8f0f8b9516e3,train,train,2,2
001724,275,315,RGB,0.873015873015873,964655ff9d6b9537142f41e20d93398effaea0602975d99e17c0107c042f70e0,58c6868e8b960606,val,val,1,1
001725,375,500,RGB,0.75,f30c1677b41a998e4279417c1dc8987d7628857af852653389074e37d2b1c875,915b997851919080,val,train,4,4
001726,500,375,RGB,1.3333333333333333,3646a05e07fa857d017ad9d3f06de6177a540bcc3c3e7bad0224aea6ce049acc,f486f07ecdfb63cf,val,train,4,2
001727,480,318,RGB,1.509433962264151,a9604cd2c6e795545d4610107bd461ad8c678ab4ea9ac5c26807f722a2c105ba,da5a32f2f86cbd9d,val,val,4,2
001729,500,333,RGB,1.5015015015015014,8ad4bee3b5d5d611674a3b7f930fbf4a8ded7500d86075084567676a826df22c,9c8ca549ccdc6df1,train,val,6,5
001730,500,375,RGB,1.3333333333333333,11c7b6197148aeedea64d8d54fe6441e76bd93790ef88a31863dd01316933658,8dad2d871d1d9d19,val,val,3,3
001732,500,332,RGB,1.5060240963855422,b00c0a6fe8687b1fb314e9fa8c550c0183291028a8f7a68c55ede392d4d5136b,9ec8d6b2d9f5e1f8,train,val,9,5
001733,500,500,RGB,1.0,bfb2772e49950c6de1b6c66deab9e9eb97dd5c8c73989a9386bdc95ed58e9c45,f0f0f0f8fcecf8f8,train,val,19,3
001734,500,375,RGB,1.3333333333333333,edf046e7f491052fd1542e279ed40fdd11953145381e5ea781c055c77e1c9b58,403083070d3c38e0,train,train,1,1
001738,500,375,RGB,1.3333333333333333,417ccf98bc45a58d79f40f1c1646093cd382148f10acfa1a0cb5a4411aacfb85,c6c6d8083c3c32f2,train,val,1,1
001739,333,500,RGB,0.666,378b2248d30a6231873deb7b90a87f9ff47d6ee56cf45effd7d872ab609b24ca,8e9e3d1d0d3b3a3a,train,train,1,1
001741,400,254,RGB,1.5748031496062993,c56a3bcf35d204ce468f5965cef4a3c1611509deb8743e48140d1a8bf963d3d3,fae5f11048c87824,train,train,2,2
001746,500,375,RGB,1.3333333333333333,f43a713682f6dc91b0d5e30852b76b90952beb58753e9ba9cf2888de611e3710,61e8ec74f686e8e8,val,train,3,2
001747,500,375,RGB,1.3333333333333333,fb2642fc37f9a816343926c5dbd0f53e27d7dfe86f1d41be52416c8586fc4ed0,310ab9b1d9993829,val,train,1,1
001749,375,500,RGB,0.75,735126b288e53f17ecc31b5eb7ceef6dfd5035dfd70e0f59887bdce4ef94096e,6d6573b4ee79f3cf,val,val,1,1
001750,500,333,RGB,1.5015015015015014,6976598d39b4baf1a7258cae2a8798230ed32296f583315114538d8affc0fed3,d2d8b0a6b6d8c6a0,train,val,9,9
001752,375,500,RGB,0.75,c60f94311ed83a3fb1debd4c3b2dda1932c1417e1fee6ec894a5cfe6371f14f7,86c0f0faf0f07132,train,train,1,1
001754,375,500,RGB,0.75,fc33b9adf1b1c52a747324766fcddf994eb86f9d9bc36ebb23e94256c8e44638,1e1c3c7d3d315672,train,train,4,3
001755,500,333,RGB,1.5015015015015014,48beca4acf0a5014f5b009fcb0c839acafa621f4465b64ca2a389259f39946da,24c4c808b03a7a4f,val,train,2,1
001756,375,500,RGB,0.75,11430c1965075752d5322e859cb4b4bfac5649bcf5efbab3c96ad17ca82435d5,b9b1a9c141c97676,val,train,6,3
001758,374,500,RGB,0.748,c1ec1ef3d0db1e8c59a9de7c38add4741979959db9b50ae41c0f2e5194075558,3ea6a28c66669cb0,train,val,2,1
001759,500,375,RGB,1.3333333333333333,135785b043571dbd3bc4189c48bdb8a1e7f170e4a0be8667cd9052efa556858c,b676a68f9bdba7ab,train,val,4,4
001761,500,333,RGB,1.5015015015015014,286f0949a00c2f4ada7b94784f85e64df751734e439ba51571a9299bcbb148fd,199f3cf047093938,train,train,1,1
001765,500,375,RGB,1.3333333333333333,3dd774edd6824e2cd912d6923e155625434c2669477bf859089f7561d7455cb7,190707052b614991,train,train,1,1
001766,500,375,RGB,1.3333333333333333,47c9df6bdea5d3dd8ae92dd43afd0cc5363cb2b6dcb8213469462a874ec79627,5b9f1381143e2cbc,train,train,13,12
001768,375,500,RGB,0.75,af6bd015d664c7258569852670eba0cc1e9bd0bc758a418f745ab883689124ce,9e8ee232820200f0,train,train,1,1
001771,500,375,RGB,1.3333333333333333,a7d73e8c008df8a72971f31ae82d5813eb8d1abd6bc57c43f17a8257cf50739b,a62639b9e4e6650b,val,train,3,3
001772,374,500,RGB,0.748,fb35fb21672d2f14d7ebc24905fe3965bce394ceb7977f348a9bc76691a2d252,5492ae2b03f80f07,val,val,1,1
001775,500,333,RGB,1.5015015015015014,eb7af1c2d020f3afc7d7317186e336cad6e719305f949e9d12a3fb8cb5483eb0,333391858a0c4d21,val,train,2,2
001777,500,334,RGB,1.4970059880239521,091135f10567ae8ce922fafd2757c7fce43efd57a157056e641cd18f9010f715,bb5a50b1f1c52d36,train,train,7,3
001778,500,375,RGB,1.3333333333333333,130ef566d3bfb527445c0fb4db2f9e7728470e5edf92dc679608d8b9a0263c5e,18b8f4e06c6460b0,val,train,1,1
001780,500,333,RGB,1.5015015015015014,0845a249941869e6341d4d9d78392ad297e72684b54d60c86f4ea332d3d6d5c5,173931d08c03064c,train,val,5,3
001782,500,429,RGB,1.1655011655011656,9a1756c340e6ea28766bdeb118489853b30c13c1b14794ed6eb8d7ad5bf80878,0e727169d979c3dc,val,val,1,1
001784,500,335,RGB,1.492537313432836,e00801cad5098c486d43624d60af958a2122ae434bdaa92fc430e41c5563a6ac,e1616161216160c8,val,val,1,1
001785,500,333,RGB,1.5015015015015014,cd99e548457589a8a39324323fd7ab1f2ada22c68d76e0b734573e0513ae378c,536b6cd8d8b0dbbb,val,train,1,1
001787,500,375,RGB,1.3333333333333333,7de9c8362ec9e215cfef95750c726fb17904b1ef4248f11110094b6b09b896ac,240116b6eee6e349,train,train,1,1
001789,500,375,RGB,1.3333333333333333,1c79121109f5e6823e6977e8f286c07b9bada25743d894abeb66dfc73ba76d5d,d999cced6c6af6a9,train,train,5,5
001793,375,500,RGB,0.75,524681125ee1e17d2150e45ef3574e3d0cb8b45616ad45aea56b26402afcc069,e8e0d89c1696c8c3,val,train,3,2
001795,500,375,RGB,1.3333333333333333,52b28cedc6766f9787f5d8d9684dd929be4d7dd196e4930dd326e047df163400,b3b0f7ce4c5e86f0,val,val,1,1
001797,500,375,RGB,1.3333333333333333,0fbb65e4caac5fa4bcc801e26e77615cbf431654931a09b607db2c09b63a8e71,a0989010b0e4e0e4,val,train,3,3
001799,500,392,RGB,1.2755102040816326,981fd3825edcefd13c5febf0b22ff8ab35ed6d3fa5fc0e508aa7019a8a7c4b6d,762ca8f2eae27161,val,val,5,4
001800,375,500,RGB,0.75,947cd715d67c4591bb083243d82b6b139ea8b06183f0cee59f662debae570f0e,3c4c64b365578acc,train,train,2,1
001801,500,375,RGB,1.3333333333333333,fc9717318220f890572ef9be69e4799cb968d9b1f52155cb9d3f64dcc5aa9b1c,e444a9a99bcbce8a,val,train,14,9
001806,328,500,RGB,0.656,2c9e9f10a68ef01be098cd45eaf6fa2c61193a2d655137d143173c45edef02c5,1195393ae2245972,train,val,4,4
001807,500,333,RGB,1.5015015015015014,6569b5dfb3e182669164767661ac545475359b1a3c214432d84171129d12458e,80c8322b4acd6686,val,val,6,6
001809,436,500,RGB,0.872,e8bab9e9263c6120ccd5f0b4179f0773d720085460c01e06c762b3765a03667a,fe332773240ecec4,train,train,3,2
001810,500,375,RGB,1.3333333333333333,99d7807cdbbf2b5269956878e16501c70b6aaf7560595a833c2cd6764bf9be8a,82b333f7e7c7c3c7,train,val,2,2
001816,500,375,RGB,1.3333333333333333,665e96da140f99aa77a4ebd1e452147d77c1876b21910bb6ae26add8b82ce3db,0c3caf148c808081,val,train,1,1
001818,500,332,RGB,1.5060240963855422,3eb25a8b94b2b9c17244af8bca27501298ae3ab4d9d39c49b32f81f2ee24e590,1393898998d9f9f8,val,val,1,1
001821,500,375,RGB,1.3333333333333333,4ed2fbe9a355736ac5986701a78b89d156f1f359df811c674275a5229bec3f1d,f860a2e02a1c6dae,train,train,2,1
001825,500,375,RGB,1.3333333333333333,c0f25c7b8f141e734cee2c63734ef7ad61c18fee4f8d02fb70a5f1d3bbc5b678,18729fcdd9533306,train,train,2,1
001827,500,375,RGB,1.3333333333333333,12d59b018e368bff81163eba935b104ab05bacd8471c983d1d79cd5cd9db4fc2,e28e643399b39399,val,train,1,1
001828,333,500,RGB,0.666,2ab25628f1fb530c7bb1bc568b366df5f7a1c91ba4ecd9d86416e177488d4ce2,3b393434ece0e0e4,train,train,3,3
001830,373,500,RGB,0.746,6f992bf17422d0d92c38a8821755e121a754ff646a0e2c217247624f1a4bfce1,e3335199b9a3bb1b,val,val,1,1
001832,500,375,RGB,1.3333333333333333,d215d37e5212d783312c4ea158c770e24353944e25f4927ec8dddb2f0a6c2a40,6363b93a2e343b23,train,val,2,2
001833,500,375,RGB,1.3333333333333333,e1601d6db0bd589a0651a176e2f3a9bef214b665277ac0d3d0ca39cc616352c1,585b3ecc8c2c0e98,val,train,2,2
001834,500,334,RGB,1.4970059880239521,99c6eb2da03360b9d91e09f0b32828704eedadcc3b0448276e133a39190573fb,e203231693333492,train,val,1,1
001836,500,375,RGB,1.3333333333333333,5fe8f99dbb8b249d846511b6843aadc243fe15331f6249d4bd1718e6759f0397,f1c999b03a1cac68,train,val,2,2
001837,375,500,RGB,0.75,c2a0820fa10001bf04098816380571ccfbf4a2bc333596e2bba3b223156b8851,c3292b00481a16e4,val,train,5,4
001840,500,375,RGB,1.3333333333333333,15e1f24f8673607d9d276be17ff796d89e4241e6e2baa9e98388eec99f9fd5ea,fcf6d3636fece4fc,train,val,1,1
001841,375,500,RGB,0.75,0c198dc853c8b14c8aba95d81a595a4a4c5271c63329dbd47865c88391b40476,e0e0e0d8ac781b01,train,train,1,1
001842,500,379,RGB,1.3192612137203166,93df9608260a8704e72ac2bff6a9759d85fb501b5ce7683c0f63a4da3f509556,35ffff96c20374ec,val,train,4,2
001843,500,375,RGB,1.3333333333333333,ae4397f469811daa7541581ca4592f98ad05c7c73c7ff383b8c8dbd462a7bd21,d46ae868f8683a2a,train,train,3,3
001845,500,375,RGB,1.3333333333333333,16c0d360c27864f6b8509781c2c4f45e8fb83d1d09bd27bc6ba70786161f2f12,febf666634647470,train,val,2,2
001847,500,370,RGB,1.3513513513513513,d3228f20369f2f873c6c0784d496bf5c9056be83ba07d04b3939df03b199e735,13162464870b4989,val,val,2,2
001849,500,375,RGB,1.3333333333333333,61c3988b4103948b988eb269945a0d8e857ee90dae67727dcfc1ad423e504733,6d6d243172dad8d8,val,train,5,4
001853,500,375,RGB,1.3333333333333333,636c5fa265c0946f2f8116c0a51a241e3855f9dfdfb819940983d6cf7697f98f,6d4b40a7cecb4c16,train,train,1,1
001854,333,499,RGB,0.6673346693386774,9ecdccd7ade11c3c4055b07b2848a68f967c804f6b13b227b2b8267079507dbd,18b4f04928b13131,train,train,2,1
001855,500,375,RGB,1.3333333333333333,08716e214cd0d80342f95a43a7a1578e3e67b3ccd46c39f836c0435aa60ad966,656d6d393939396c,val,train,1,1
001858,500,333,RGB,1.5015015015015014,48bb50f87e2ea5547082b4bab9b25bb6d317433e3f80aa532928880521b3b7ad,a04c8eeea02c70ac,train,val,1,1
001860,400,285,RGB,1.4035087719298245,7fd7d3205b7749d3d65227656be9de6b281101622043bc8cd315ae01b45609c7,601903dad2890d0f,val,val,8,2
001861,500,363,RGB,1.3774104683195592,6834e0da477ccca507b3aac0ceac3385e95d720721094a239b5b6f85317eea97,30e666d332529711,train,train,2,2
001862,500,375,RGB,1.3333333333333333,d0d3cd12b378afe3324491beb0998517382fe734c9e0cc984fb77d60f4c084ee,af7b69e0d0f07133,val,train,2,2
001864,500,375,RGB,1.3333333333333333,ffdc12b102b2a8e5141c6f4d2ed9b033a14e5096ae25222cee6d2ee666b76fa9,040c8cc6c6444c4c,train,train,4,4
001870,400,400,RGB,1.0,67a19352b066501008a88910dda8c339fcd9e3ad287966a73a9574bd87e7554a,373f9b9d97c7c7e1,train,train,1,1
001872,500,375,RGB,1.3333333333333333,438bb550d65b74314a7de84c38ee67767764512517c84dca6005f0e36dd3bad7,aeb169e869e8bff0,val,train,1,1
001875,500,375,RGB,1.3333333333333333,62dffaa3f6cc717e8c4a2946e3bf91c254c2c081b79f9659eddd73763efd9c41,715c8990947c9c90,val,train,1,1
001877,500,333,RGB,1.5015015015015014,61ae9f00139a176085de07ebc9d1fcf78b44bbb94a30bea255b1ede96c1df3b8,800c0b1ca463dfa3,val,val,1,1
001878,500,375,RGB,1.3333333333333333,eb5b2f7bfbadb2843f0726b04d481da7024409272bb415e4e71242db4d96f70f,7d7c7af2e6c76366,val,val,1,1
001881,500,375,RGB,1.3333333333333333,02216c52a5fc51a7461fce68871a92ddf82b419f71571a24d9f9f49fea514a8d,4c60d6e0e070313b,train,train,6,3
001882,500,333,RGB,1.5015015015015014,a46a44ad00500b919b7c6a5fd74704010b1ee5c15cdd023592fbb46b63c2d80a,e6e6e6e6e6f2f0f0,val,train,2,2
001887,500,375,RGB,1.3333333333333333,a608d50db32dc1024a0ed8e77e19e14745060a16d645de2b90172c23604f766f,b6f6dbcf971bc73c,val,train,18,15
001888,375,500,RGB,0.75,2504c1753659e9cde0286a87e535fc3de145ccd9774e81bf12ffdba8341fa76f,f3b23d3d39f0b0fc,val,train,1,1
001892,500,375,RGB,1.3333333333333333,b196c1d05599091f5e5880ed7211783b9192d30864a959005b4beb8921b15b42,1b5bdbfeb0606f30,train,val,1,1
001894,500,375,RGB,1.3333333333333333,f2f7b8bd985f66e8b9fcf9ec49f19848fc9d6b786afdaab754f2117977d08d50,e18383c981616161,train,train,2,2
001896,500,375,RGB,1.3333333333333333,ea2ddb0366278c4c0ab23a8063a705e349794546bc4b99be2e09162e431b889d,969b8b8b9b9393fa,train,train,1,1
001898,374,500,RGB,0.748,c793d7af687058baa7b4fde9e7dd0b8196718bd0da975f703447cfcc0f0613fb,c7a42426dbcde4e4,train,train,3,2
001899,500,332,RGB,1.5060240963855422,fb8e52b66a3f40b811dae0c05d37bfd883c80fc3b82efa529d99d148d40608fb,e0e164d4c6d6d85a,val,val,13,6
001901,375,500,RGB,0.75,b126790ae6d4535113f4575c6336f01a91f17e232da9c2792c7c9ff10ee71fcd,18171e1c078313b2,val,train,5,3
001902,500,375,RGB,1.3333333333333333,491cdcc51eb2fa95eb18b54a672d70035448d19baa99f1bc3b68091ab4978ed0,8a1eced264a7c3e0,train,train,8,7
001903,500,333,RGB,1.5015015015015014,0d33f8b1ac547a6343ce4bc396adfb03caa099278809da3aa1b666e34f85db5f,8044cc8f381e1687,train,train,3,3
001904,500,335,RGB,1.492537313432836,0c47e8916afe697a06c87cf25d94b5646a78e219c3c4b8ecb4870861856f2651,d0e454509ac9e626,train,train,6,6
001906,500,301,RGB,1.6611295681063123,eba3c703e7ad96488399d690a1b2d54d9c57f4dadc483a1112007f56a8d7b64e,6bf7a45c989e0741,train,train,1,1
001907,500,375,RGB,1.3333333333333333,c86cadf90b81f15dff1551cbe9a62ad4bbe7427693238f6accfd24371ae296e3,006442c33d07e0bc,val,val,1,1
001911,500,333,RGB,1.5015015015015014,c11091cc4dec209d4e6486c6428dc34c25574d5679b8045db9c6c5cf593c9a9c,e0c0a4a48280c0c0,val,train,1,1
001915,500,375,RGB,1.3333333333333333,b7b1249c123fa3a20048cb6923586391886ffda1a9d73e400047a24cd38e4188,3f1f0e0f07060707,train,train,2,1
001918,500,375,RGB,1.3333333333333333,428e809c76a210c09d8bf03f3088cf402233d8abc918c8edf90495f44d21a690,b0cce0a0f0ecec63,val,train,2,2
001920,500,375,RGB,1.3333333333333333,1f55c0e447c1a588cbfd142a95a95939829a344ca680147545b9fa6a4b3402bd,c74749d5c7e6f67b,val,train,4,2
001922,500,400,RGB,1.25,8e68277470b683b631b588f09920ef514deef7f9f60ad7f7482874e0c58d6c8a,c0b6b6c40a8b44da,train,train,1,1
001927,500,332,RGB,1.5060240963855422,f44af927dc0bee072d9d97c182b1182424e73dd2d60c06e8c91566534b6a65fa,c3cde16e565a9f84,val,train,2,2
001928,500,500,RGB,1.0,37d1f4a52e03687a0358d4c83c3516b05a66bcdfaf4c5858016f2d40c4ecf454,00460eda5b3e3e00,train,train,1,1
001930,500,346,RGB,1.4450867052023122,7196a2df8e9ac45b743439690f33f8fb80099217118f3b153c8bab99404ebe46,eabaaa6eb290eae9,train,train,3,3
001931,500,333,RGB,1.5015015015015014,2c4fd960bff1658e5e9773b9a5ecc93594fcb1afcff0c8a24e688470dc4c142e,274f32979b2d6d12,val,train,1,1
001932,500,373,RGB,1.3404825737265416,e094e1147be5d797618689e0d65c99527645f916ea737ed90ea96ad90538c8aa,a4e4eece1e0f0e5c,val,val,3,3
001933,500,375,RGB,1.3333333333333333,27b99d94da64adb7e429aed1045a29926cce05a85baf57a381574a020aa5bbf3,a462d83010a0e0c0,val,train,1,1
001934,322,291,RGB,1.1065292096219932,628b0a3ac6b24aa847adce4948ddca1640f20eaf12cf8c7443822738ded5c286,17671f0f8f364e9c,val,train,1,1
001936,500,333,RGB,1.5015015015015014,0dc3648ab622bd88e79db011d7cf69c04589d066bc46af39fa05d36850ff4a55,e6b6373e2d7c7c3c,val,train,3,3
001937,375,500,RGB,0.75,446c42fa28544bfd7ce345c3eb3be131c27e320583c642f7f4096fc70eb2d213,fa9ccccc989c6316,train,train,1,1
001938,500,375,RGB,1.3333333333333333,61c63f4e3f71379c122830195be30209a84595bbab26e3184914a8dacd5c7e42,f3f1efe96c399bcf,train,train,1,1
001940,333,500,RGB,0.666,7d724fb3463b991b94b8415ed0a9c2a1e92e03d962a602b7b0293d69cde719af,c2e0f6b86a6cccdc,val,train,2,2
001941,500,375,RGB,1.3333333333333333,8efe95f93766ba1c06c4d1de0aa3c6aa044877d5e03a6a0516f433cdb48c68e0,4df921619313926d,train,train,2,2
001944,500,375,RGB,1.3333333333333333,134a1f892d2db70830da1ba9b6d83cfafd7f3cf122bdfe133504b677761619ba,103a29e47262b397,val,train,7,5
001945,318,480,RGB,0.6625,31c9cbd8c0553176e6f3fc9061a7d16abb6a71b05085cc1d3e2f084eac1f2c1d,12b4e0cd9e8fcdc6,train,train,2,2
001948,500,333,RGB,1.5015015015015014,626b65307d7a19ab473638c68633250e5095ec50b03c84960d0f7387827db139,c0ccb81a320338b0,val,train,1,1
001950,500,375,RGB,1.3333333333333333,3518d0ea77cdb21f28bd30ac9bbb1cbf8d34f836ce46542e0d590f00fd439edb,2c2d8b9acc6b7170,train,train,6,4
001952,500,397,RGB,1.2594458438287153,b400210184273c5fce5b94fd16faff56d2411197366ab71939432c75a516e21a,8e8686e6aa2b63f3,train,train,1,1
001954,500,375,RGB,1.3333333333333333,2c0566ccc5c03e50b30965001d5854d1b4498f2cdd4421969ce2b07967b0631d,76726e2e3626f7f5,train,train,4,3
001958,500,375,RGB,1.3333333333333333,99a8a68a83493cb8e3791195f09de12226adfb28b1c4833edc1bb5825112c891,cd65c5c9c3c34579,val,train,13,13
001960,329,500,RGB,0.658,b19efa72a1931ad50364f9e8093aa7456fa0e968d032ab954123e1e00a02207e,e8e230b8beaec9e0,train,train,1,1
001962,500,333,RGB,1.5015015015015014,70311e213c46906a857c6bbd2b5ed4d4cbd3c3f9c1c1ef32504111fa59f885ea,2325c8c4cfdfd6ce,val,train,2,1
001963,500,375,RGB,1.3333333333333333,94e9dc1c394a3ad1cff068c1a2373e12c56fe68cd9659e01e9174a290c96642f,b333b373333b3434,train,train,9,7
001964,500,375,RGB,1.3333333333333333,b59b729499975eb0a483440e75b77c6a58a111d30bf3b39a2ebe33e2126f2f60,e0b1f2fefe3a3396,val,val,7,2
001970,500,375,RGB,1.3333333333333333,fb8c4e8d3ca97c8ba171621a0fc91a62c46520eb87766057009162cbf247c4c1,e8e1cd69696923b2,val,train,1,1
001971,500,375,RGB,1.3333333333333333,cc7d558ab76c137767935ddc745a58d7687e4545669152851afd95afb73ab184,e4a8f2746cf4f8f8,train,val,2,1
001972,333,500,RGB,0.666,81000c2a1888e97098b5a29f9551667fbd590ec9f65768cee44e3a33b5dd225d,d63314929b124686,val,val,1,1
001976,500,383,RGB,1.3054830287206267,ebbd2d65d666d38682685490bce9abd09289d98cb502d3c5db3dd39cf4c69152,b5d1b0b1d3838bdb,val,val,2,1
001977,500,310,RGB,1.6129032258064515,0602fc13feda1ff71f5110a1b464f23e9bd8bb46d199441db783410cd6b29338,66232323a3a2f0e0,train,val,1,1
001978,500,334,RGB,1.4970059880239521,2ad8107ee96f2a4612460ba9d019b7049bfe32228f75bd843439958a211e2929,4dcddc4f4baba9e2,train,train,3,3
001980,500,375,RGB,1.3333333333333333,45568d3686e8a99bed977e9848af9a01d70e89ad244c22790da7e96bbb2f6f8f,07c391619191c9cc,train,val,4,3
001981,500,375,RGB,1.3333333333333333,f38ed063092934afbbcde2350f88934e8c9d723b0958b2cafb6c7f575645bb20,39193f0d0d2b0b0e,train,val,1,1
001982,500,375,RGB,1.3333333333333333,80cc6325dc6b30e1fff61d7520362ed6c830ef5dea4d8cc4e6540c3ca31cb488,80f0f1f5458d8dcc,val,train,1,1
001985,333,500,RGB,0.666,62ac445b8271d64baffd7cd78e145615e665f9eec31914f6c502853d666e3675,3c666627e3c04b78,train,train,1,1
001989,500,375,RGB,1.3333333333333333,458eb6a1fcddce03e24cd27839fefd105bdf96cd5d30d860ee3920e97f7bdea6,ecf0f6e7b664f0e8,train,train,5,4
001995,375,500,RGB,0.75,d33aa5fc42bbaf5ccc99eeb134c895ded284db8c255aa1946d188e6767621929,9a94d4d09caa60e2,train,train,1,1
001999,500,375,RGB,1.3333333333333333,6d9596ae12f46e83cde30a422c1c842e980cef8f33327e753eb1f9f83828015f,449274d46a36724e,train,train,3,3
002000,500,375,RGB,1.3333333333333333,414b6a3985180c82ad379eab0eb8afeb4a068d4a84dfd22074c0a3db8cf9e6fa,3cb8e8684486a0b3,val,train,2,2
002001,500,375,RGB,1.3333333333333333,50391804be1721a0387d8d4b5ec6485061f1055ccf81b00a881e7c1035ba4163,fefe9ec6808086cc,train,val,5,5
002002,500,375,RGB,1.3333333333333333,1964b51eb7d6b7288f993e9b386af7c9ea16643324b4608f489c5a2a2ecd30ac,f0e8a8f0e0686c6c,train,train,1,1
002004,375,500,RGB,0.75,2a62ccb951a8c76486582a2bdf9bd9194f3b427d23666aab99c7a5049cf376c9,451de4cc6c3363f7,train,val,3,3
002006,500,375,RGB,1.3333333333333333,d16348cdbebf70a8cb90bddb050b4566d6fdb8b1f02d5a09c2fe884bd80f93f3,a4b1f0bef2f49596,train,train,1,1
002011,500,375,RGB,1.3333333333333333,837817fd4faac06a4bf71f80379280b34380fac5b152435b1a301e3103b4ea74,c8d84f4be4b81aa7,val,val,1,1
002012,375,500,RGB,0.75,6c475a45fec68ceef8d6c8f28b6c88420f74d98739411a8b20a3e10c1b468810,802058d8c8041404,train,train,2,2
002015,500,375,RGB,1.3333333333333333,bfcc116ba3aa27b5e4a24d5ffdb17ac780380f98a7bf7f1bd5979a34a44e9f64,dbd9f3a7ea685992,train,train,5,5
002019,500,333,RGB,1.5015015015015014,c8d560743ee48a1616db2fe37ab110682b2f1c124656295ad1161ba3d877efad,d60c74a7a2ac7823,val,train,1,1
002020,500,333,RGB,1.5015015015015014,94240bbc6e26aaf0eeb0c6470a148ff3a3b20fad1d93c292f64838a49676f5c4,9c4c4e4e0f0f6636,train,val,1,1
002021,500,333,RGB,1.5015015015015014,bcb7d14158ef158f5d0e2132d4b0988ba033e2bd0daa9c050e8f6695985546cf,b0c00222a6d0e270,val,train,3,3
002022,500,333,RGB,1.5015015015015014,9429cd10c32f16fcb66d8c195708283a43a63b0906372986f0b43014bf5ac158,8b8bdb9bb3563793,val,val,6,5
002023,500,362,RGB,1.3812154696132597,3fcb812f8349f52ffd299dbf9cf94d7b8649546ce62320ae97f166cedd2227c5,0c80e1d84c15976d,val,train,1,1
002024,500,375,RGB,1.3333333333333333,325c628632649d6d99c8b5d90caccd0d0974dd19ba6a3e8e08ab62c0c6fc8829,e0cd8c9de9e0d6f9,val,train,4,4
002025,375,500,RGB,0.75,60a0e868452654a945515738c291a76afd8cdebba318bf365ac29d4bae4bf006,fff0ce4e3da78230,train,train,3,2
002027,500,375,RGB,1.3333333333333333,575748d9e8272ad1a8587d20a162946a307046d445213f57cdacd2ea9e4b9cb5,c0e0e0f0c078c800,train,train,2,1
002030,500,375,RGB,1.3333333333333333,ee0262cd945cd4b2938eea16ee5c7bfddcdbc42dbcf3fe780de7e380087fc7a9,a383c5ac343075f3,val,train,10,9
002034,500,288,RGB,1.7361111111111112,7b9f628f23dd3026327d4705f7d03c945d1ae9b488805afe27577a24d327e356,d1d1d253695c9994,train,val,2,2
002036,500,325,RGB,1.5384615384615385,7c31075b89b5b105e28c3a94a5aa87aa354b4df01ab6fbc4b45f8d23499826e9,f0c4e43ce8f0f0e0,val,train,1,1
002037,500,375,RGB,1.3333333333333333,a0107c9a405563bf47df9b057f7c6a5e1dfed77b0d5a7e0605d513bd8f84df5e,890b0b279e8ddc12,train,train,1,1
002039,500,332,RGB,1.5060240963855422,b0a72171e7ead394db18976e1ed195faf5060d51d91a3dbc94cb59118015b1be,e3e3f090f2e0a0f8,train,train,1,1
002042,480,360,RGB,1.3333333333333333,ec8240198d02f193023a38b54b3818e61613212bba1388ae4e7a3af8adb4709e,01c3dbf6c9ca898d,train,train,1,1
002043,454,500,RGB,0.908,97bd22967a215f605e437b02096bc14ccec3d542a055cd477959c291732192fb,b297968632360e27,train,train,1,1
002045,500,379,RGB,1.3192612137203166,6503377b04e9a73f58042d04f828ed0c56af0d07cd301a37f2b7245c898786cc,63cfdce8f8554f1f,val,train,3,2
002047,500,375,RGB,1.3333333333333333,93daa1ef7dffc5b4e6502c1037602f04fdeebc5679bb71d1522e62bc273df6f7,b2b2b22b2bb21d71,train,val,1,1
002049,500,315,RGB,1.5873015873015872,975fbbdc22bfc75e97a00800a033b2fe8d76657d4bd34e7f39cf69338e1a50fc,ecce63693c8cccec,train,train,2,2
002051,333,500,RGB,0.666,6c81bbb9bcf644e4db6db9f654638a9cfa7b254e0db589c401d621f8349d829e,43373dd198196793,train,train,2,2
002054,500,414,RGB,1.2077294685990339,8e49221df5813c22e9fa1e96c41913d666751b7cafaec3a5e2d6e5dd4ec88831,d81c3f7b389ebabf,val,val,1,1
002055,500,375,RGB,1.3333333333333333,c7d28997ddee46bd027a0566048a7e76b5558fb8417e71803d4cb4123fb13f3a,39a1b3d3a56a782d,train,train,3,2
002056,375,500,RGB,0.75,39f9c9047d0760fd5f93981b8e24c0ead99780e679b368448e4954c01041ad52,e0c988966d6c9fdf,train,train,2,2
002058,500,333,RGB,1.5015015015015014,8fc2b12710c2a5f8fdf592bf7c5a1d029616fbebe4c6ed44e5b8c39743e3aefd,2633992c84e2b272,val,train,1,1
002061,500,375,RGB,1.3333333333333333,1843aa91bf8f786d9e649f521d4e75830a336d74426a1bf2e14b8b12a8b4bb66,9c9a18343a0c5a38,train,train,5,4
002063,375,500,RGB,0.75,cbdd39f470b930987eb10abb9baa2b3e9e238676c057f30c45bd35af6b1dd572,a9b8b2a6321a4406,val,train,7,4
002064,500,375,RGB,1.3333333333333333,8e4af8038315bcc2d2d4e97444099336f038a340f6de21c360d05917e4d6d375,e0f0d472d4d4f0e0,val,train,5,1
002067,500,333,RGB,1.5015015015015014,3273732c025c6018cda390bb0a576fad03b5b1704603c96357efacf2b7d33177,2898b524666a6a6a,val,train,1,1
002068,500,335,RGB,1.492537313432836,e662e9c070734a4099f0435420b95fa9dd6135c4c46ac948bbbae32cd0ccfaf0,c85676f0e8a12192,train,train,1,1
002069,500,375,RGB,1.3333333333333333,22c15ca8f7a6e187932815f69a4b2daa640784b12837ae027bbc09bab5061f79,78a8a63173d11119,train,val,13,13
002070,500,189,RGB,2.6455026455026456,050b7137dbf766d9031ce4def78abd4fc3bd1743ba2fd9a476536b2d8e255d6a,007379695d4d40c0,val,train,1,1
002082,500,302,RGB,1.6556291390728477,1a597c6772a5cd345bb481f4e95d62b7aadd07eb57c4b5c4183f9c94fb809cbb,0b8f363533311e1b,val,train,2,2
002083,500,375,RGB,1.3333333333333333,4488fe8e4aaf1bf4f02d48b17b19bd4db3f31cb74c97d6b3472b46782d555ce3,4c4ce0c4c698c402,val,train,1,1
002086,500,375,RGB,1.3333333333333333,8251f5fbd0cd0f5f5605a652a1d415984987ab7c8897cbfdf192ab58e2d86e65,ccc2637263181c98,val,train,2,2
002088,500,332,RGB,1.5060240963855422,a9a2160df68525a53a9ff7d9c2de7b6c4990b5c9caa06180335e85720313fd7a,a1080ce52820a421,val,train,1,1
002090,400,300,RGB,1.3333333333333333,46937834547c97678c31d4b4b6be6ce757b8b59d8e60bc205e3e427cde47c29e,dd9c777070f0b0b8,val,val,2,2
002091,500,375,RGB,1.3333333333333333,287ecffa584fa5978a070e7da23f5c49ded13d737663a5b737d811ae48ee3bd6,b670d85a7aec600f,val,train,5,5
002094,500,332,RGB,1.5060240963855422,ce92d00cdb67c31b07b70b389d8bfb8948969565b3c6a28da610a2f62c1ccf25,67252c0b9f9e3e74,val,train,1,1
002095,293,383,RGB,0.7650130548302873,6a6d8f65717743d5381d8e5764627ecad22b2f19006c170086d92e8a8dbfd630,88e2e3e2e0e39cbe,train,val,1,1
002096,334,500,RGB,0.668,559c09d921673393e3ee2b04d3f37d1fa99bacfd32916179e179669ea011bfeb,ccb221acb0c6c43c,train,train,1,1
002098,500,375,RGB,1.3333333333333333,538b0dad98de5c10590cdae2fabd7fa9f7297b6c3ee4ca317b0e807a10201ae3,e6f9f8f2b2e5e2e2,val,val,2,2
002099,500,375,RGB,1.3333333333333333,1aecf60b37b6c3147ede0d43560000869cbdfc3e60e8b80ade9e488cc1372820,bebffbf2476f2c9e,val,train,1,1
002101,333,500,RGB,0.666,6579b9c3c1e57c0e43b236b1b0143f9bf8a149d69609cb7d5549a6a744772113,dafafffffe39cb47,val,train,1,1
002102,500,283,RGB,1.7667844522968197,b06a8db87fa3df0022646ff6fa6d1cd931aa327aacae2275cdb621861bf2a893,4c13ac4d4fa63268,val,train,1,1
002104,500,332,RGB,1.5060240963855422,80a903179d70d68518c6f354921326c53903c56ebf2b37dc3fe82e109fa55579,32ad79fdd9b3b34c,train,train,2,2
002108,500,375,RGB,1.3333333333333333,74ccd410acbbfeaf28a95c565a579f5a1a21f305ba0f9d48ac5e337ede6485fb,795b7b179ce2e7d4,train,val,8,8
002109,400,300,RGB,1.3333333333333333,d123a2ad51e411437f4ab5db984cc56aab98bc4ad9b89c90a5a0f9bf5432d046,fcfcdcdcaebe7c7c,val,train,1,1
002112,375,500,RGB,0.75,a7df7e53e26d12f0e2b87841d26873ee937a5fafbc61fbdd2e1e9f680100c5b9,c34342cc874d4ecb,val,val,1,1
002114,500,375,RGB,1.3333333333333333,b06e926ddd9a9a550898983c402b6dd3362c383913717f90c58bdf02df159db4,c08292d2d2b2b2da,val,train,3,3
002116,500,375,RGB,1.3333333333333333,71f1040ec1caf624868a6047818993ee17f9c47d441973d2131d33d1f53d7c15,785b1b7367c7860e,train,train,6,5
002117,375,500,RGB,0.75,a4f3bb7d98d9b5b9dabc53dfc3cc4b3c6e8ba96ae9f5e32722ec438419d4b856,96160cdcf15a9810,train,val,6,5
002120,500,335,RGB,1.492537313432836,4b3a2d640a1a197feea06a276252d8ca23cf5c53f184b8a5c26ef2b5c1b9ca14,f89cb476f3f3c4e2,train,train,2,2
002124,500,333,RGB,1.5015015015015014,72b3fba39d8e5aef7449e6b0f14d0dc985124174672a0267c5177f503cf58edb,fc9c9c9c163c79f8,val,train,3,3
002125,500,375,RGB,1.3333333333333333,33e340cb4ec3d0fa334642d7e7de562fa76d7d334a45a82c7b25a1b851e939ec,e0c88278e0283dfe,val,train,1,1
002126,500,375,RGB,1.3333333333333333,fa669463f683c656d576f034a223072e7ce14cbfdcb54adcf837beb8f157f3fb,2df4b2121230f0f9,train,train,2,1
002129,500,379,RGB,1.3192612137203166,42242399d4bbe0356a5cb079733d683714e6dcc2852893ab946344605922a19e,ffdc4544653cde57,val,train,4,4
002132,500,375,RGB,1.3333333333333333,efa751dd06498b98b5b394d02ea1479b4ce86f8676199a3b93c406ad163d26aa,8080800d8e8eae86,train,train,1,1
002134,500,375,RGB,1.3333333333333333,36fdb801cf1e2c0b096218622869534d496309ffdbe4f8327cd6be4f7444a778,492c6e0a3563676f,train,train,1,1
002135,375,500,RGB,0.75,6dfec8bf0346cde6f1a7ba3bda12e42593bf6226ba636f4d7124e856d02f8135,87ce3160c0988a8e,val,train,7,7
002136,500,375,RGB,1.3333333333333333,4d9077cf93b4b5f93a41f9f598279a5d733a41d23e3aa0e3475fa00fae0e66ab,16ccc3c26dd06589,val,train,1,1
002139,400,500,RGB,0.8,346b9899d6eec82b276eba93ab57fa79252a2c1dae498f41a2b6a7f5409473dc,0b090ba99d2e4fdf,train,train,1,1
002140,375,500,RGB,0.75,812c0969f839147166cd6cd384dc18f6e1a29d6d4c6331e350d46e3d8736d80e,87e389246663a39e,val,train,1,1
002142,500,333,RGB,1.5015015015015014,54ee893e4ae8d3fc015a159a47b8617da30613bccc7c2151b58ea2987553ce53,bc5d9cac343dbc9c,val,train,3,3
002145,340,500,RGB,0.68,f22a942151d0a07bc607a0dabe0dafe3f2548324522f84f1a5a882d9cdd796d8,701895120e9f9c8c,val,train,2,2
002146,375,500,RGB,0.75,e33ba0a0772b3e94fd66f1e6c1c51a4bcd1b6cfcebc4fc58ee83349eb94baac3,f0f8f8f43469c99d,val,train,1,1
002151,375,500,RGB,0.75,815a08008a9440c6ed2803cda71caafb78300c9bc86fa8a8038ee4a441d447f3,6b63230351106030,train,train,1,1
002152,500,500,RGB,1.0,05991091ad0c673a5e53ae01b9ae928ebe0a9c15611b00acf7f58d093f078d1f,0075715555515100,val,val,1,1
002153,500,375,RGB,1.3333333333333333,168e28522e9812166c4024545817020d2d88ac9b611b4fc68323c0cafedb1da4,9cc8f8e5d92ac6f0,train,val,1,1
002155,500,333,RGB,1.5015015015015014,83b7c831308379410428cacbc720f99ea7ce13510830a095c56f1d15a7741d0b,4dac5ab6869a9a8c,train,train,1,1
002156,500,375,RGB,1.3333333333333333,e18435e3efa960aa7c4edc62273bdc37faa5d1322c3f802ca17096e31b67266d,de4a446ce2fbeefe,train,train,7,7
002158,500,300,RGB,1.6666666666666667,ac6d97801901ca05d700a9943757206e6b47fbc7e4cafe64bbb51aae998f4b71,e1c09898c8c8d888,train,train,1,1
002163,500,375,RGB,1.3333333333333333,571ce3b80105715cf8f680e8da6f398139977085258ddfdeaf083d1cd317696f,f2e0cce8e0a294d6,val,val,1,1
002165,331,500,RGB,0.662,825e974b3ef590768920c85336621d0bddf2290d272df09e74dbf369d849d9b4,929e9e9686a6a698,val,train,1,1
002166,500,337,RGB,1.4836795252225519,0cd075e242379444f6cb3f37bae58cf51abf1ae4b39d912fa43fd02874394aba,e0989c173f371ffc,train,val,1,1
002169,334,500,RGB,0.668,c3097ab68deb59ad456c83125528db73aa87d55d18f36735b7f27a1adca9d0ad,c4b0b13930786c9b,val,val,1,1
002170,500,375,RGB,1.3333333333333333,ec0a4958b9eb3d181dd6965a1b6be3ed38507f119b028e130ef8446fd63b480e,e4bcb7d8bbae869e,train,train,4,3
002171,375,500,RGB,0.75,ce71c225b77369b0422dffb70a3c2abcad44d9e9e2b97584f0ead1920cd0954d,48c58c99d34e7038,val,train,2,2
002172,500,375,RGB,1.3333333333333333,58db4c1a4362a6359367980506e68b4cc1c75c609e2ed874375e4b38b58d0efe,a4e470e4f0c0a5a4,train,val,3,3
002174,500,333,RGB,1.5015015015015014,ec3358c1db2e9d712f9d270d762522a3f94cb9a0695546757c187375f111ebe2,e8586df0d8b86123,val,train,10,5
002176,500,404,RGB,1.2376237623762376,abb739dbef05edf3449f60441de7e9820f247da6fddb9bf6fc414f91642256ad,9110d8ec8d979e9b,train,train,4,2
002178,500,375,RGB,1.3333333333333333,a7ca4dee7a0b69985e923ca8b73b6e63cbe1f70a1dbb91bc893a90bc97fcbca6,0099d8f6c3d30b07,train,train,1,1
002179,500,375,RGB,1.3333333333333333,6e3205171f80277f7586a90d444b478a2f0fa672fdf465627b985225255720e4,a475d575f97830b4,train,val,1,1
002180,500,375,RGB,1.3333333333333333,2a4992894d84604fd098327cb33b35676b316942befb9a09239af7e1f79b9dcf,b9c8941391c1931f,train,train,4,3
002181,500,375,RGB,1.3333333333333333,db151a7fed1ca02d107a2c87fa7d80d426e6f8a8a5fed45199c8b4ea43a8f8a7,28222aa2e0f1d09a,val,train,1,1
002182,500,333,RGB,1.5015015015015014,3aedfc7cb3982ccbd7052ce0d3c6fe2304c54264844270cabe240df70b26276d,c8f4331c71910c92,train,train,1,1
002183,500,327,RGB,1.529051987767584,8b040b052896db5517ac2a3732ba55a36da6c96ac947fbe378bc7605734fc66e,dcacb2c0d9442a9b,val,train,2,2
002184,500,375,RGB,1.3333333333333333,08a460c56de46ab1dc667332e0e0ef6764e62b9cc8e46a9e25acb5a9aea2cad7,8b938b82929a986c,val,train,2,1
002186,500,375,RGB,1.3333333333333333,32e2adebed30822aa67fc601a4467c0b60551f6dbcbe8e8de1e88020dbc738cc,9cc6deececccc0c0,train,train,5,3
002187,500,332,RGB,1.5060240963855422,3c05c58860bfa4b18bd6a54cf89eb3b1471fe4fb5fddeecc36e6d6d9314c40b0,88ca5a1899e6c7c0,train,train,2,2
002190,500,333,RGB,1.5015015015015014,bdc7e143c8b9b63dcbca3f27f150f6a03162182f09613b58516f60d92149cf8d,e04040d0c0918f4e,val,val,8,6
002191,500,375,RGB,1.3333333333333333,bbb1b80acb5efdaec4b3a6c3f221f66c8689ba91343fea8143b20e7abb7c1b9b,30101c3a0a0e54a1,train,val,1,1
002192,500,375,RGB,1.3333333333333333,72bedfd869d907c928ec8f0c73105f53a9e8bf7b9aece3fdc6aa42bcf6dd322c,1c3e98fcbeaee6ee,train,train,4,2
002193,500,375,RGB,1.3333333333333333,f45820e423014f885de234db4aa3338218f5fb3b7f5e054cc72998ef3e7006e4,400562597072eaf2,train,train,5,5
002194,500,333,RGB,1.5015015015015014,f9805f6d47c52ba0a9ab9ee1de62425460a88e9db186a70acffd744c4c584a16,23c3c3e1e2e3b160,train,train,5,5
002196,375,500,RGB,0.75,f51dfe7dd29db91d2437040cf15dedad0ea128814e94eeb4b3a47d7720cb8d02,648c99100d193d0f,train,val,1,1
002197,500,375,RGB,1.3333333333333333,a40bbfdf5321cab3a19d8a5886c417ac318986c3ba9dd52fee294dd51893626b,3426a6cacc2d3f79,train,train,2,2
002199,500,372,RGB,1.3440860215053763,367718d719157f25d94d2fcf3a0a94b450f34c2171c4175e61945418f78ad3b7,72f346cc9191f6cc,train,train,1,1
002201,500,375,RGB,1.3333333333333333,b966b99653602a24f7222f7f37d01c628f5f9757dfb4f8c1fb6b41a538c6b4c5,d3f92c8e8e4e0e06,val,train,1,1
002202,500,364,RGB,1.3736263736263736,c14506aacc2ada13e1ae17a0016790ac5cb4223cd174d3c9161580bb88636e80,e90e2e361a9f3f2f,val,train,1,1
002208,500,375,RGB,1.3333333333333333,29ba8fc00a6035784a7d524200b72953eb8e4b1a1e2ba5a2e4838684274be35e,0012710d66dd9b06,train,train,2,2
002209,500,500,RGB,1.0,e1eb9a0ec094a8779f72ff399462c932a8503d7823f7bcc1a00b475e4778dcba,10b0e167674f2f27,val,train,1,1
002212,500,334,RGB,1.4970059880239521,e476e5a32f652fb113f38b2f0f90f193d3b8aed48eb0c658b98647f88628c8fc,732d1cf8f1f93436,train,train,1,1
002213,464,380,RGB,1.2210526315789474,02bc43d5c3d83d2d5f6568965724be4da244fb87cd428dc7ee0f61f74adaf3ac,d9a927a54e676793,val,train,2,2
002214,500,375,RGB,1.3333333333333333,d9990adf4278255e980e9caaaf49b54e73804523ff3f568e767142c4f536d1c9,f1c94c466d260dd5,val,train,4,3
002215,500,261,RGB,1.9157088122605364,78378c788444a111edd879924aa12832b1fdfa1abef3ca89fa064faff587ce04,71714145c1846460,train,train,5,5
002218,500,327,RGB,1.529051987767584,4928b271a35a5ef55e5b4bdc7572bccce7d9e442c1844c02de98bb2191f7bbe5,932bd8d1c8e838d8,val,train,4,4
002219,500,375,RGB,1.3333333333333333,f2cce0aee60f678232bee39a34de22a61aaa2f80e4f8f9b3344f2656333b91c7,87939283c74f8fd3,train,val,1,1
002220,500,375,RGB,1.3333333333333333,dcb98fc4dd55711b015dd8a488c0e9d2d87d46d8be776714182282cd749aa627,01939696b63266e7,val,train,3,3
002221,375,500,RGB,0.75,f88edca2e14140d04dda705ec53d4b2bb26a1f7966f4ad95954ac05300b3eaf7,242f19462e3043cf,train,train,6,3
002224,500,375,RGB,1.3333333333333333,0d76328bcd063d10d70bf215a16cfb7fabb8f2eadb9a6908d1202baa2ff80a88,e3a6b293d652b3d5,train,train,3,3
002226,500,333,RGB,1.5015015015015014,08d71643c06000994b0d1547f34a8cc8c99d3ff22ed01a965e63fe64810d7c39,d8343a980fcc2dcb,val,train,15,10
002228,500,375,RGB,1.3333333333333333,6934c1114e4dd0ab45f88092e2354334885599d830a35b86febc0f7b999b3663,fcf8e1e939ecf3f8,val,val,2,1
002233,273,500,RGB,0.546,ff7edea15cd780b20b4d8b58cea2426399d8cf5ffb58fae77fa9ff64d83e1b78,9ac9a481d89a1227,val,train,5,5
002234,500,375,RGB,1.3333333333333333,b2ae1090b9038d4d96021507b91caebf3c2f60ebaed9731a1ebd27e5e0778459,9866261978685860,train,train,2,2
002237,500,375,RGB,1.3333333333333333,7e3a0f8450cffe797e695ea6d8daa109756ccbe5f44a154b880a208fb47dfc8d,86bbe9ab66b27ab9,train,train,1,1
002238,500,327,RGB,1.529051987767584,8b183f5bf3e75ce997d728c6ed45a9afe2cafacc4ef345a2a8e00a5febbacadd,cccc5819cde4d8d8,train,train,2,2
002241,500,379,RGB,1.3192612137203166,44fc3acd95a5d3ca034b88468c0232a1c8c8f49a939bd719417de9ebbe00724c,e124242581d2888a,train,train,9,8
002244,500,333,RGB,1.5015015015015014,563d44fa940adce90282f548214d8a95637a5436354c8f8e16ca6a526cc4edae,363439cb9bc95a2c,val,train,11,5
002247,375,500,RGB,0.75,005ac1c2bd4d9f722a4f49b03248ecddc5a1dc3c693224b0c710973ca9284d0c,a83e41dac0b0318f,train,val,1,1
002248,500,375,RGB,1.3333333333333333,a448416c89986653825da657a9ca3d42dd7a2c6b82b37d79b4e0f1fdb9b25fed,9c3e3eec76776370,val,train,1,1
002249,500,332,RGB,1.5060240963855422,ccbde21f0086bdf76d0e79c353c4b948b999812532b1cac486929a64061f42a9,c77f3f5ddf77c70b,train,train,1,1
002251,500,375,RGB,1.3333333333333333,c303b81168dfdba3062768e90a78b80753e2de690a7900e42f51175d553b8bdd,8000400200c8c1c6,val,train,1,1
002253,500,385,RGB,1.2987012987012987,c92387a754df2d3b865690373d1ec68f8f2dc28e91ae7914b81a0a339135ffbe,662637dcceac9d96,train,train,3,3
002255,392,336,RGB,1.1666666666666667,a68b483218140d6c87caae2cc8ec27e69b3cc29298a247c56c26ed2fd22f0344,e0a0b09e8ea4d6f8,train,train,1,1
002256,500,375,RGB,1.3333333333333333,02a3e42716940e719662c214fff928016edbaf4558a4abc5d28a815c045d2f86,dc9cf0f20e29694c,train,val,3,3
002257,500,375,RGB,1.3333333333333333,26d271e5da9bd9c795dcf4a8128a2fad0a8d47559d64252a67413b4f13b94131,881010c10dc42421,val,val,1,1
002259,500,333,RGB,1.5015015015015014,ee79c7993920f6edfde510b6902876856cec3c1e450513183106e7c63589b611,210d393030d0c0c8,val,train,1,1
002260,500,330,RGB,1.5151515151515151,0c142f6d8f1b9e08e51400ebe33a80f66e28dddb69eb9d253550ff02398bc112,0636545606041343,train,val,1,1
002261,500,332,RGB,1.5060240963855422,63cc59917af7e358246daabb9f9e4a80e2e7b097df56c5139619d11512527505,9199083c61988d8e,val,train,2,2
002263,500,375,RGB,1.3333333333333333,224a74fb4e4ef89c860bbf041f20320f404d49b0a5a0dc6767bfeb7f25e8e8dd,e266232361003cf3,val,val,1,1
002265,333,500,RGB,0.666,e5d4a557d1fa30444ad56586461e11d9b01829eb7c3b461001240f17990238a0,f0f07866634c4fdc,train,val,2,2
002266,500,373,RGB,1.3404825737265416,eb9cbf0baba95fcff88a9d0dfbbad96b0a26cf87c616665799585858822e863c,e0e0e49967ccc4c3,val,train,2,2
002267,500,333,RGB,1.5015015015015014,5e0c3ffe693c1c6f9796209bdcff505ca638d547b52c943c8c5ce2d3fd36274b,8000c06b05a0b04e,val,val,3,1
002268,500,375,RGB,1.3333333333333333,6ea3982bc429bfe020ae5352a34c2f868ca7ef2b28d64be962560f9a116e2445,f4f8f8f87ac6e4e0,val,train,3,3
002270,500,375,RGB,1.3333333333333333,b32641b4ecb9ce295e4429ffde03403e1ca4827a3b6a8c093998e90a147abeef,f3d3b3d3da98f0d8,val,train,1,1
002272,500,375,RGB,1.3333333333333333,d0f738bcb5b9653345daedf4a135f113214690cd843c79c066f6335af82893e5,3d3d7f77bf94d7f7,val,train,2,2
002273,320,212,RGB,1.509433962264151,1df75618d1dd14e283c118b81576e8b4b82202a21ed1f1259d723420a60b1135,92cc882c0c0daaad,val,train,2,2
002276,500,333,RGB,1.5015015015015014,a0eb83bb93065d6630b98249f97f0df5b62d50223fdbd41fb9d9d167f52b3398,922ce68e29998cac,val,train,1,1
002277,383,500,RGB,0.766,97a7993dfab3b4fd6b9805cac428230ff768ecca92696aecc4f405b85a325e54,252313ba7ad3f7e6,train,train,2,2
002278,500,375,RGB,1.3333333333333333,62c1c1fb604cbff5db71ced746569ae3a72111360963518a11feefc10e5b0968,8f0e86cc6a2b0393,val,val,1,1
002279,500,333,RGB,1.5015015015015014,1387b042126c67ec31f36be404bb5a25c9a0639803901ab8f6f7ba726f06f5d3,9363251c0c2683d9,train,train,1,1
002280,500,351,RGB,1.4245014245014245,e982d2e20605954ccedaaa0052013a1dbbc980765efb5b73a5ad758391834841,040406460b4b5716,train,train,1,1
002281,500,238,RGB,2.100840336134454,84547cf6d6ecfe9c32c3c3b36c537c3286ea7c24625f7128322317e3b36112d8,e5ac2c243e2f2fd6,val,train,2,1
002284,375,500,RGB,0.75,8eef3d2cb6b9b8028a4bed54ac8d68c7e3cdfaab39c73e09af86c0c791117c83,9288100cf6721c1c,train,val,6,4
002285,500,333,RGB,1.5015015015015014,bd507570761c5f4bfb61c1d2d41351a49b580ac687aa39479c98ebe2d0c0db3d,6ce1bc66e2e8e8e1,val,train,2,1
002287,500,375,RGB,1.3333333333333333,7c6212281d90cee4624ea019af00551fbaf01a69b802e79b1da7f0b84155c095,f1f1c1c59133a69c,train,train,3,3
002288,500,332,RGB,1.5060240963855422,f437ba54e23f74b474ee584189ce563a8fb42eff9459eff290ddc0ba88bde8c2,fcfad0e4c7f2f6f6,val,val,5,1
002290,500,468,RGB,1.0683760683760684,23bea8d3170f402845f351824875b9389c277d8f23996f347d18f7ec990186dd,73c98796a7e3e5a4,val,train,14,8
002291,500,433,RGB,1.1547344110854503,7fca84df11ed5ce27a7703e4aefc7ce2b099826b58b6672135c0f98646bda980,94612727b3333733,train,train,1,1
002293,332,500,RGB,0.664,5c2a954ebe48013733a83da2b7f5f523e1b05af9f264a1cc0c327f415a2699e3,30382ccedc4c64a6,train,train,2,2
002300,500,375,RGB,1.3333333333333333,65c429aa18aa6aa7ba38f9ae2cfff3edf11aa37f9885c37a057624ba41035744,9b9afa9dbc9c89f1,val,train,4,3
002302,500,375,RGB,1.3333333333333333,220293c8342b646f81662dc861eb023c7814ab45fca721bef1674c1b67ebd3db,e4e6d8b4b8ede9c8,val,val,2,2
002305,500,375,RGB,1.3333333333333333,2fb67e0add99d154c4b0e13ea6116596d1c9c24acdd84992dfd2ceefe8fb69be,e0c0d4c4e0d5d51f,val,train,2,2
002306,270,360,RGB,0.75,0ea6eb61668c62af7d1a8c5d2c019b6b91ac73e6303e5973cc38e401b5c888e7,70f8f8b3e2f032b2,train,val,2,2
002307,500,333,RGB,1.5015015015015014,eac5df6b8a933a898b0fc97ee794595aceee4d6b71e3234d9d2a568ada75b37f,e4eae4dabccd43f8,train,train,2,2
002308,375,500,RGB,0.75,cf111ed74780f965717992aafef561faf9d649c949d9f864402b87c05b12c39a,179bdb075b1b660e,val,train,2,2
002310,500,333,RGB,1.5015015015015014,2b6cfa768d3ad8062206d63868a7a3fc8a33ed6b0f55cee81b04bfb0233d2761,6c4cc3c3810cb4b0,train,val,1,1
002311,500,375,RGB,1.3333333333333333,cef6d1c8db5e06748736f65feefcd052168fdc643daba2dc75fb0bc78c3f7d23,12d079607363631e,train,train,18,13
002315,500,333,RGB,1.5015015015015014,42022019cfb5c3a91125bc2f26f33d2eb597ba3a3c98dbe3fe47721580c6d8cf,9ba3ebf1b18989c9,train,train,1,1
002318,500,375,RGB,1.3333333333333333,19729ecc7897ad1c2653aaa89ed3f8008df98e0849523d5140559c81a69cd99c,f4f4d9f8787038ec,train,train,1,1
002320,500,335,RGB,1.492537313432836,b8fedc0bed1926d13430e473b566b57fa7f305b6f041a32508442a6e80dc5803,1f9a16368f93793d,train,train,1,1
002321,335,500,RGB,0.67,f233c1001fb7216f4c6acf61db21b9f4999ef819ac30e21e2080e395015b3592,605b28f84e6ecbac,train,train,1,1
002323,500,375,RGB,1.3333333333333333,cd2674257edfe7756add05be6aee1968d06ccba2e7f64b802cfe4b7b1f2996ee,3ca7b1ce8e0e48f0,train,train,3,3
002324,500,375,RGB,1.3333333333333333,9f5795308722cec0c639a2428359068f1079a9b5ef03abea9d2db0671aeede92,0f879dd80a37b4b2,val,train,3,3
002328,500,375,RGB,1.3333333333333333,3a3dfe615377408941c5eedc185a0cbe0c751f36e3e4e9ddec68d672aaf9e7ff,3afc9c9cd8e3a3e0,val,train,1,1
002329,500,375,RGB,1.3333333333333333,8029b7ea32fde8b781bc6d7bde5c9f549ba1a2dac1343d9164804c1f902cdda1,c834a68d8d2d3716,val,train,4,4
002330,500,357,RGB,1.4005602240896358,a5e95d3def834d00b485701a09b682c2459f2776050cae03c4e2a342d1c399c5,eaf4c38cedb78bca,val,train,2,2
002332,500,375,RGB,1.3333333333333333,1f5d1fa0229cdfa157c57a6bb2f905f8557283406a15d53004a58476ac1f8a72,d8cada9ac191e0e4,val,train,4,3
002333,500,335,RGB,1.492537313432836,8ac2bff5dcbda1322e97633166f9e874432cc8f521b38c6141b193ed4bb78e2e,a6a4e8d0f478f0f0,val,train,5,5
002334,500,375,RGB,1.3333333333333333,22767daeaeffbca4f2f58970608ccc66c66773b7f7b8cb8f97bbb5c8c0e27845,5a9a5e6aa3e52c8f,train,train,5,5
002335,500,375,RGB,1.3333333333333333,a531849ef096ea69dd44bc6a55c4e034e799292066ef4c84993833b2b268759c,c80070c020a0e0c0,train,train,1,1
002337,500,333,RGB,1.5015015015015014,dfa2ddad436d5b097ce11ba2f2b1b86ed3fc270c0be888092be3778ba6f3bbd6,fc2e6d4dcd8d999b,val,train,2,2
002340,500,375,RGB,1.3333333333333333,faa66dd3f974b88017c4819189b6025220e9b798a9ef9290b5e5c6dd683f2186,acec8ea0310e8e9a,val,train,2,2
002342,376,500,RGB,0.752,096cbcddac34d0e3f15a8c290f18d5cb6870d4e7def5fe3af775a07e87612fd5,82b13474d2f1e332,train,train,1,1
002343,500,375,RGB,1.3333333333333333,e691e3bd02c7673bab7cc260547ea6b8b344e1fa99e9397627d0b14602c51cea,abcd0f37a9a98d4c,val,train,3,3
002345,375,500,RGB,0.75,437cf6cb9a0ba635b2768df9782d90de205ba993a512a13268d45efbbedcf85c,f6f0cc86ace8ccd0,val,train,1,1
002347,500,375,RGB,1.3333333333333333,b758a8190dc52bfbc7c5e4434e16f66daa09bf82b1002c7e8e8344073e014da0,e969357c30b136a6,train,train,3,3
002348,500,333,RGB,1.5015015015015014,7b151b0d65321467e7c5cc072cf585fe9a465fc4836cd1451246e455fe6dcde5,e0e8902c2c4c6048,val,train,2,2
002350,375,500,RGB,0.75,096bd75fe3e951b276ee6c7c23ac178f56698c738ee1cc5b7bda4b4c534bf8ea,c8c94d06266366e6,train,train,1,1
002352,500,198,RGB,2.525252525252525,933da9a3702cf3fd45923ce2e9134710ec0f2138056d75b0878ca5c40a1f282f,34b4d9b9a31bc378,val,train,2,2
002354,500,375,RGB,1.3333333333333333,0a07165bb28920a3de5702dde8b6c5712a271e3068ae47adac3ce257623a1bdf,e0e0c0e9494c21a5,train,train,1,1
002355,500,375,RGB,1.3333333333333333,357e66b958e5294b4ff66f5eecd25f2fdcd5b0d0eecfb6a81f89eacf37f334f5,797d767aa3afe3ef,train,train,2,1
002359,500,375,RGB,1.3333333333333333,a1d0ed15fde067d354d84c8c3460e1526d34fab75d33ad0657cc90758bb02c4b,0000102c2c54625b,train,train,1,1
002361,375,500,RGB,0.75,4f7863c17108fce4202d12c072ce45538b4fa0206323067504864a7570e6622e,888682683a32613b,val,train,2,2
002362,500,375,RGB,1.3333333333333333,a8b2cae4945e5538d6b86237c761e9742cff85cd03b7cab4307916c26ead29e7,32323ab2d8c19399,train,train,9,8
002364,500,329,RGB,1.5197568389057752,1ff21b32c5ee93034e1ab505784ea0d47bf7d246284e20af3078d4efc49ab69c,f4dbc7f0d0d4f0e0,val,val,1,1
002366,500,375,RGB,1.3333333333333333,c6d1cb28c1438b187d75ddedf0d0e90b4f20bfbf59693485cf3b0917e8e9b946,6be5b6526426b3c2,val,train,2,2
002367,500,375,RGB,1.3333333333333333,20483d2fdfe5be48156679d776e31e265ee4da74731a2e1ee32acc6cb9232a50,cab4a606c6a60f3a,val,train,2,2
002368,333,500,RGB,0.666,4af949c96ab90aff05a809f9448812de6a1b65221ce0bffecc59b64c08bc58aa,94942505050f3cf1,train,train,5,2
002369,500,375,RGB,1.3333333333333333,c4421ccc9e9ec3e04f74869a1150b6c800deab6d5bcfd77320c3d75e114855b2,3d5fed6f0026d078,val,train,1,1
002371,500,357,RGB,1.4005602240896358,5ea2d50f04b355941262a9708b526391883d436c6c9932735ce5b90a6ac78111,d0c8e0e0f0d0f0e8,val,train,1,1
002372,400,500,RGB,0.8,8bc1f453d69c305e07780980d092dfb13da70a4031e0301012702921e0091260,0000003039c9ec80,val,train,2,2
002373,500,332,RGB,1.5060240963855422,efc90c55ebb337ddbb3ac952ec54588ed8933534662b411c38216939ac9fd07f,dc8f1ee0c09d95cb,train,val,2,2
002374,500,332,RGB,1.5060240963855422,8b577e7df54c3c75c9e2921b97617b7038f1de7b24582045a1ef9d55789894ed,f1713524a4f4f5cd,val,train,2,1
002375,500,427,RGB,1.17096018735363,c0f749b5bb649950c91a1062438a3e37ed223bea81cd33287da35d533ef32bfa,00664ac2878043f0,val,train,1,1
002376,500,333,RGB,1.5015015015015014,f6f88548954c6af188948b4a691a9054002773e48f9affa6877048e282f09a35,e0e0f0c62bacd0c0,val,train,1,1
002377,500,375,RGB,1.3333333333333333,61fdbf9be0dbc5e35ec68cc8175836be4edea5622d47191fc7ba1875e86c2826,00bee806f2ca9232,val,train,1,1
002378,500,375,RGB,1.3333333333333333,618eb55bf7dad61bdb237526cb43addebe9d6a24697df36c297ba7b961cb3f20,568dedd8f3b7c9c1,val,val,6,3
002382,360,240,RGB,1.5,f4bd4901761229fbc74e44bdd44e9d14975130b8f10d76fd866088a3dc507af6,e67fd1d56470fce8,val,train,3,2
002384,500,375,RGB,1.3333333333333333,5eb00a2eb4fd5466f649ee22968dc6efea0861d41da4423c4ed3b6bc1f80e0d5,93d353c8c6e1bcac,train,val,2,2
002385,500,375,RGB,1.3333333333333333,0ace0f19333d334ef97cb4cf5c52e1169252f3ad64eb82adcc38784560beb899,bcf0f06c65ccd4c4,val,train,11,10
002387,500,375,RGB,1.3333333333333333,6eed650b7263f4063e895dac8e5f1d6f24585867ea8f2e1557c3a9173c97d803,f8f8dcd81ab68082,val,train,4,4
002391,237,360,RGB,0.6583333333333333,84f43aff6aac6a22c38944fc579308a6ae0783715153b30e74b497e87913c9fd,230ea6e4e66661ce,val,train,1,1
002392,500,375,RGB,1.3333333333333333,21bc2f1bd3208bd9647671146169de9346169e82a6551d119997468beb994db7,ff80332e8cfcfb1f,train,train,1,1
002393,500,334,RGB,1.4970059880239521,a74021c277d2f4c4f97d13d4cb6442c9f73118fae625d63ffd7c9f97c40c2b86,591a1ad6442d1307,val,train,5,4
002401,333,500,RGB,0.666,28d612d03ccbdbfe133e4b00fe74355e21571a99150dd8b0ed9ac427f96d4bd0,479b39792ddcecec,train,train,1,1
002403,500,375,RGB,1.3333333333333333,ca6cbeb6ca0f68c0224284f97caceb100f164847707b86bf326dd4a678c0cd5f,ecccf2e2dbbe2e80,train,train,3,3
002404,500,375,RGB,1.3333333333333333,3ed57e3fc6c798ff99e513a0955eb86acf2569671f7dd7096c08a09aedcce120,e0cccac8e8eae8f0,val,train,5,2
002405,500,431,RGB,1.160092807424594,a09301c2f9631a4fdf58129c5f966f4d37c310886547d9763e035cee750bc5eb,1767e6242c48e464,train,train,2,2
002407,375,500,RGB,0.75,bba0fa193a910ffcfd9a90c61ad47fc22cce5db21d6c1184c34bf1cded9f0927,938460e3e3e1f1d3,val,train,1,1
002410,500,375,RGB,1.3333333333333333,4601a49543e36adca17ce1b025ba5f52034d78bfeb3d0f23d7561847429ad431,c8c9dad2f0e0e0e8,train,train,1,1
002411,500,375,RGB,1.3333333333333333,9af0065d3b3cc6477eb7f2319a5d43f894d3def5c9b15ba00854be280ed82d1f,fcf1c3e6ac9cf8ee,train,train,1,1
002413,375,500,RGB,0.75,65bac4228f0bad6c4135eb68a52ebdb40bc8035d0e72c0ed92c83205adf67adf,33e6e34369694939,train,train,1,1
002415,332,500,RGB,0.664,232b3694523104f67d522b4d9bbde9164cc789c17adf185233a8c8ab7107d699,9e3663b374e0e43c,val,val,1,1
002417,500,500,RGB,1.0,a2d16817cd0d57cc5b260e4bff9780993f7f8021e2a5dc90a140b7956205d54e,f98484948494c400,val,val,1,1
002419,500,344,RGB,1.4534883720930232,b01de23cfb3dcb09332096f193031ba6cfd741cfd8ae1c2917d150a9bd9bc432,e958199c9e333169,train,train,2,2
002420,500,333,RGB,1.5015015015015014,c101e0607d6596dea6424bdad4986e27ffd285b43b9b5e8953dc12047edfcfe2,c01608381ac33086,train,train,1,1
002423,500,361,RGB,1.3850415512465375,7b234190dc83024ca95824b9ca3f64a27f255cfb453c7ee00dec4127643acddc,6e6c0f4f070f0f0f,train,train,1,1
002425,375,500,RGB,0.75,62582f1125ba65a6ebdaf680f60c453c2d5a7d2fbc3baf32302f7d557cb45a29,d871453e27c1e0c0,val,train,4,4
002427,320,240,RGB,1.3333333333333333,b8483725c30b13fe6944bfadcec1f1a7cecfb181dd394f435d3b19df30285976,4080c0e0f4c6c26c,val,val,3,2
002433,500,375,RGB,1.3333333333333333,a8f5b550a614a6954b43132be31931386eba0173ada4578b95bcfb954a073e52,66d4b6d2cacd91c9,train,train,5,4
002435,500,375,RGB,1.3333333333333333,bd2a2641d6388d0f4dfafcaf4dd841e96fb2dd1fd1b474e7a4ffe79c911265fd,c8ccccccb0e58130,val,train,2,1
002436,500,375,RGB,1.3333333333333333,c68e9a5954578145bafe21b997dfcff98975bd20e061a993702fd2671aa68dab,b0b49a993cc3110e,train,val,2,2
002437,500,338,RGB,1.4792899408284024,d797d9a235891efb343b557a0834ee560e75eacc66f78a10c4dd4847362c6ee8,a8b89072f0e4d0c0,val,train,1,1
002439,500,375,RGB,1.3333333333333333,dacd3e4b04848be621bc26627a1c9e2ddd277e4ac13d039df8041784933225c6,f8b8d8cd8ddae0b0,train,train,5,1
002441,500,375,RGB,1.3333333333333333,3fa772dca5f1abfb1269f85f7ca5fdceda2feecf4419689754c79c2da38ee14a,80000c6c72b4b0f0,val,train,2,2
002442,375,500,RGB,0.75,4a96beebb83d0d5c00e1ab7e9cbac45dd4d46c33eebde533aba90a116eb5d4e5,f4e9cc8c0e1b4f4e,train,train,11,3
002443,333,500,RGB,0.666,1ec42bb851369896ce6312c47e0efabde3bf2d7b72357ffe589d2aa5a4ac5e04,2c2c3979f47cf2f0,train,val,2,2
002444,500,375,RGB,1.3333333333333333,c2a23d6819d61982890cc79ade1c4431b61fb243e90769b7dee1c852e482e469,939ae93912520242,val,train,4,4
002445,360,500,RGB,0.72,94ead68d0bd520747c7bb911d2870916aba07b10efc9876dcd896c893d18d23f,7d7d737d0e4f6d7e,train,train,1,1
002448,412,480,RGB,0.8583333333333333,921ed69d20145f19b14fe6fb3b5d971b895bd9db026e07c7cfb7f9fe95a2fb22,88a2a763835b4949,train,train,2,2
002450,500,423,RGB,1.1820330969267139,78e9ea88f151e354e6f2de732f89d461dac81483805ff8b94a61fc065d4f572e,e393333b0b6312c0,val,train,2,2
002452,500,375,RGB,1.3333333333333333,8d337e1ac30812dc625309c16747672d2d34b9d78683a29bb2f4de974fcc6cc0,c98b371293939d9f,val,train,1,1
002454,500,334,RGB,1.4970059880239521,60eb33d435be66f2e66512a84e3b617c54113ff4585a26d8b6f9c830503c35e5,8020226410b09c5f,val,train,1,1
002456,500,375,RGB,1.3333333333333333,1168768426591fea9320e7ba8057baf127c1bde71c2df0375ac95380eb0e38d8,6c1cdc3e31b190d5,val,train,3,3
002458,500,375,RGB,1.3333333333333333,d94f9f733eb07cd2a77ce20fc03b1642c6f672eedcadde4692754996d5292035,f0f8f8f860f0f820,train,train,2,2
002459,500,322,RGB,1.5527950310559007,a4e73470684ecdf4514bd2134ae5aa28269f2ba7fc6683f1a8996656c6c879ea,6945c78c8c870f85,val,val,1,1
002460,500,375,RGB,1.3333333333333333,43e430e411b4b6698d7301cc8c9ba57d612deed2f23732439fbcf84dff264b7b,609084e4e2e373fa,val,train,2,2
002461,500,375,RGB,1.3333333333333333,9c77f10e9c8f61dac725ac0cc20da7aab4e46b2bcc4248f86de34599d0acc6d2,d3c7cccc58499b8b,train,train,2,1
002462,500,375,RGB,1.3333333333333333,197a00be7e8d58f418f1b3ab2828b1af480d791e697d5a673b61c2cb39a19a08,c8c4f08b7ffcbc6e,val,train,1,1
002465,500,375,RGB,1.3333333333333333,570bb8da023e0cff81c503a095ed49bc6629c11129917feebad8b7f442969d08,e62425b631f0e0f1,train,train,7,1
002466,500,333,RGB,1.5015015015015014,47893e7247ee96fea74bef04a5790aa8d331f94bcebac5ad6517ce4db4eae545,409c22e44d8b70aa,train,train,1,1
002468,500,358,RGB,1.3966480446927374,ecb55180b90fd1a97a3f8bb25b899c4c7c7d22d0f6bdc8436a28fa228db79e20,49934303b73c7efb,train,train,2,2
002470,417,500,RGB,0.834,52821f4d270ae8845174badd070ad204398faf0e71cd1ccbdfb1817989acc6e2,e078389b13382c90,val,train,1,1
002471,500,375,RGB,1.3333333333333333,b6d94e3b425d6b4f6731bde66762c8586f67e69dad4e063c382c099f59bf5127,f05858387c243030,train,val,1,1
002472,500,375,RGB,1.3333333333333333,6e82dd72348770119403cf4be3d16d73f13c708a93127619afd95677a02dd051,60a25866ef194641,train,train,6,5
002476,500,333,RGB,1.5015015015015014,18305ab8ea27b7e15edb0469c2af5f568ba873b87d9710f56f0a7c53891b0cd4,1898b8b8b8e8c8c8,val,train,2,1
002477,500,375,RGB,1.3333333333333333,6f144c8cbaa05c77ba38448231a55b762fa4ded0421240ca9247aecdaf6af8e8,662799bbfae0e3f0,val,train,3,3
002478,500,375,RGB,1.3333333333333333,450c6651b5cfea8057d96293fb91803c1df6a9df5aeafe7ff0060bee9a6282a2,c0c0a20f8d3333f0,train,train,1,1
002479,500,375,RGB,1.3333333333333333,693a09133a539007d03430d1275f0a9b8f365697024b89dbc46a70c638885189,d8e0e076420070f0,val,train,3,2
002480,500,375,RGB,1.3333333333333333,198fc5f448ae28589dcaba763115b259d606c072252d1fb0b36f7cb0bf704a7b,e6346ccf8787cd61,train,val,1,1
002481,334,500,RGB,0.668,56299164ff6e87ef44ecd68bc5ce807101ea692cf9f1d79e6b3b519e55ef0491,0161091909190961,train,train,1,1
002483,500,375,RGB,1.3333333333333333,17136e506e3c81f6c563f9a3547c14af0b482c92086cc8ef71c29df34cc3dd1f,e2f0d8b2f22c34e4,train,train,7,5
002490,500,375,RGB,1.3333333333333333,94261b51413a154e4b4ed764915b4f74fbeabb946e4d46bab3eeea019dba38ed,e1f171b161e9e9f8,train,train,5,4
002491,375,500,RGB,0.75,90cda239fa7743c603acb9bd6834998898e92e0d6c5ad08b622c0f7a14fd65ab,ccc696d645c8e8f2,val,train,2,2
002492,500,375,RGB,1.3333333333333333,0c965ae647f369ea8e964fda37ac96cc1f00946120633b4bfe72e007936b0b21,8c8c8c2c48099190,val,train,3,3
002493,500,375,RGB,1.3333333333333333,e4ba46520e64f6a745ed7285d4b4599f11f9df9a0ff66df514a0fae5c3f3e902,c0f0fa62484c0c60,val,val,1,1
002494,500,375,RGB,1.3333333333333333,081e3413f9e21f46a907fdf81442050c3c09cd0fb2fef24b94e3cb9c0f0e8fe4,4accc646a7b6c4a3,train,val,1,1
002496,500,404,RGB,1.2376237623762376,1eff0e374ce696a31a1dffe1547bd72be84f56d90b3e5f0c419189cefb3fa5c5,0ca00034350f2612,train,val,1,1
002497,500,375,RGB,1.3333333333333333,b61875904b730ed242d03f6092cbaa93b2db6064dfd3edacaba160bd5f7b2bf8,5e7b53f9cfcec430,val,train,5,1
002500,375,500,RGB,0.75,f11ad5a63248fcb2276674a0bc8232e8f5f4974ee9eac99e299d2a1793e8bf13,9a9f9d1c2d3d3c1d,train,train,2,2
002501,500,375,RGB,1.3333333333333333,069ba49647c5bb916678b4f39af63ec29490fe931f037457e0fb11395eccf013,33a393a331d3c9ca,train,train,5,5
002502,335,500,RGB,0.67,f8cd1fe3823328586c4fc8713a513ab8ea5034449e2b1c9d3d0bfe72832f088c,c2dfdfebefcb4f78,train,train,1,1
002504,500,374,RGB,1.3368983957219251,44346875f782783b4cb69b288bece53f990be3f5bd2cd158096aae4d25e50fa4,080c0c0e0e0c2e2c,val,train,15,9
002505,500,375,RGB,1.3333333333333333,f861993d9c8f3d70e3f74d3683951c0cdf0d22f4e0719301bad84277ec77e366,9c164b63336f2e1d,val,train,2,2
002508,500,333,RGB,1.5015015015015014,37729757ba0020302f917b7546b41e26bda6cae77b8c5c84495b4c8c4eef4bcf,73b0b0f0f0f0f0f0,val,train,1,1
002512,500,375,RGB,1.3333333333333333,2833cdfa7a732f974d841dd9deead06adb8c2721b8abf70533c44db7716037ea,a42c2e3b0b4b2f8e,train,val,4,3
002513,500,375,RGB,1.3333333333333333,8b5a97ca72c1c06764e137c2e2a40f2040c8da16c0a23c241589ff787a0cf0d5,d8dadad9d81d991f,val,train,8,7
002514,500,333,RGB,1.5015015015015014,125d1b17f7a6491245d569bb79752f298d75c833720c64fe073d69fc3be1276a,dcf8f87c36beb6b6,train,val,3,2
002518,500,332,RGB,1.5060240963855422,c49abbce07fcd458fd4f8a791b93faadfe95b51f160831bb273fcb1fc21fdbef,f8f8f8d8f898d8c8,train,val,5,5
002519,500,375,RGB,1.3333333333333333,e0b7413538fd6facc9965261cc5e3a6a9f4da5bbcc7d7bc2ea644b64caec49a7,95918bab8bdbbbb9,train,val,1,1
002520,500,332,RGB,1.5060240963855422,f9bfb4b52803a84962d93a2e39d7d5accc3cd2878815da22fb08b054517be0b9,e95456142aaaaac4,val,train,5,3
002523,500,375,RGB,1.3333333333333333,d8259bf4a9ae226cca08415ba03c4e0d0eeb52a1b673b73938a8331917f89a39,a8b2b2b1b2f4daca,val,train,1,1
002524,333,500,RGB,0.666,0e3fb757b5fd77d0b5620e4e6083013f56e7fadbbff7651a656c85e648db8eae,84636f074fcce5b2,val,train,1,1
002525,500,375,RGB,1.3333333333333333,5be3eadc13055eb881f5f66f91aba840e2490c810f4f0ee3dd42360ced7e321e,acda9cff07018fff,val,train,1,1
002529,500,375,RGB,1.3333333333333333,abb2064f2d1103938263bdcf64ff73706a36241bafbfccbd40be30d70d487060,30f16071f2f268f0,val,train,2,1
002533,500,375,RGB,1.3333333333333333,bb55021e60654fa0f9b9a99f4d73130a216f303044a94f9d65c933e5be3e1310,7fb2c6d2cce4b097,train,train,3,3
002534,500,333,RGB,1.5015015015015014,49fecf94eb096ff67103ac5752120ae09318e0b3c1ed5cf35b8833221e953f32,646445efea94f4ce,train,train,2,2
002537,458,391,RGB,1.1713554987212276,e07b71d2261a3db080c342ad941101e6d5704eb0c1e6468666780d32f046dd13,ac704ccc4233997c,val,train,1,1
002539,500,333,RGB,1.5015015015015014,6d816c52fc2aaca7e0f7c50a9dc71e7099b8d08daa8d3f6393f2bff83f1c1a3f,cf54f496968f8ea6,train,train,2,2
002540,500,375,RGB,1.3333333333333333,04ca65ea06ca08a97875650d1215d6ac4f0a712149feea3deda6ac82129aae01,978f8c8c8c846250,val,train,3,3
002542,500,375,RGB,1.3333333333333333,83f38d8c4a0e84591f438bc772054150e70421a77297a51446de4d68f85af8a8,169fdeba8ac35363,val,train,12,9
002544,500,375,RGB,1.3333333333333333,3e34512754963db06c618e97e3b162b998a1bc124012c3387a85897981b1d902,abc64c0e073ef181,train,train,5,5
002545,375,500,RGB,0.75,7ea5af2da5bfceb6f2db4f35ca3edb44be31958f7ed774e63970cc3c95368fbb,3020e0e109989cf0,train,train,4,2
002546,500,375,RGB,1.3333333333333333,443089cb17318c096fc02495bc17b4b05e9d8c12f32f605f157c9162ed397e9d,4e0a0b43c70607c5,val,train,1,1
002547,500,375,RGB,1.3333333333333333,52fce8c0caaaaf0b6d05212aae56d654358c99d09d0f0afab6152d1a5e782d4a,0e0c9e1d0dc88132,train,val,1,1
002549,500,375,RGB,1.3333333333333333,dba3cf60b6cf8ed9b757ff5b102a9f34bf2e78a7e391c29fb384ad71c4cd16ea,c4dcb8d8dcea40e8,val,train,1,1
002554,500,332,RGB,1.5060240963855422,c754f7f60bd4be0ad70996b6150ddbf6f4e1834602884a3e58119ae2e4d3389a,c080a28649c0c0c1,train,train,2,1
002555,500,375,RGB,1.3333333333333333,18e3eeb1e1c42e6985764f58f727482678aede82f9683663c62226a5f49d525a,0922a8193180a42d,train,val,7,3
002558,500,375,RGB,1.3333333333333333,c6d8b2521af15b010df2e55a817ffa8ad32394eb7430270cb06612278aba9381,3946c59999111118,train,train,4,4
002559,500,375,RGB,1.3333333333333333,60c160b4d1c732803736664c4baad855deb2b410ce107e112e74543b886e0966,4e9ec6a93b178ee9,train,train,3,3
002561,500,375,RGB,1.3333333333333333,6e9390d842a7f014babd3eb2047577df7dbe94f74faf3c1debe2ba3cf59bd349,bc38316d066c6c6c,val,train,4,4
002563,500,334,RGB,1.4970059880239521,1a08bef4243665d618aff52e550193f0e133f8a7736a0f4f68852ec4ef098210,fafe3fb736f6fcfe,val,train,4,3
002564,500,333,RGB,1.5015015015015014,b3033391523a020b4f3749b988bd27d9349830b8620ebe5195a643a10d18fbd9,bc36f6d69ebc9c96,train,train,3,2
002565,500,375,RGB,1.3333333333333333,e0b8c65ea34693aa049c61a9c46edef3942f0636df353ab79c0924b1ff3a10d7,199992929b39375f,val,train,2,2
002566,500,375,RGB,1.3333333333333333,05b5dc5e25f7f68141c00ccaf177ed8967efb446694293d1316c4a20297e85b6,00092575c3fe7e81,val,train,8,2
002567,500,375,RGB,1.3333333333333333,bba619af050f72b4527a368cdd2ff0106810cf92774f88d0193d3b14505ac887,f093059993956161,val,val,1,1
002569,378,500,RGB,0.756,1cc30791c5a77d431b07b8ec6041489e278fa1b1a3584c30fcf6cad41b31e420,59dd797be6c4c62c,train,train,2,2
002571,500,333,RGB,1.5015015015015014,0359d447726c772a90d4357353aaa78c639d1bfed063ce66efdfabd6927bef5e,30989c9a1c2d3c38,train,train,1,1
002572,500,333,RGB,1.5015015015015014,269506af5b77ac570a09147e9cc5ec560a93143849cfc33efe2503d3172796fb,93ece2f2f0f0656d,train,train,15,13
002578,500,375,RGB,1.3333333333333333,664cb294439bf6730e1fea7fcc1dd8009c75fc72fb1ee71db6d2686d91f40d6e,99b9a8f2c2c6c668,val,train,1,1
002579,384,500,RGB,0.768,0135bcc154e98d985f6937ac52d248eb6b7fe0dfbbcef11c129adcca6a010823,383c5e4e6e2e3d10,train,train,1,1
002584,304,500,RGB,0.608,230040a3847fed0885f0c12e1f6f2e3561612a4030a06518c8e8a60bda607faf,cce6fa8869f23270,val,train,5,3
002585,500,331,RGB,1.5105740181268883,69661a61771ea8cd3dfc964b14447a5764d34c1714318b982149c06ee2507f7c,de449732aa69c9f3,val,train,4,4
002586,500,500,RGB,1.0,fe36ce0c02f3f83f9e76586d744efbf1ac77702d3f3233c7c491325b8adcd4ef,6141514020236163,val,train,1,1
002589,400,300,RGB,1.3333333333333333,311189e2636631c2c1d4de80995176afa99584b6810ce633095936964ebf3c76,b6b61c4cdeb8bafc,val,train,8,6
002590,375,500,RGB,0.75,a6eb565af38798cd61bfb52c2aff340dd630556ddd2c1231ac837860953d5d00,a52185fc6466c6ca,train,train,1,1
002593,500,375,RGB,1.3333333333333333,4d594e41f472aa5216b4d35151445c491384e149f218a282a61081e0c4dbade9,c0c0a0cad2242b3a,val,train,1,1
002594,500,235,RGB,2.127659574468085,4c59b16d2aaa185e64a63ac50237012f51fffa08f190a1e42acc64da968ccdaa,88d8d8d85b494b2f,train,train,5,5
002595,500,375,RGB,1.3333333333333333,00305dc188023b8cfb830ae84e4514d567c85ce26f56598e8fefb9ac7d325155,cdcdb4d40b3cd0f4,train,val,17,16
002598,333,500,RGB,0.666,cbd7173392bfd3b954bc9d3537e1e64cc3d7513d4fee6a4c23029c1aef185f20,0547474548cc2c30,val,train,1,1
002599,500,375,RGB,1.3333333333333333,d7f672d2297a5c4f7ef47e015039a72ae8fe63873c4aead4396020c2704102ea,804069989bb39f1e,train,train,2,2
002600,500,375,RGB,1.3333333333333333,9f8fdc55a5285cae4fd0159bc1afa8a4679fc0935a4a9691069bc64772692caf,1ddb9a70563e2c3c,val,train,1,1
002603,500,375,RGB,1.3333333333333333,ddb83c5c20918432097757e86454fe71118acf1203b4b92daf90acb226873955,8acbf2d25e4b63a1,train,train,1,1
002605,500,333,RGB,1.5015015015015014,1c135b6250d5f0157f768c1beb23e8c112b40945a83573c9871461f603ed6984,60b4b0e0a032e040,val,train,6,1
002606,500,335,RGB,1.492537313432836,ad5776b508841f5a65f0335ae818611e2acbcccaa0d0af8210381883a54932f6,aa7070c9cf4ce8f8,val,val,5,3
002609,500,342,RGB,1.4619883040935673,b84819122841d929486a89ed1bb9c8190db8e21135d0ab7f85a00185b2e0af23,8d0c6df3dbdc9c9c,train,train,1,1
002611,500,375,RGB,1.3333333333333333,cabc51591c416358ec6f59ea186c9b9e9d2ec89e1b656779aab173428a661291,0c8ce4fc34f0e4ee,train,train,2,2
002613,500,375,RGB,1.3333333333333333,5e42375fbaa6959dec98d5de3d9c090b7ecb234fa717358895c560bb4954210c,f6fe6eb4961b3ad2,val,train,6,6
002615,500,333,RGB,1.5015015015015014,319409afe62588ba991798787ab39747bf870b33fd6a0a3fa0ab9d622928a6a5,e0c0e0d0e071aca8,val,train,2,2
002618,500,384,RGB,1.3020833333333333,18ae3be7615f0cc1b6e19325cedded3ea9c893c8f79bd4a50f962dcce8c65f95,b4b6b494b6b6caca,val,train,1,1
002621,500,375,RGB,1.3333333333333333,06f489d2bc0992e1c46aed46298fa2f5640d5b4ea471476068dcab2c430c3d2d,c1d3929b8fc99c29,val,val,2,2
002625,500,375,RGB,1.3333333333333333,9d131a82c26aae9b7650375f7f7ad68d586948fc5cafdf9e78a697185ec26609,ee79c9ce4830a0e8,train,train,8,3
002627,375,500,RGB,0.75,9c371d1ae845b7db2c4389461601aa22c249a36cf908b1d0e10a0a0747460012,e57d715d4df9f8dc,train,val,6,3
002632,288,352,RGB,0.8181818181818182,3e3576c22ac17a30a966988b4672acfeb683b5170c3adf55075020fab701fc72,4be3a3a7cfc64ea2,val,train,1,1
002633,332,500,RGB,0.664,740f50ebcdff29f3dced07ee8f4d0148093b536658b3dbd0a7701526e1562237,474b71723232f5e4,val,train,2,2
002634,500,339,RGB,1.4749262536873156,18043f9c07402463d7087eeb881d7755d3e4de9ab445896b8bf6626a454049a5,a7b1b19a8ed2d3b1,train,train,2,2
002635,500,334,RGB,1.4970059880239521,3bb26b75a1f318eed11984f91583eabe9155ebd98acc031b519167cc5dffc8a6,88bc5878e4241e82,train,train,1,1
002636,500,375,RGB,1.3333333333333333,55ae8055ece7c68dfaafbc834a194b34be377b40fceab8becf2b763101446b88,f0f0f6701a1c9d30,val,train,8,7
002637,500,375,RGB,1.3333333333333333,5f0c1e360fa867774593ec58285411b0f01b67ec8c05d77ee3a732a87e431b59,a3fad6ce3a3050e0,val,val,2,2
002641,500,375,RGB,1.3333333333333333,5cfffe43e72332d22b7f1a059c2e20191902333557015da9b84254d1e1d6f95d,fcfcd6d1cd6570f6,val,train,4,4
002643,500,375,RGB,1.3333333333333333,26e12dd8ed3b2840e3199baa5c871581f82563c06ad972da27b9d20b76f7b7b4,e4065dcdced3f2b3,val,train,4,4
002645,500,332,RGB,1.5060240963855422,0c2fe6edf940421ac61f120464d1955546c4b85b27b50ddbf8182e92b51ecf6e,0632322e2ebb62e6,train,train,4,4
002646,500,375,RGB,1.3333333333333333,f766e411ee64f923cf8477c6dd199889b9dafc059bf1287a4f77ca8345f29f6b,9c9ccb839296aaf1,val,train,1,1
002647,500,333,RGB,1.5015015015015014,34f4f48d0ba5100336d16ba38df33ac2ca877e7605013374639a9cb1ceebbcfb,a58084f602c4ff13,train,train,1,1
002648,500,375,RGB,1.3333333333333333,52b46442cf02501f30e88930b1e81bf6095177358cd31086e0695df7beb1a223,949ca4e9d1f172e0,train,train,3,3
002649,500,320,RGB,1.5625,22e7ac224951ed97d5c38b5411717ef37f2b2c70f5d0fd166a7b807e2bc4928a,c2c2a4a464eae6c6,val,train,4,4
002653,500,375,RGB,1.3333333333333333,e08de278de5db3f0cb58be22f15a9ece79834236662ee6c487507e26bd4e619c,c4e4ce8e8ed6c7f3,train,train,1,1
002657,500,375,RGB,1.3333333333333333,6f006702c36445c133ec6e4cadb20cf6f1c493d1925e14b655931e962c5c60ff,b3a3e4280cecf1ec,val,train,3,2
002658,500,333,RGB,1.5015015015015014,4bc61e8ea83cea413a792f4cb226400dd9711d5e2f5150d2593d08269f853d3e,ccc89493910991b3,val,train,8,7
002659,500,375,RGB,1.3333333333333333,eb1479ac7162abbe17fd16ef2a57c2300332f2f166075ae1317de5c73256563a,9090909090d4e192,val,val,1,1
002662,500,378,RGB,1.3227513227513228,bf0f97b2d695537972d387e3f1a4aafa959e3d1d4b5c8d8171f044e93a57a9a2,81b0a2e0e1706460,train,val,7,6
002664,500,335,RGB,1.492537313432836,556680247edfdb5d352f9e90094e991c189a2c80c875bd738b67f9e799361d86,e7e8b42152d1cdfa,train,train,7,5
002666,334,500,RGB,0.668,b8abad37280aa0584bf00e8635038c268dcb0d2f6edd91f9c8e959e5e78a76a2,36b6903c3426bcee,train,val,2,1
002667,500,333,RGB,1.5015015015015014,f00c7ac6fe1db38ed82809e8d3a5000862d0545b24b349399be1eac5986553fd,4d30624e7a30d951,val,train,1,1
002668,500,375,RGB,1.3333333333333333,8c9b8bb13cf561f86fcee98e37629190fc449784efe2204dcd838249ce400f7d,85d696862c1c0c72,val,train,6,3
002669,500,375,RGB,1.3333333333333333,e60d68d20afbfe611e4b0032dc41577b256ae8a9b9a474fe9ae9406317d01b65,3e2625286b3a62d3,train,train,4,3
002670,375,500,RGB,0.75,f329c743eb3970d9fc8882bff3f74165f81f00a9cfeb4a380daf5cc0877c1d83,9ecfbfb7bf9b596c,val,train,2,1
002675,500,333,RGB,1.5015015015015014,ffca11a52e97e569b9a47324b08f45a8c68d3d612bbc52c4cedec7761e27893b,ccac3d9e97a79b86,val,val,2,2
002677,333,500,RGB,0.666,863ee780f28fd7f3ce68c900d5e830da23c6758e7222e85ec765aad4b19f0b7b,b43c7c6a6bcfc73f,val,train,1,1
002678,480,318,RGB,1.509433962264151,725c266b77416090d1a97dac97264523b259920e1fd4851a8bcabd55cd455934,2c3932e0c8819c90,val,train,5,5
002680,500,334,RGB,1.4970059880239521,a1957d854b1334e97f4258cc9328ed635a48704f3a5cb08afc561411a92f553d,e4842c6c23e6c63e,train,train,1,1
002682,500,375,RGB,1.3333333333333333,a7a123ea5ea9fb86c6c1cc8f70f874adba6ca6ef2aa9506927f1812cedc81cb5,781f83e0928d75d2,train,train,1,1
002683,500,375,RGB,1.3333333333333333,33dd19c6b56ab98a2a30ca0c40e017e057423b9f8f9f756375ec67f91c71c3fe,90c4e0924ea6a36c,train,train,1,1
002684,447,500,RGB,0.894,9bea01195ecd77ca8ae59653dc0cf734bd3390b2322d445b0cc811a99a24fac5,864c694950260f33,train,val,1,1
002689,500,375,RGB,1.3333333333333333,261da2020919ce3f55f51d778f5ffd991660931d17ee0c025047a6f8dec7f780,d8cc0f07ecacaca4,val,train,1,1
002690,375,500,RGB,0.75,b2e6a885b7b9cdd10dc107889c72e13cf73d2174b925592520c7e8286156cdcf,d8d80d11e2c99b1b,val,train,1,1
002691,500,375,RGB,1.3333333333333333,a2a4564975734558da685bf96afc927d59294fd169f3b0b649da84a605126f0d,3c22429a3a5cba0a,train,train,4,2
002693,500,335,RGB,1.492537313432836,a3d9f1d6800bb604db2b4ce9e94eccc5cb447a128a0a9d3cea51d00adeb5a3e9,f5d1d351795352e6,val,train,6,6
002695,500,375,RGB,1.3333333333333333,0ad613715526137536ab5bdc53a7366873e794f881fffa30a55d332b366605ce,9a0848489a4969b6,val,train,3,3
002696,400,500,RGB,0.8,cf7db41363c034227d1dcd9e1d8d27e6961f4e99d927bc3668959b0c299396f6,f021a7c699381802,val,train,3,1
002697,480,498,RGB,0.963855421686747,f64ee1b212efe932fe103fdd054b22f7832c557b70058fcfc27fb040fe07dcf4,3a72e3e3d5b5a12e,train,train,3,3
002699,500,375,RGB,1.3333333333333333,53121adc9864194a1fe2e591849e72be452d2d71dea71e1abda98d4babd63fe3,7b23f0d9d0b41a18,val,train,1,1
002702,333,500,RGB,0.666,2f04a3ff01018608da1109763dc5a3ad8679ad9c311969bad50fc1c3dfdbb86b,9a96070387c78e9f,train,val,3,3
002704,334,500,RGB,0.668,5cbf40adad295b8d698c3859b58b72fade8847ad01e3d6ab20bb15305902ea96,64b3c7f0bf84721c,train,train,2,2
002706,500,333,RGB,1.5015015015015014,c9d2cee07d939673276e6b17b5ab1fe791e21c13a609a6404481a6210479251b,e260e6fe99bc6cec,val,train,1,1
002709,500,432,RGB,1.1574074074074074,e4b224c3aa0230032075aab5a8940542bdeb340707bbb26d525fb00c2dd4f374,f1999976666467ef,val,train,1,1
002710,500,331,RGB,1.5105740181268883,0254d0534a25833ddad3de73b1f9eb03d0302f452934102754a82ed81aa752a6,e6a93191a5e0ea9c,train,train,1,1
002713,375,500,RGB,0.75,6f09f149d5f65eee74b526006534d8047bcaf2738ed5c76ee3389eb617e8504d,195b65db9f18d110,train,train,3,3
002714,500,375,RGB,1.3333333333333333,3bd5ddb2c555f97544323db211718ce1f6c6957594ac6c5e905267bbd69feb6f,f4ed8bb49494e498,val,val,1,1
002715,500,375,RGB,1.3333333333333333,0028aea97be089754d021093b3cf4ad7cfb40a4634b69bdd5c1e5a9ce5618c34,13073c362e2f7712,train,train,4,4
002717,500,375,RGB,1.3333333333333333,6f10be5393943c739efb6e4edec7a1172a18f772f6e44d997cb99f76d20c5589,fbd8f534f7f38f1d,val,train,1,1
002718,500,375,RGB,1.3333333333333333,ded0b24af67aaa35e119bd110f8ad5e7fe94ed2b7b182f38ab689070200a1e0d,599199cd041ce009,val,train,1,1
002721,500,357,RGB,1.4005602240896358,8318ff00e3688816e7d4bd0d805fabb11cef9bfc4028e476560a61b0ae7bfcbe,fcf4f2f3f1caf8f0,val,val,1,1
002722,500,375,RGB,1.3333333333333333,255c22f4743869fbf237803742f36b62f8dd66f255a73b7d60dacb0849450418,e89292335606d8f0,train,train,1,1
002723,500,375,RGB,1.3333333333333333,870a9ab08274a717a6596acfc1fb21ef1a66ac93def1003881cdb8489845166b,c0d0c9b33064c4c4,val,train,5,5
002727,500,333,RGB,1.5015015015015014,ba908c363bd3acdbe60f856d5b6b076b2d268777567cddee71766b525359738e,d9c9edacacdcc4c0,val,train,3,3
002730,500,333,RGB,1.5015015015015014,db1c2ed79e7b4acb86cc44c72c5c9abed694a92c68b90ae7eb56b3f6da6c6962,c91b3246662e5c78,train,train,3,2
002732,500,400,RGB,1.25,b79a1f244c77770e79ec0e8f3d1101c6d6b921fd00694c7ba04e9aa58f3f298c,a5a7cecfc0d0c7d4,val,train,1,1
002734,500,374,RGB,1.3368983957219251,242b310397d11c2f87d71cecfeebfa2489258188dcdc18e81531d6d3d4d922f1,5deee2e98b1c7066,val,val,3,3
002735,423,480,RGB,0.88125,795cab1237dbad5a539d14a071905f140fdf969c2b814709d8b5eea4d39ae7fc,d1ccaf6317372521,train,train,2,2
002737,500,335,RGB,1.492537313432836,43d9862c3331124969b2a79871808799eb608153a916eb5ccde37931ae6fcb72,f1f630cccef2fcf0,train,val,1,1
002738,500,281,RGB,1.7793594306049823,82d91fe29a384407198363a3bbdc590ec69c33063291050d69e807ebac3e0712,00000080f0c04000,train,val,9,5
002741,500,333,RGB,1.5015015015015014,64dcb1c23951804fc8e50af700840345c75f331b4428bc1b529bc47d10adde08,294eadaf4fcee4f2,val,val,5,3
002744,500,378,RGB,1.3227513227513228,874e3d050644e6ad4ed7bbcdc1555905e981ce936ca915ff4dd6fdc23d29b8d6,6072f2e363238589,train,train,2,2
002745,375,500,RGB,0.75,ac894cfa90cb7ae088d52e2c65462e607687b76cfd21566d5337f0e888880ab3,2b1b1a3b139bd390,train,val,3,1
002747,500,375,RGB,1.3333333333333333,f9c092cfd0e2fb995e7e09f3ad6f1da36b32e84a8e0ddfcb20225b437d25d4d7,2424f4f88d874be6,val,val,2,2
002749,500,375,RGB,1.3333333333333333,db3eeed20774d67bd7cc98d96bec021c3b4d19c6667ad9943cda19efe2e4830e,4bc744658958648f,train,train,2,2
002751,500,375,RGB,1.3333333333333333,db963f625b52fcee739b7649e0bb06dbf188c4ccc9de8912f4255703335efc0a,c4ad89999e3c3cc0,val,train,5,4
002755,500,375,RGB,1.3333333333333333,f414051ceb166fe25aa87c94013676696278bb8d50f29e21e2b2cf614f14809f,bc3e7e6ccec7f03c,train,train,4,2
002757,500,381,RGB,1.3123359580052494,464346bdc1e3c104642d5ee002400cd2d9fa746846d6ce2679ec0243d8858f6e,1006432726e3c7c3,train,train,1,1
002759,500,374,RGB,1.3368983957219251,8efdbfd2e3f0e19fe3a9fe4236becec4cef8622ea1a7fae9e534f5de3a6cf629,91595c44ce868363,train,train,5,5
002760,500,333,RGB,1.5015015015015014,5d1e04e471f08bd9d6da99ed42aa130d683b5f42d12ff0780ae472831d31444d,93b713454db4e7e8,val,train,2,2
002762,500,375,RGB,1.3333333333333333,8dfa167af987904f279163f436080977cce79a0f9c74a29e06d6434213a2263f,83036525191d1898,val,train,2,1
002763,500,375,RGB,1.3333333333333333,eb199323f9fdf64b95b61818a89084788f7a6ee1c82ff956baa09ac7aadb2b07,1d151a2a031b263e,train,val,1,1
002765,500,332,RGB,1.5060240963855422,f192caf9ca4700d703b0133c2ba8e73891f40172406b966796100efd674f6fd0,f0f0f0f0f0f0b0f0,train,train,4,4
002766,500,375,RGB,1.3333333333333333,f02379553884da451b3ffaebb3762016f5e69c9db589239d8d21b1b1c239c70e,2048061cd8c0c0a0,train,train,1,1
002767,500,375,RGB,1.3333333333333333,50cf7daf36a5ba80664858c3d33279f21791b216934f7e3b291309ce05333095,3832329810523113,val,train,7,6
002772,500,375,RGB,1.3333333333333333,acf6ebb5cbdf2d72ff58914d7c59d0f40e7981057ab23755925e054cedeac53e,e6c6e6e4370bc0d8,val,train,1,1
002774,500,375,RGB,1.3333333333333333,6767358d85c2f16375e07433f23705a0208af095c7b46c27ee928673a4cedb48,022988c8a8bbba3a,train,train,2,2
002775,375,500,RGB,0.75,1a4e83a33bedd7747fffe2c0adbc97650028372e73a627dfea606d1ff65d63c3,f6dee6c4c4c8c4c6,val,val,3,2
002776,500,332,RGB,1.5060240963855422,838199984f553d2789d644809e89e7354452677aa9a5924f35e2417b9a55926e,7cfef332bfb4d4f4,val,train,6,3
002778,500,375,RGB,1.3333333333333333,9502739920c046410a86cecf8f91c04c60812f69db0cd786ec9065c9b7730db8,a098919136f39461,train,train,15,8
002779,500,331,RGB,1.5105740181268883,42ee3c63f13d6eaf351bbcaf968b4b14657ae7861e09096ea16c7efdeb23b49b,d89e9aa67373c339,train,val,2,2
002782,500,333,RGB,1.5015015015015014,d364b17296d033d554358f9b6ff1bc66a93e37a493fc707d97740d64e8a304a9,bc3d1bbbf6c4fcfa,train,train,1,1
002783,500,375,RGB,1.3333333333333333,1ab67ca26847bf320f1ee4aac021780740dc073a5750756cb5c7cec158646faa,f8fcf8f8f0f8f0e4,train,train,2,1
002784,333,500,RGB,0.666,a432be216d368bf1f46680104bd053a4149d39754829e4acfd9e91938b3ff0e5,a131a0adc2244591,val,train,1,1
002785,500,333,RGB,1.5015015015015014,c1ca68175f6c57e9f758bd2bca8f1eb77b6903d2cede3dcccabf89b8a9174bef,f8f67afaf2f00303,val,train,1,1
002786,500,332,RGB,1.5060240963855422,7cfdaf20be57439cea075f2555a3ca3e7182013a3d0ed9b5a484157051de6a0a,88e6f848c3d11f84,val,train,2,2
002791,500,319,RGB,1.567398119122257,490300fe5fac3c57d50dcaacee2187fce599550826f5ea784d16cf05834869c0,0d874343c7674b2a,train,train,2,2
002794,500,375,RGB,1.3333333333333333,a567f3df6e78bc4185c5f1e421d6e1860a6620547123692ef224ec0a8e7b85aa,19786e6c69496939,val,train,1,1
002795,500,375,RGB,1.3333333333333333,0ba45dea59e09e2a0de11070d3eccbe9755dfface8db354726588b913246253a,e0fffef6d8ccd090,train,train,5,3
002796,332,500,RGB,0.664,4f09d9dea9b87eb9259a2001d73cc1f0ebe484259711bddb29ee4101abfdf24e,2828383e3b79f0f0,train,train,1,1
002798,500,375,RGB,1.3333333333333333,e61de67779dfc4d6e9505754ac0269db124eeaf93c105f7bf16de60c7c6fb457,e96564e8ecd9b0f4,val,val,13,7
002800,488,425,RGB,1.148235294117647,f00f25d5218225f8ac8566858a13e1615cd26265f6ecead0561b290d4f0729e3,83a1a48ecfdece70,val,train,2,2
002801,500,375,RGB,1.3333333333333333,74718d6b0ac0ebae1181da28b6429207c32d2a33928703b4d5bc45807d485523,578bc8e14498b4e3,train,train,4,1
002803,500,375,RGB,1.3333333333333333,6f1aa3910c5a04f83a95bdcf30ee53c6d061a97f1d46c16a92e803cb99518187,aeae930bab9e8feb,val,train,7,7
002804,500,375,RGB,1.3333333333333333,bd6581cc0fb7e6b51a1774f5eacee83ed73760cba7669f9a5578604ce0e0cda2,58580d2852d6c4f9,train,train,11,11
002807,471,500,RGB,0.942,150de4c8bafe456ba8bfc009f18bf3af4774473d95787b965ad448c86fee0e8c,29ad8647c7072627,train,train,2,2
002810,500,325,RGB,1.5384615384615385,0c234e825356c9549378ad6659bb768541f4e59019cd287a70da424b7d331e59,c894868e0c36e2f0,val,val,1,1
002812,500,375,RGB,1.3333333333333333,3c8289bfbb10361b1137ff646083dca751fd637d3a94e8b4421d69eeae0eabd8,ce78e49e0904e07c,val,train,3,2
002815,333,500,RGB,0.666,3ef2112a8d7e152b30c8d74e6af858e2b40eec4f1e3f85e3d93697bbf77a5fcb,179e3a3e363c31d3,val,train,1,1
002816,500,375,RGB,1.3333333333333333,e63aa5d02b5d026281b002945248f7c2ce49007dc64386e77cae52eea3dd49d9,3088c5c2bae3f39f,train,val,1,1
002817,500,375,RGB,1.3333333333333333,f2d96c26fdeaba579661a42a6197be07886bff5c868164db93f8a5199f28efba,ca8e8f0d9d89d80c,train,train,1,1
002820,500,371,RGB,1.3477088948787062,e2f191defbae96475e7cc4696ae89b51292d19dcee7ce127503326ddbbe6270d,21252d2d2027db99,train,val,3,3
002826,333,500,RGB,0.666,e9752ea8f34f842f22dcf29a1e145821f29c0517de27a8d48f407a64e2f75da3,e15e5e36d4f67474,train,train,6,6
002827,500,331,RGB,1.5105740181268883,6621ac0e32bdc9d8b98051f23135aad36f33bf5f67ce326297a4b13b763717b4,cefcb4b68b9b4b43,val,train,4,4
002833,500,333,RGB,1.5015015015015014,7d65722226a05c8d073d954af93ac042523572a3eb8542b3bea860a8192e9973,5b472e3627269703,val,train,1,1
002834,500,488,RGB,1.0245901639344261,c13c1d525ee85ced4d5da1ef232bcb32a23391b4bf4dc69a00107a242b35d649,838bd8b49d9c99cd,train,train,1,1
002835,500,272,RGB,1.838235294117647,abd6b34869e6797c7a50ce495b592c6439ad4f36314605db5eac7b44ca762719,e3e882370307faf2,val,train,1,1
002836,500,333,RGB,1.5015015015015014,5fed992bac950988585eec2744abbac8c553bf8cb49c5a8a7b6f7d8e5d022d0b,80202028489426c0,val,train,2,2
002838,500,321,RGB,1.557632398753894,c3e2c9c3a87ba53f79f365415e33620bcac2c9ac17e65349ecfd6610673b69f0,1f1e1e0e08494f24,val,val,3,2
002841,375,500,RGB,0.75,7678e0f091f86e11ebc556a26d9af6e44f32ff9938520554cc3467af50ecbeb1,6c66e3989ca3638b,train,val,2,2
002842,500,332,RGB,1.5060240963855422,65f3c5ce4873a018cc4eb1150be3b6336cc8cfe3e3640cedd47aecda455677b4,24d89a5b4b6babe4,val,train,2,2
002844,500,325,RGB,1.5384615384615385,fdc75a8a52818b2ab65e22e8f185cd9afecc7857b31b568ca6315871a68f45d2,b2deffecee67f4e8,train,train,1,1
002845,375,500,RGB,0.75,6a5d3717a3cb9bd394ee230b912fa71a8fb89bee5398ea0d715e3a2332373b18,00f0000d1b78d0b6,train,train,6,6
002847,500,333,RGB,1.5015015015015014,bd527fa7fc1503d9cceeba4f3106489a18aac97578b836a2d0902cb979d30921,b49002c4841338d2,val,train,1,1
002848,500,96,RGB,5.208333333333333,f15aaf90b4b5b939cc7616a8f1edd226a84c19ef243627e0eefd64c992896bce,bb737b6949c3cb93,train,train,1,1
002854,500,333,RGB,1.5015015015015014,2def69d57cae15988718d4afea7ca038e55149274b0766ac5ed2102bf49e48ac,59a5a562e6bbf102,val,train,1,1
002855,500,375,RGB,1.3333333333333333,156ae6860e31d788e85815188762a707290390a1ceb49985dde21207b11466da,2c2c0c3c2c6cdc5c,train,train,2,2
002858,333,500,RGB,0.666,1c4fe5f21f015ae9ffc57eb473470da8353fbaf0beda1176f5c7bdeb7c7b902b,5e6a72b07257d6d2,train,train,2,2
002859,500,375,RGB,1.3333333333333333,c9bb25c08d7724891a0c30452440270ec7082a6c511a9d5493d154886c3f1d78,f0f16442c2a61b7f,val,train,9,6
002864,500,375,RGB,1.3333333333333333,b4334f87d275814a8cf4dde1aef1ccf932eba6ec9400c3e3e6933fc68f18ea0b,448e8eaeb7bbdccc,train,train,4,2
002866,500,375,RGB,1.3333333333333333,ef26bd809cd7f734a16fc2d0b7ec30838c5431b3588139da57c5943872179a17,e2bdad8d55f167d7,train,val,4,4
002867,374,500,RGB,0.748,564c3cad655fe714e6c5773b8761ee3428effa725558346d8c7147f8a19c32ab,c6e666c6166fc680,train,train,3,3
002868,500,375,RGB,1.3333333333333333,442f57d2d6f8cbdf807851cbdfb0d020d19c723552795f7c7a5698c11d371154,3667432c06467db3,train,val,14,3
002869,500,333,RGB,1.5015015015015014,462d058e10448ff582ca94e6f2bd3a1e91038f78ba14bd1f2d3a02d11dc86faf,106420566e29d44c,train,train,1,1
002870,500,333,RGB,1.5015015015015014,ea2ce5431bdc023ff0a8d5502e2b36dac1ee5bd45145e6183cee288e6d0b9db7,8787c7d796aa223e,train,train,13,9
002873,500,375,RGB,1.3333333333333333,fb661c92dd61b5ac4dceb3190fd0d7b2603e6be5baae2f53562b4568d39c9987,d8707a3e23e8a4a4,train,train,7,4
002875,500,375,RGB,1.3333333333333333,bf069a366b0d26f398c2507739e2622668513514fae11db77568d7845ecfda25,6b73b22437935cdb,val,train,1,1
002879,500,375,RGB,1.3333333333333333,9d8a026f37436c3a1032a30d1f7d789cb5455699496ca94f155edb798cb27fc5,d820384d451b8e99,val,val,1,1
002880,455,500,RGB,0.91,4efd83480ea4563104049bbfe5a154c4a0675e57b57a3d00150411711f49fa6d,d3d9dc5293d2cea6,val,train,1,1
002881,500,500,RGB,1.0,48d40eb652523eb6390c40adac381fac24f259bd9360bdffd01862bf49376fa8,559d8e8ed7531705,train,train,2,2
002884,500,333,RGB,1.5015015015015014,7cdd2825fe0dc2c79ff85b36f7572c27b3408f003f13b984b2e4814dc8d118cb,b0624f6be3cf7080,val,train,2,2
002886,500,375,RGB,1.3333333333333333,eee85a5ae2c99319eebb61530231b2a049ccab855700860990991f644a666d0e,c1c8e4e4e4e4e4e4,val,train,4,4
002889,500,333,RGB,1.5015015015015014,0da25c7bc7067e4dd86a6930eb748b08d6b8b71d40b40e4a0fa4a8e7ab91d124,0189c9c595c2c4c4,val,train,2,2
002891,500,360,RGB,1.3888888888888888,14f945f98b48bd2ea15a6738dd52c61274886a440dced724d1e8d67e4c289a97,d1944c5490351c3a,val,train,1,1
002893,500,375,RGB,1.3333333333333333,6540b1062e3f8f72e377743ce72fca1148c7d3ff24628ef84a55fcf5a3440666,ffdfdb97b73b16ae,val,train,1,1
002896,375,500,RGB,0.75,9d186152fb45970e304b352e2223548cc5d30ac7a25942095d0fa10ef271738c,e3c5ac8d8841d918,val,train,1,1
002899,375,500,RGB,0.75,956ce16776c1ce5909286fdc3befbb80c7766d749841b53ab2e1dd1d5bf25b69,c8a333d8aa8ad197,train,val,12,12
002901,500,375,RGB,1.3333333333333333,817c2bbc17ec4df4cd8c093e313e7db9ed7544ce9369bc86d7923c41042f303d,818383931220b2b0,val,train,3,2
002906,375,500,RGB,0.75,817aa9ccb237aee6efced9450adef6834527d852423fe2ea9ec1e00b73195147,0090003019b1f139,train,train,1,1
002910,500,375,RGB,1.3333333333333333,ffe0192f993f11a065bafbd35278bb97f55f952f2a5d342c02c3d066ae1f1c43,c7e4e773d7b7e66e,val,train,2,2
002912,375,500,RGB,0.75,299f7f7419c5604bb64f1abc6d8d2e0710118781f6d958dde16c9fd6fff5f90e,40fecaece878e81a,val,train,2,2
002913,500,312,RGB,1.6025641025641026,23880469119a6b429e0e0e63f7f6880c013e1c9e0b5fc630e80074f70d5b2758,e0ffa2e9c1a0fbf7,val,train,10,3
002914,500,375,RGB,1.3333333333333333,50db6e3c5c44fd76bbe02cb2c1ca58cd3f13795888524b4909cbcf3ae20dc42e,8d0b0989a1208090,train,train,2,1
002915,500,375,RGB,1.3333333333333333,74ad72d97096dff22868ec2c45b69311d5969a85c4505190c651a4f8e9020783,230b1a4245c1c435,val,train,3,3
002916,375,500,RGB,0.75,90c307e963eb759c83d918fb9767fd61f9a38e233de9d42578c9993d69bfcfed,81372f2f971e9a9b,val,train,2,1
002917,500,375,RGB,1.3333333333333333,76e11e78ae5e46a01b497640412384673ceedfda0df1b1eeae4f9010165e8690,8ce9dd4e2e1f4327,val,val,4,2
002919,500,375,RGB,1.3333333333333333,821b62d18c66c077f1874ce7f7caa87a0712f0ce992ea49ac42a8a0599fcffde,dbda6aec987179b1,train,train,1,1
002924,500,322,RGB,1.5527950310559007,5b227ea67da4ac53f03f057c0c616ea2b7d30d260851f1e9c2a9b66e70fcef40,e939993931236bf3,val,train,2,2
002931,500,375,RGB,1.3333333333333333,39fd229be8cbc8c70fb9c92b3d5c76857d786ac1fdaaa265048f3725d680edbc,e0e8e5d4dc5a76f8,train,train,18,10
002932,375,500,RGB,0.75,cec7b510ac0ff4734885f8ef040133b0a7a5b2abf0532ca690fc7b90ea1d754c,c49c8d983c340018,val,val,1,1
002933,500,341,RGB,1.466275659824047,b0d144fd5026b410a83f26565e98a5e03f11098cf3cb84ef0be1989fcc5952f6,b65e57d6d7492587,val,train,3,2
002934,393,500,RGB,0.786,191d2f1126ee0c724990270411415508a04e20ddcd1de13cdcb62ee21e085456,e7e37a2c4c6b7378,train,train,2,2
002935,314,235,RGB,1.3361702127659574,256440dd334ac0d30b8a427c654bbd2d5195f05af8905f4214e6dc0f361d3715,6467252529312d49,val,train,3,3
002937,500,333,RGB,1.5015015015015014,84394eb7c576eab8f030aa7621bfad39f12beccaa4145b15e75ed51b4f6102e4,34ea32f0f078ea0e,train,train,2,2
002938,500,321,RGB,1.557632398753894,0f21b69f75bcc288de7488636763222449b52fde5101a01e98f879d4d5f102e6,7c3d1c64acb12960,val,train,1,1
002939,500,375,RGB,1.3333333333333333,9770715d2b8207ba4723eba9580430c62a42537c87374aeac5642588f026906c,f0a06c4d4e063313,train,train,4,4
002940,500,375,RGB,1.3333333333333333,e0745117cc05db4767eff0f11254641210e6d5cd800fb48c72097565162ea5fc,6c8fab3130b0b898,val,train,7,3
002941,500,375,RGB,1.3333333333333333,0d49662d58978e3f32f1ca0687313bad0205cba2ee8357975fd92d7b1d9d9569,d8e1c2107930cc38,val,val,4,4
002942,500,333,RGB,1.5015015015015014,5d06974ee0710d769cf60eaee78edf0c3fe475abbec46e54358d31ce60a7df23,e0e0c1858c90d0f0,val,train,1,1
002943,500,375,RGB,1.3333333333333333,23bb8c9ecee775cc2ed825a40b53d9edee412acef5aa565f6f89d4b48c7bbdaa,a5b535863d098381,val,train,4,1
002944,335,500,RGB,0.67,8764371d36285b1817b1a386be1ee259d9a61be9add6a3ab60b01e7dce3c864b,fb966c6d79376e66,val,train,1,1
002946,500,375,RGB,1.3333333333333333,da18701a038e2a082d3e24008e994cc96ba85866c804f9bab1e69166b3f19aeb,9d89a9e96b439f99,val,train,1,1
002947,375,500,RGB,0.75,2741ac8a28ada56b0b7abbd088877679251a2b288a5a18de2fe7ea32be6a754b,fcfec7c7cbd35998,val,train,2,2
002952,500,375,RGB,1.3333333333333333,a2d00ffccc1b11a389c88a220a99495364480d98328d4886f112885663997a63,363c3666cee76b5b,val,train,3,2
002953,500,370,RGB,1.3513513513513513,4b84cfe2b382eff2c62c41552d5f5491b9995f3aeac12ff5a6c415f47a6ee155,27dcdcdcccc3c198,train,val,5,4
002954,500,375,RGB,1.3333333333333333,161cd28242e5ee6baf52dca780c95d5cf9041d644e2a38cd5a5cdb76fdb2d40d,e7674db1b6b2f6f6,val,train,2,2
002956,500,375,RGB,1.3333333333333333,4d660fbe350c613e60930e7b7c63fe0f6563a65411407bb9b4b56bd4f6f2de2d,3a79153d99cb3bff,train,train,1,1
002957,500,375,RGB,1.3333333333333333,caf75252986a1991e3455d84138c89262b78aea29e0139896657df5ed663d9e8,1ec8a5b868f9f1fb,train,train,2,2
002958,500,333,RGB,1.5015015015015014,4bcb1ecd7d0200205a90dbe03913de52155fe87dcb9a2fd330bd509b3cd5da68,666763696131522e,train,train,1,1
002960,500,333,RGB,1.5015015015015014,30151857afad28df45c6d29540bd7d759591c5be5abce20b9f5faa1d9f12fa8b,e4e423256572386c,val,train,1,1
002962,500,334,RGB,1.4970059880239521,b8286a4e567103164d84b6e0b9a5c4866076ffca5c46bb4777e3400aff3ff024,262613d393333430,train,train,3,2
002963,500,375,RGB,1.3333333333333333,4c02e7052bcbe0ccd1b7e933e27b2d76fc7b7d34270ca652f1c87fd1ac3a9eb7,a162c4ae6e6b6333,val,val,1,1
002965,500,375,RGB,1.3333333333333333,4c72150f59adb38fc4251117191e22d0a793202568e3d5afaa9fddd2cd28f60f,9c52d3d86566ce8b,val,val,26,25
002966,500,334,RGB,1.4970059880239521,98e32b90593e4b6dd9ecd18e6f7a52b7b1beb3d3008b388e457cc6e23e1107ba,cedfcbc9a7236767,val,val,1,1
002967,336,500,RGB,0.672,782da6f3ddcb33257f939e61631a4b501602d935755f2bd303f3bb5858c000eb,ee8009434c04040c,val,train,3,3
002969,500,375,RGB,1.3333333333333333,26cdc6097e5fab04af1cb8fb7e134a743fefe99c6a97f5c7356982feb62b3fdf,9cbc7872e06372b0,train,train,1,1
002975,500,285,RGB,1.7543859649122806,43e462ff060c2831b1db0573966ed16215ceca8829c6e2a33c2a42c489ef9ac2,e4e019186161fdf9,train,train,2,2
002976,251,500,RGB,0.502,16da06463da6a84c9426260dc51c1313be35a598a5b704bfe25a228c6376d6f6,7311c035b178cbf9,train,train,2,1
002977,500,374,RGB,1.3368983957219251,cbf7234b91d68dc4a03dd6a92c6c0d8f498b1c2e97137139835249995d375a7b,812c0c894350e3cd,val,train,2,2
002978,500,375,RGB,1.3333333333333333,6aa9c15c5278abfa1831a41dcb060845c6612a1df8965ad06fba4e10619e2760,dcdc21233bbbc37a,val,train,3,3
002984,500,330,RGB,1.5151515151515151,d84f733306c973a8d22c5309395575de6bff90f1acfcc1ba7b9b530915222471,3416864e19989716,val,train,3,1
002986,500,375,RGB,1.3333333333333333,c3a7bc2a8e8878224bf95f64be5f100762e0f554ca37d2fe021e4c867695f6d2,27183137a766e1c3,val,train,15,11
002987,500,334,RGB,1.4970059880239521,d5eaaa50e0f9dc4a2fe169429b1f37e8f690e2ba1e694ccfd4f6a9fb24ca784f,7074ea8b9b8be2a3,train,train,2,1
002988,500,375,RGB,1.3333333333333333,ec2ef44189d11a67a5b2a50427565402f4fe5e2a54eabaec13391d0fe8d53ba8,1e2c30ebc8c9e038,train,train,1,1
002989,500,333,RGB,1.5015015015015014,60be98877848f305ee8b641bf1c1b00282f752d173058581f25b7b8da5fe99b2,c06818880a76d8dc,train,train,7,4
002990,500,375,RGB,1.3333333333333333,49476bd6aff537e83b1a5463ffbce244b7ff4c2d45581da1fbeaeaeb5141b774,8080c0909898d88d,train,train,2,1
002992,333,500,RGB,0.666,1ada0feef940ca19492f22e3219bfaa868bbd23eb0b2b5568b969d247c51a560,006974b8d8cc43be,train,train,2,2
002994,500,375,RGB,1.3333333333333333,da08e27d5f42ddc084be2d16c00cd7a2975ac2cfdfd18b2b6a535643ffb27ef7,cdce03707868eddd,val,train,2,2
002995,408,500,RGB,0.816,776bf5c40da84db25ef739abb9ea52d3dfa213fe504885afb9110f6816c11324,47ec31e1e1636746,train,train,1,1
003000,500,333,RGB,1.5015015015015014,c757e7df40efe14007504b78d4d3667782e2ba27900e0a9bff92c594d83c5716,c090c848908080c0,val,train,1,1
003002,375,500,RGB,0.75,5b109b81f3136ad774272567ba00865e9c03db081e842c2e0004d51d7138d296,6e7edef5f3dec63e,train,train,2,2
003003,500,375,RGB,1.3333333333333333,97b3ee6d9e3e5102cb6c4369321dbde7aed2ccd4b7aaf23312434210a053b67c,f8dc393ac6c6cc4d,train,train,4,4
003004,500,375,RGB,1.3333333333333333,e902c6b34bc390796474db5ab8ab6d1e385929545bf748d4d1495b540a5a2d2f,c1c90024504698b8,val,train,5,4
003005,500,375,RGB,1.3333333333333333,6970c0a8afc6b6ee1f89ab154edc77252bf96d3c60dc39ef4f103463b2811db0,c8cacc969c4a3c38,val,train,3,2
003007,500,332,RGB,1.5060240963855422,3709864fae56045622ba13505655f08a9f6b508b0b8d5445c46af3409dbab093,9adefed6f8f8d8f9,train,val,1,1
003008,500,333,RGB,1.5015015015015014,f5a3678d6e2019517984964c8a06cd3770a618a0f303cee0c37b8223e444699d,e0b0f8a82cace06e,val,train,1,1
003009,500,494,RGB,1.0121457489878543,f924246ab0062336ebacd06b3aac2aa33a22f5784a38bda58f28c82ed0f49607,f0f4f0feb8f8dcf0,val,train,1,1
003011,500,375,RGB,1.3333333333333333,95ab2125af411930984667778a41ea9697a8e0dc353afd048f4917c180bbb424,fefc78faa7ed3501,train,train,8,4
003013,500,375,RGB,1.3333333333333333,a9b31691f76ae8d848f3516091cc1f957e66daa17223b67444541c1fcda88282,60d094f0f1331cc8,train,val,1,1
003015,500,375,RGB,1.3333333333333333,f83a102852d3aa0a23e8d37ddb6c96013af5d01ed8360a6326d0ba42452a090b,8ec64ec6c676bade,val,train,1,1
003017,500,311,RGB,1.607717041800643,6af98e2abdaea224176d55ee38bfca28436052ffb0f712f11b6eaf66bc514745,cec9309c9b45de0f,val,train,2,2
003021,500,375,RGB,1.3333333333333333,ea7174e10ee2d443964b86c8c4d726e267348478eafa53e8775dd91d74d0b1de,42014151796501e1,val,train,1,1
003023,381,500,RGB,0.762,b3bc03138c841fac673ba2d6903d00cde285cfdc0feb59405babc0c5eb003459,c32333d909696acf,val,val,3,2
003024,500,208,RGB,2.4038461538461537,86ad1aca880e4a37917ad2104a26b73e4dfab7288acd5e0fc5022435a18c3a1c,c4a09c1af2d8e866,train,train,9,6
003027,480,318,RGB,1.509433962264151,e499edb98a82c73d1ebd154cbd046d209295c829b45fe13a6cb56dd49f6263fc,0fdd9c8aea9756e0,train,train,3,3
003028,500,334,RGB,1.4970059880239521,c06d33006a4e1b4b946de2a71fd960810ae50438ed82cf6347eb1c6af68c93f9,c8752d69292d253a,val,val,1,1
003031,500,375,RGB,1.3333333333333333,fea4f517bbb4bdfe84aadf97bd48fdb47cc02c4cb543ea3bd1398baa8a8f4569,e6ceed48cd6f3711,val,train,2,1
003032,500,375,RGB,1.3333333333333333,abcdb843871b3282e3abe348c3018e9197b97696cccf62cfa1df82a9249b51e9,fcfe1b9f9bdbd861,val,train,3,3
003034,500,375,RGB,1.3333333333333333,17c3ff17530fa0f712bf6eb7b021e350d1cd0cf849e95e4c56d9c0950bee8df0,4353b4a46fec6c7c,train,train,7,3
003038,500,335,RGB,1.492537313432836,6a69671977001c3beafe61d56d59e3454cd6552447bd14b72956137554c4effa,9666939fa9a19633,val,train,1,1
003039,500,375,RGB,1.3333333333333333,df578101ec4ced182df7db5b98d9073a5ebaaa151db373e59a0198b47cc06273,9018e4e4e5478684,val,train,2,2
003042,500,375,RGB,1.3333333333333333,0c2a9fec872640373f6e5a9b6d32861d4f7a1038921744ad1ae479cf77a1ece0,8639b9c6c8f8bc0c,train,train,10,7
003044,375,500,RGB,0.75,5795b3d4f123ef56caa6efebf0928d8b90facda89922f2ee98e593ebf185d072,5f4f45cdcdeb8f89,val,train,5,5
003045,500,375,RGB,1.3333333333333333,2226de1a548e9d129c72466406f4242447d0f487169beca40b3ffc09416cac3a,e1f9fbe4f5f8e0e0,val,train,1,1
003047,500,377,RGB,1.3262599469496021,088d29fce54b4156521b4caa17d21efee6ab8ae7fadfa04cdb3363b251dbc2d1,c0c94c4480c080c0,train,train,3,3
003051,500,333,RGB,1.5015015015015014,bc21c215eac4c40a3280ab1181a92839148a041c82c142ed7e8fd26680d7fcd5,e0c060585c30e0a0,train,train,1,1
003053,500,333,RGB,1.5015015015015014,4e267d8b132011d2ca7e1464a9335ad990ab882d3e717b5b0832fdd2e8d9c609,e0e0a04062e1e0c0,train,train,3,2
003054,500,375,RGB,1.3333333333333333,4f37f70f1a9f9aeb8611d2070a1a43e5432f651a7ab553093c9ae11d39377140,e07969282c6c2cc4,val,train,2,2
003056,500,375,RGB,1.3333333333333333,fbf907e6c50ce3e306f963bfe512e32a5ed3af4b7f79aef10268d92a67c553fc,60784a4747466667,val,train,13,5
003057,375,500,RGB,0.75,8831171ad4886db9e6af7c5d3bffe539ed947218731c4ea73b25d3a6057a2d53,a4bca8f396a30f04,val,train,3,3
003058,396,500,RGB,0.792,3ce4bc209ac78b2add0f217419f7dfb096d5080cdaacb80bd9f279c22dc6c083,869bc3c3e6f860c1,val,train,1,1
003061,500,333,RGB,1.5015015015015014,ab49a0f3b26f11020a6787e967316a55a374b3da4b2fbbb9c03062da909122fa,f4a4bedccd8989a3,train,train,3,2
003063,375,500,RGB,0.75,0d3313f8a99e93f07082d18cf987ca984730f46cb61326dec4089933882f07ea,b15bc9d97971495d,train,train,2,2
003064,375,500,RGB,0.75,ab21709bc7f32f3614b7c9f49d82ecd5d506e2a668bff3bf0605b4443bf0b463,7d8d9c1c1c0c8c8c,val,train,1,1
003065,500,333,RGB,1.5015015015015014,c91b0358802f4adcae6b8b23629b6e17e47f7fa42bed622e9023a6cfd087e208,8c2cff97ccce4ecd,val,train,6,3
003066,500,426,RGB,1.1737089201877935,0403e94c571b83711fa3edb59471381048a177d3f9cf210a5466b6c7a294e58d,5c6e5c2c259c8e3e,train,train,1,1
003072,500,333,RGB,1.5015015015015014,09914bfcf16a787b3b96a837f9ecbc161a2b060e848f25de6259a0fcba38c981,c6cbdad2b3505bd9,val,train,1,1
003074,500,333,RGB,1.5015015015015014,edf384ca79a3fef8b31e7cdcd4d7426e170d0c6fc563e713faf949099215d35b,d3b2d0e8f1e0c8c0,train,train,4,3
003077,500,332,RGB,1.5060240963855422,324ba906e9a0e4d7ca4a8d145e8881e31c081f7be58a1226b0c7a5f23057091d,cececcee8b1baba8,train,train,7,6
003078,500,500,RGB,1.0,dc0d0a1f6fd05c78b83c815908c6d0527ac0d0a1e8fd9c39e6e1b6f17dfafab3,f2da4dc9c9c9d818,val,train,10,9
003082,500,407,RGB,1.2285012285012284,a57fa463cd9f194553838800911bf283eb1ca71c0b640b75fe702c0ea4d20c66,82dea626102124e0,val,train,2,2
003083,375,500,RGB,0.75,9414a177b09aa2cd2b622bba2d941ff81eedc4ff69e943510ee50a2d5045f92c,d0d0d0e4ece7b6a6,train,train,2,2
003085,500,376,RGB,1.3297872340425532,d2479b039573353e5b6c70a82e7d71d5f284c57b9f23d3f270445f66b986b1c9,7070514d49d104e1,train,train,1,1
003086,500,375,RGB,1.3333333333333333,28befa4003913ea40f5f15746da2f64b28f95187a0277ebb3974dbbbd591010f,60a0c0f2fbe3e283,val,train,1,1
003088,500,375,RGB,1.3333333333333333,222518094bef15c7aa049b616560d45cdcf2d6410a6c34be3734d23db3a999c0,3858643434e0c8c2,train,val,3,3
003089,500,333,RGB,1.5015015015015014,9eda43cdb1e139890f7f04c15e4ccf4dc6f1b59f0068abff98b38f6b4c00e974,a00c9b8b27a7a343,val,train,3,2
003090,500,345,RGB,1.4492753623188406,a4f272df626ea36c02066d593d61a379f397a3cf21296f4d4351cf7a4e6e7ec0,1989aa8919c7c3cb,val,train,1,1
003092,500,334,RGB,1.4970059880239521,b8fb5f7165a48156935cd9af714c01e10c5475b999408a010c4aef3dec07e26d,07080c348683e081,train,train,1,1
003093,500,375,RGB,1.3333333333333333,78d92fa8700f26258b73f3188bdf8201bf34a59545c8d2f8375808b34c513d77,dadcccd5c7c4f4fc,val,train,3,3
003094,500,333,RGB,1.5015015015015014,643d8f8d30f66093846aee675ab09f61c5c1070cf72f66467b6f73b22e739acc,f163820e656f7ee3,val,train,1,1
003098,500,352,RGB,1.4204545454545454,2e581e4cccefd21705e8dc1c4bdd65ce292d98ad20297b5cfbc99df676c6c0d4,f3f3747b172e58ba,val,train,3,1
003100,400,375,RGB,1.0666666666666667,5b89f49137f37fb766c733ad908fb6384137263971e04b72773605dcb3268645,c050806058161e1e,train,val,5,5
003102,333,500,RGB,0.666,dddf215a83c954327fcf40276153be285c3225b9682b7d37f9ce45ebf81344f9,40f2f26ab1e7ae65,val,train,2,2
003103,361,226,RGB,1.5973451327433628,22283c6c13f24f207be6de8d530cd9688bd4187ad731defe9e46be6910b818ad,593141c4d0d12ff1,train,val,1,1
003105,500,333,RGB,1.5015015015015014,047260ae481d05310fa5bf7d4bd03b1e4aed23a3362f23e3cc9394948ced2fbb,d864372b939391c8,train,val,2,2
003106,500,375,RGB,1.3333333333333333,85c15c0d266c10a4e1d0549a8a0182b4b18a33c38a5dc83a662cb229a3af6837,56d29bb69bd9d959,train,val,2,2
003107,332,500,RGB,0.664,43b6b8d4b111552d93b44a4576de1ce5afafc14e56dd92459b1a6d38c0052a87,0020785cc7c39e96,train,val,1,1
003108,500,375,RGB,1.3333333333333333,062015440470fac82fc2470ee089d370848fa1c471192058c688f863b054b531,e6ec8ece98b969c9,train,train,2,2
003110,500,358,RGB,1.3966480446927374,e726f8a1abc8eb24a0e830b9079b0a41418a7df76be43489867be998907626ca,a64e343132104472,train,val,2,2
003112,500,449,RGB,1.1135857461024499,efe83dfe4f2148b71b14a6f201048adeded30a2544205123a11b81bdfd18820e,b6aa6ecedaa6a6e6,val,train,1,1
003116,500,400,RGB,1.25,1a7ed680922b4ff8c57e5a91c4123dab5801832ade302a0738f23a9d99bebacd,72c24e160703cb59,train,train,1,1
003117,500,333,RGB,1.5015015015015014,638eab965f7ce9e1885f786e69809d19e25b7c82b0f879da858e498ec2e52aec,1f1d250d99930707,val,train,1,1
003118,500,333,RGB,1.5015015015015014,a913f3d6ba503656cff52303d1560d83db5a7eae3a9a1a842dbea4eb9577e695,70342e36b6e9f191,val,train,5,5
003120,500,375,RGB,1.3333333333333333,6cce84dbc8263d7966b48d9e8f6ebb263bd7f4d3a4a085242e784877bbe8f39e,632a2b2b0e9bd968,val,train,5,3
003121,500,333,RGB,1.5015015015015014,1404235f0d57944fd73097afc8f48f7c9ecb3298b8ad5a45b64fd0beaa878ae4,f6f273f6dcaccccc,val,train,4,4
003122,500,375,RGB,1.3333333333333333,3fd0b759d65d1c4655389c5b98f1511a17324e3c9972197d5eee5e6a06fb3ff9,6cdad25676759694,train,train,5,5
003124,500,375,RGB,1.3333333333333333,1e6f47f21c28f3f6ef1e57566162eeed0c14edff1897b294df2b0e121c6a10f2,b4e6f6c42697e1e0,train,val,7,2
003126,500,375,RGB,1.3333333333333333,617e5e194342a9cedef036f4514ad181481b6fcb739c2ac54d4ef096eee8f330,bcbcbebee8e8e0e0,val,train,1,1
003127,500,375,RGB,1.3333333333333333,fa03d158a658ae76dc1be63bacd4dfe41364e1f03df860f3d96d3c4d5d2313af,922647831107fcf8,val,train,1,1
003129,500,375,RGB,1.3333333333333333,245d7ebb136de16527426fb81002da62d66fa4e2e9cac076d4bc4255d1a22804,01918b8aa4363292,val,train,13,10
003133,500,333,RGB,1.5015015015015014,73399b28951b8f233505f3a95e9d73a9f4c96a9d879ab11b054e4b0fd7dadcb9,f070683086e8f058,train,train,1,1
003134,500,366,RGB,1.366120218579235,84223d5352241e3df7a8b00da3d51fcb6706e978302544faa125c35b210b75bd,a1c54ca3a5634685,train,train,3,3
003135,500,375,RGB,1.3333333333333333,4a0966d2f3c206a855aa6d29122ef84593c54c89494a14fb188cc043550300bc,000767e3792de479,train,train,1,1
003137,500,375,RGB,1.3333333333333333,3f3f571693ccc99ec73ac4d7abe293ef1cf0c3670fc1ea07f780c127495a4d99,cccd8d1987c3c149,val,train,1,1
003138,500,375,RGB,1.3333333333333333,07b4b5011e5fa3b589d18e3176226c0cc8b955a79e7cbfd93336cb4d3ec23d4f,824831109898181c,train,val,3,3
003140,500,335,RGB,1.492537313432836,4d7798e23171cbb7bbd07faba748b36a2feaecaf18e4395b4eab28c740f34f93,1781cdccc484948d,train,train,2,2
003142,500,375,RGB,1.3333333333333333,b9c1927472603380f8138143080927d53b1bd51ac7b5be24a33d2fd925692823,e0a09313c69630b0,val,val,1,1
003145,500,375,RGB,1.3333333333333333,c67e39f5ba1db6cc519f1fac6b0db87d6fb2e2b47c34fad06081c5277c35c309,8f9794b6b6266f5f,train,train,2,2
003146,500,375,RGB,1.3333333333333333,c1d6b36800b66928db8d4531fb2d49192bcc9a7218342faaefb9e9f367d3fc47,cb833b2b34332a2c,train,train,1,1
003147,500,332,RGB,1.5060240963855422,de84478f5285110b98a84ad87eb958afc1cdb785613bbf57c8989942b3d6c988,f06868624694d8f0,train,train,2,2
003149,500,375,RGB,1.3333333333333333,c02962fd1ddf0108b8b1aa563c893f11f98740b5d319d3368a93884698dd6cc6,2a421421222828b8,train,train,7,6
003150,500,375,RGB,1.3333333333333333,75d58da8a6410ad9030672db5718b895068821ff054ff5b5ac06fc2735dbf3ac,2cb0b466460cc3e0,train,val,4,4
003154,500,375,RGB,1.3333333333333333,7774bfa695593d27ad30237cd80bd2ae056ca80a38ccc05953c6ac4a37a6e2c5,c2c2c1919b83e1f8,val,train,1,1
003155,333,500,RGB,0.666,0bdb26fce223db13c04d4519e2691a49ef20249ec19260f303413437f336b326,e0f8470e9d1f1ce0,train,train,1,1
003157,375,500,RGB,0.75,dc1a2849a93cb2042e4956200ca6e6bfade65651fbb4cec1e3f67aa1da2d5f3c,db65259464f1e2e6,train,train,1,1
003159,480,360,RGB,1.3333333333333333,94001fca93ebe392e85edcf74bad634d29dbc5fd079cfc1820a63a0de8f6d824,9212c6929acec696,train,train,6,6
003161,500,328,RGB,1.524390243902439,0725a46920bdb9d497f13f6cf855d32530053f6fe75b510cffa5c7bd86a1950b,a5124f2e34b94594,train,val,5,5
003162,500,366,RGB,1.366120218579235,895f81b5a91f494346ebd9c5ac81f86295f1261e4b6963bfc7e95365f99c3d60,3c9c0f0b56231d7e,val,train,2,2
003163,500,295,RGB,1.694915254237288,f55228cef8244e7b80ef6568a776d91f1d8ea619ee6f5ae8627589b952f6d899,fce3839be72c83e3,train,train,1,1
003164,500,375,RGB,1.3333333333333333,cb91b29b11f7cac6e8a86286f61d1122c34a4fd53bd108ee5ef4a50d0d4eb418,9981ac9ecec2027e,val,train,1,1
003165,323,355,RGB,0.9098591549295775,4fc8bf47159cfa04135e4090fe51495732992412220c37d877e923d3b70d5981,ccacf963070b0307,train,train,1,1
003169,500,375,RGB,1.3333333333333333,be9bb3350b95cbc098984d6c9c9b6d9b7b5879f22bb7e2c2f9825d9a12d4c46c,777771451c1c367e,train,val,2,1
003170,500,375,RGB,1.3333333333333333,b002fb43b4ce8e53628c76d0319db6e35732b1fd3400ff15e29d0d83bc82c72f,f29ee209183cc938,val,train,10,9
003175,333,500,RGB,0.666,9ac3d7d26c962630083f533e6c7c40d87eb71a8119d7b9d470a5415fa676692d,00c84e97254d9d2b,train,train,2,2
003176,375,500,RGB,0.75,23f53fee51f4f89d7cd8e56b52913f3496d6022acbcab78612fe599f438ecaec,a1475a366ce8f161,val,train,1,1
003177,375,500,RGB,0.75,b8b203cfd5c290533625d9637dcb0872f67db6ad07f4bcc64d5d0fe2a76bce60,1e985a98b5c7d9e9,val,val,1,1
003178,500,375,RGB,1.3333333333333333,71027b6536ed7961ec4edc6518620c158c3ebcf4229d1265c4023e3bd1a0dda9,8c0e12382e3618b0,val,train,1,1
003181,500,375,RGB,1.3333333333333333,f045c85af9cc5d512914562b0487c251c493ffc9df7d6b3f4876866990d453a0,6664a4a3238b2bf0,train,train,4,4
003183,500,375,RGB,1.3333333333333333,ebcbdf62f8e2f5d402667a6938183ac623b9ee47de3e994f28a0274d85d5f7ae,f0f8f0f0f0f0f8f0,train,train,1,1
003184,500,375,RGB,1.3333333333333333,c7c2cd66b2fe439d899c545f1c662431defa987b8c019d604fde6eae3bd68e46,c1e4f0d0e0b198e9,train,train,2,2
003185,500,375,RGB,1.3333333333333333,ab5571332ee2b71ad10afca613e5edf5acb5f42b8edf52bf6650a24df88209ed,7870307a7a723c3a,train,train,8,6
003186,500,332,RGB,1.5060240963855422,ce29be31dfb4a45ad21637c46df5fc04a2edc87b6488bfd4defa563d608bf306,7061636372336948,val,train,4,4
003188,500,375,RGB,1.3333333333333333,18cfb814bec63a62f26981ab1587b2b21f5a329dc693f84e2a2184f82f25627d,2c25a484aca393c3,train,train,2,2
003189,458,500,RGB,0.916,3458147787ac235d7e0537529bc9c265442818809898e7dc9bf56a92c86f176f,8ccccdcc3c8ccde4,val,train,5,4
003194,500,333,RGB,1.5015015015015014,2b57945f98eb2b82f3d52d5047b4bb771dd946824e4cce4f7424f11ec13c96f9,995232e50929939b,val,train,1,1
003195,500,333,RGB,1.5015015015015014,fe7010499622e7a8da55a9db688d3161e4f56db4a30895605e0a47c00432228d,60e0e0c8d9d99b24,val,val,2,2
003199,500,333,RGB,1.5015015015015014,817726df8fb803e41f6d5a37170bfb4761aa961d531311e5f111b37eba594e02,1a646031717175a3,val,val,1,1
003200,500,379,RGB,1.3192612137203166,8b6fa885e88b4f16e38f58432ab3f0409bb3ff510942ede79e093188b2268730,5e96973911c43dc1,val,val,2,2
003202,500,375,RGB,1.3333333333333333,6bfe7825826a302456fc65086fb501f6e0790b9a70fc726cdc36c77d331d78a2,64662763e23c70f8,train,train,5,3
003204,500,375,RGB,1.3333333333333333,e075f69f1e83dedf00c6636bc284066aa22bbc9a5ea0f7a1ebe0974fdbf14201,370d0f41999f9f27,train,train,1,1
003205,333,500,RGB,0.666,fca22cfeaa413aded0eea33565dd68ee6c542bfd962da256dcf6ce9b7e2ee092,facc0f3b696175fd,train,train,2,2
003207,500,333,RGB,1.5015015015015014,e3ccf7104421798f3b4ae226141166f7415377c41be6a78c742f275e639492de,981a2ebd13e364e4,val,train,10,10
003210,351,480,RGB,0.73125,e921d433afcd0b370f738aaac8a63051eebae81d83f34d74587f66e5e5140f84,85048e0f3c3fbf28,val,train,2,2
003211,500,375,RGB,1.3333333333333333,8ca7aebc9a82c2b31eaca789f9303637ec6b79f4dafa1f136fd2654f4c86fe6e,f0f0c8c8c8ccf8f8,train,train,3,3
003213,500,334,RGB,1.4970059880239521,6a7fc0f67f5e0068fa1ece1164c86dd73ffc81f95661acd78802d0d2ec6b1e14,f1f34e4d450d6d8d,val,val,3,3
003214,500,375,RGB,1.3333333333333333,845974db7e5982861060ef789483a9a2fd9eafb6e8a11e330091f3d974302e95,767634f0a91e31b7,train,train,7,1
003216,500,333,RGB,1.5015015015015014,ede4c41522c0bf895ee9809feb912849c41d98c7777ac8e897538549bbf890b6,90889c9deececee6,val,train,2,1
003218,500,334,RGB,1.4970059880239521,41a04975867d6ae254555551971d416a066c30e5374d2cca46edaffa2c82918c,b223e9f5d4dedf96,val,val,26,22
003219,334,500,RGB,0.668,9e43f7be66a75dc6a5d6a41a947d57db5a21be37a43a7d3a4d91fd4fdbabbfca,b6444d95c4a0b2a0,val,val,5,2
003223,375,500,RGB,0.75,2481d2088997e9d47c562fb1eb36473cfbf355ebfd553ad8ba3575a3561adb61,f6baf8f0cce8f2fd,val,val,1,1
003228,500,333,RGB,1.5015015015015014,aa822ada24422c6a280191d0d518af2268c21662ac37c0b8cc5446c5cc291afb,f2d3c8c2f2ecdad8,val,train,8,5
003229,500,375,RGB,1.3333333333333333,ee88810d350387f2f56e5b58274447298aabb0170fd4e74d3326e6f5797541b0,2c58340b7b9ce0c8,train,val,1,1
003231,375,500,RGB,0.75,837bda90441c93520ce179dfed751d0bc8ca4dcdea99c04967601c1d3cfbfc18,34365673335d4949,train,train,1,1
003233,500,375,RGB,1.3333333333333333,4997ee4fc0fb3562654b32aaa096ab556ad0e81ae46116e5093792d135d15471,020043a3e3742008,train,train,1,1
003236,500,375,RGB,1.3333333333333333,e89a8ad1b183a7ed9a3b5e97e0061fec0a7826435fcc5c84c15c233c7fad4298,3c5e5bd8de660ecd,train,train,3,3
003239,500,375,RGB,1.3333333333333333,74bd2d68ad6e32db7c3f2ab1fb5c2e576bfbd214be8e4121ceea4f3537448494,263a3e3a323a6330,val,val,2,2
003240,374,500,RGB,0.748,d771ef97123864ebd9a17990f47168ced3a0db8daaee31a1ed70c123956f7a50,7080a4e640c41038,train,train,4,4
003242,500,375,RGB,1.3333333333333333,1bbc8d771c9e9dcd3daf3bb9d6e21174d84f9464621d5347d5f49b531b2be492,3a67349c48e8cdba,train,train,1,1
003243,500,375,RGB,1.3333333333333333,c73b3d3ee597d92ccaf2dbec60b88fe0b194a720304822ee62050cba7e0b30b7,f0f2f8f8ccf0fcfc,val,train,2,2
003244,500,375,RGB,1.3333333333333333,1c5adf0b40756a24ff06ac07d73aa8de76592837035ff5d9cadfc2c9b56a6847,e4d1e0821ac24961,train,train,1,1
003247,500,375,RGB,1.3333333333333333,3d0e4c6c75b2aef19611c966fc101b3e1ef1f22b01318b640683a8b7ae142452,f4f9fbd9cfb3f1d0,train,train,7,2
003250,500,333,RGB,1.5015015015015014,6d235bcd9beaf27c31feee7e670e22abeffb597e30411f8358d545c2aab5841b,d63230b1f206b464,val,train,1,1
003253,500,430,RGB,1.1627906976744187,1245809988b7e3cfb90060f75be0d3daaac32e6014e76bb1225d7a86a546ec06,587acbccc68793e1,train,train,3,3
003254,500,375,RGB,1.3333333333333333,15c0a934edd986eebc5325bf06a0cfee32931414ed02b3b0e148e21e87d56967,8040c38c1e6cf8f0,train,train,1,1
003255,500,375,RGB,1.3333333333333333,8faafd1e260ad776b2f0ae5b20287ee8935e184b18c3538ad875e7ad0fcc5551,544472e686f40844,val,train,1,1
003256,500,375,RGB,1.3333333333333333,a06a2fcdd8c6a67fe50d7ec487b496a328d2da17205f7949abd3ebe226ab434d,90288c1ed39b23c3,val,val,2,2
003258,500,333,RGB,1.5015015015015014,3d1f2a082c89bb7a3e7d62b6c47dd00600802a016d2758d54a0d21de9a38f145,c86c61c9c9c08081,val,val,2,2
003259,500,333,RGB,1.5015015015015014,bec0b48b0a6eb5da8b054d5a93330ca779c392642350669ed53f88c743ce6101,7cc8ccc46164e6a8,train,train,6,2
003260,326,500,RGB,0.652,9226a7f7acda37bb2098b98c6a8907a39d8dfea62e93774819ca78cf710e4c09,3323a5c06865c4d3,train,train,4,4
003261,500,375,RGB,1.3333333333333333,c77a55cdd8aea6be3ada60f1272601e49c24728b450d842b6297858ecd4d4752,164241212d0dcb4e,train,train,4,3
003262,500,375,RGB,1.3333333333333333,8e5fa27e3872413a68084ad509c6b537980c1e84f4dfb6b870933e3e9f1ffe45,57572323a3a1a6e5,val,train,1,1
003269,500,375,RGB,1.3333333333333333,45b5a2dc276d5f77fe32ee9e92441ce0f3eba7cd0755dd1fcee21e805795a28f,dbfbc6c7cb5b5bba,train,train,4,3
003270,500,333,RGB,1.5015015015015014,13ade9f5a3785ae9523526fff4aeb14c4729b160aa1e5cf9400222043a887f97,0b1b0e0a1b37371e,train,train,2,2
003271,500,375,RGB,1.3333333333333333,347d6958ea17f7a2d4a4daa50e8316cfa783a45074e339966b48bba9bd834575,ef72aaec7c381983,val,train,1,1
003272,500,335,RGB,1.492537313432836,8e7e08d2f15a8548d75755b7ea2b469aeb6aee562c90642381d3ef3129a642a3,c3e1e6eecacccfc7,val,train,1,1
003273,375,500,RGB,0.75,1bfefa306fae097c40809e445eaf1ba3013d26bcaab42aa29c3ef061eb1c6c18,a85a06f32d7ed90f,train,val,1,1
003274,500,375,RGB,1.3333333333333333,90bc26efa8cb67357355839bd05918658a67e08e23ce991263b1262b7feb2ce1,181c1c18103030b0,val,train,1,1
003279,500,400,RGB,1.25,18bf53c45a9ab1271fa637ef9c250b4afbee1b55aeabf1ede21597acdf07783e,f9fbed63fb99c3f2,train,train,1,1
003280,500,333,RGB,1.5015015015015014,c388b6ae151846136741eaa0ebaa2b65fe45d25fb05c40b3691bf33f3d846323,3874b2b2566666ca,train,val,1,1
003282,334,500,RGB,0.668,ef33f7f170938c43874550f81376778e1fdf38be413fedf1d8afcb51859b37b8,1a5359599891939b,train,train,2,2
003284,500,375,RGB,1.3333333333333333,8d86766bd47086312c8ecde56b1954b7a3e81736326b209d828616a692481f2a,d8e082a0a09e1e39,train,val,7,3
003285,500,281,RGB,1.7793594306049823,cad493da2a964c3ca58fad0418c51329cad472c06f0d4bb67759c885cebc5f06,c4e86e18c1647e37,val,val,3,3
003290,500,332,RGB,1.5060240963855422,b6c76d391acdabaa384fa25a78a0b6a10c509ff5f3cebdbf17814e0348d0f80e,b6bcdd2567a6f6f0,train,train,6,5
003292,360,240,RGB,1.5,746ec1cb8db1adbbe54a345b8f014cdc0b9e164ef229e78ee398715bf737b53d,98d0f0723632a6d4,train,train,4,4
003293,333,500,RGB,0.666,910526567a5dfd5ea2383186bb2754dcd3c41af9b764b749a5143aff177c30d1,0e4a84e4f0f2f859,val,train,1,1
003294,332,500,RGB,0.664,f2f5bbc6f7eaeee8d4f8aa513a8b99668715782026cf2af0c434fe6e37b1ac55,8eb7f0f6f69c8ccc,val,train,1,1
003296,500,374,RGB,1.3368983957219251,2bb813d71fced549fa2444db5e28281b864223eba652f2cc6dc16eaa0db16436,8c5250d9c9cae6e6,val,train,2,2
003299,500,335,RGB,1.492537313432836,bcd64b51f2cc9a6216c6b49bb3e420dfe8ff8b09261abac6d10c0fa027e4c578,f4acfc603030e0f8,val,train,1,1
003300,500,375,RGB,1.3333333333333333,ecbd818ca9d089a37136ff6809aaaea7dd0cf912db24b5b675b1a86366756861,7417c36b213b3dcc,val,train,8,3
003301,500,333,RGB,1.5015015015015014,080cc5e12e1126cb3023a43670f0e5d53a60eae0091f8c2510455e17ab753814,b34c6ce4d0d0d2c2,val,val,4,3
003303,332,500,RGB,0.664,29a300778ea0c282c846f0e2f4f2f872505b9708d53d4de6cf1b2b629ba1f0ad,e4fbcfec33b3c6d1,train,train,5,4
003307,338,299,RGB,1.1304347826086956,5f64fb55fabf88f69c7e6e45802a72f50d1e3701647a532007b1e418f21d3ddd,4379e95879646619,val,train,1,1
003308,375,500,RGB,0.75,f6ce7a9c330f46ca0bfa061787806be604fb863c131a0a7ce6eac76a16fec78a,bca6a6a6e6e665c0,train,train,2,2
003311,500,375,RGB,1.3333333333333333,dfcc2fc9225d305ee24be780f200404486949e903fe05ec4bb5ed442823fea45,ffffee829b9b7533,val,train,7,2
003313,500,333,RGB,1.5015015015015014,e710756809bbe8d56da5127a07fd84d18c66263b7615781c7e355e7d11636507,4a4a36f4c9c0301a,val,train,5,3
003316,500,403,RGB,1.2406947890818858,62c03919eb81d476736e90081a80c4c71cff0ef97fcf5d5b807b008bd43dfbb5,044cd3e666cee010,val,train,3,1
003320,500,333,RGB,1.5015015015015014,37e55649d7b6c4d5500e82a700fe4301374e05dd2cdcc87cc0be8b949c3ff36b,3a92959672317133,train,val,7,5
003325,500,375,RGB,1.3333333333333333,5163fe5759493f55f6402a2e4d50b11610666418ec2e3b5bd5d89f18efa3acb8,dcd46872724c6664,val,train,2,2
003327,375,500,RGB,0.75,527e14bcbd824747a1e8599465e508eca50a788eedc3436ad2cef7a898269253,9898c5898e178d8f,val,train,4,2
003330,500,333,RGB,1.5015015015015014,126f1462754824ddd0a68fac884216ece2c69ae4819eaf818cf0556139297a47,f97b9bc4a486e066,train,train,2,2
003331,500,333,RGB,1.5015015015015014,9037c285caacc31e3bed1990b597d1dbc328ab9721994eefbc71968a1ff7cf7b,9792d0a48cccf0f0,train,train,9,5
003335,500,375,RGB,1.3333333333333333,831be70043cbddef4b5b701f2f167dca6e174e6e8cd8d5ee0e56b7a05e3e09f2,eef0f8d9f9f898cc,val,train,7,6
003336,500,375,RGB,1.3333333333333333,0192804cebf6879f52fe526ffed9344c06e4f0bf5a6368f8794c6305524d642c,436d6c78307878b0,train,val,3,3
003337,500,375,RGB,1.3333333333333333,548c7d903713c4716a9908159f342f61cfb03372599b3914863bc91399d4ec5c,c0c8c83e3e8c8cfc,train,train,2,1
003338,500,329,RGB,1.5197568389057752,b07d4e17747354cd1a373235b1a34f8c409bd1ba09546d64759c36c7316cb7bf,30ca4868ac8697e5,train,train,1,1
003339,432,288,RGB,1.5,a922e22f0f0ce908149e7d7c019012a753471ba2f1909037217309d0eebe4d56,c1a16262e4dac8c9,train,train,1,1
003343,500,375,RGB,1.3333333333333333,85615a6bd69e1d7ace14091bc2e1d23b4cd7887087d0efe71838010f493bb6ac,e8d258cec6c28a84,train,train,1,1
003344,500,333,RGB,1.5015015015015014,9a50e787bc885502ec8b391437ac7659c14b47e48d44fa26900f5b83ef4af915,6828d3e2681c4be6,val,val,12,9
003349,500,333,RGB,1.5015015015015014,bdc107a13079f4bcfafc7044fdf19e2bd41c44c51db5be623a283b11e1967d56,73690d1d1c988d82,train,train,1,1
003350,500,334,RGB,1.4970059880239521,5471c353e9184bbc7e57b1017b5389d518484667c34414e5d6c54968c0e561af,30908c4c9c880206,train,train,3,1
003351,500,375,RGB,1.3333333333333333,2f1c67649d03780d4aa583cb426edf2e8b06fb2258c61d2464f34a3f3dc05dc9,fcfccc4f91cdc6d6,val,train,1,1
003354,500,331,RGB,1.5105740181268883,b39d08520c3c3b7ca3df34aceb497aee98ab9e80f1d857f1e394b9fba23e9efd,e0d0981818180018,train,train,1,1
003355,500,335,RGB,1.492537313432836,5e8bb265ef213ed8eb5146845c2a6e43510e0c0d05bd35989f25472bfdf1735b,e1e162f3701c8e42,train,train,4,4
003356,500,375,RGB,1.3333333333333333,0569d9fd12cd0e29d2e84d7a3e7d927836bf7a8b60484e291144f58bba56f2e5,b0f0f3f3b1a9a8b0,train,train,1,1
003359,500,382,RGB,1.3089005235602094,01fef443d6168ce4acdb8b28f2177daf92c58796c1beb53ebe676bc0faa051c1,7372722460633347,train,train,2,2
003360,333,500,RGB,0.666,8181bb5fb2c40ba39859ff3eca74df33c9e8d1db8e57e18511a4aeaed73b9113,66dac2e6ddc95919,val,train,3,2
003362,500,332,RGB,1.5060240963855422,0931b92296d6aae65952db629f6d875ab362549e6c8c887cd528795998c1bf03,c2d084c4cce9e0c8,val,train,2,2
003363,334,500,RGB,0.668,2ee31999a74f1c49785da8f91ed88ecbb540824d8ffa442049b17e6f8bb94b72,bdc21b3aed356f6f,train,train,2,2
003365,500,333,RGB,1.5015015015015014,8ebcb37a4e94854b1d99a0600c6fde71623a21fcd64fd9518ee4bc06d652ea6a,8012688c044b8e08,train,train,1,1
003367,500,375,RGB,1.3333333333333333,b138dec4ef5969893558fca5719dd64814adef2409eb484116c85478a25d6b36,e2e57058c2f9f6db,train,train,8,6
003369,500,375,RGB,1.3333333333333333,be93e94e045e1daa81de1ffdd875d6d3fe96c5d1d6b886b045bd5e4e3990f536,e47e07c103031301,train,train,4,3
003370,500,332,RGB,1.5060240963855422,c5ad673fb65ba32715e033fadd26ea6c970cc6663be5614f77c1b4a4e29d1918,a6a6b23333099181,val,train,1,1
003373,500,375,RGB,1.3333333333333333,64b443a352bee30b3bc877ea7e75fc419d0679f69ddf912ba7e6ad55ad8f54a9,4c1ad2bcd8d84444,train,train,2,2
003374,480,359,RGB,1.3370473537604457,0851a4d78129f1cef57e1cc181a1c8c79aceee082bfdc40a27550b3bf72d3b2c,7c76749c71f19189,train,train,3,3
003376,500,375,RGB,1.3333333333333333,7ba73130949698a880ad3f8632faa8d8045d8fdd46ee46a85ef7d0ed5528d5a6,f8f6e6664c2d092a,val,train,5,5
003377,375,500,RGB,0.75,40f15a22a6334570f3c2fb973bf78f4083423cc11d3d1108f0a1fdad536cafb3,f86030d86c546367,val,train,1,1
003379,500,333,RGB,1.5015015015015014,1a13fda08c017165caa6b6c16574537582845a2cfcb5d2de0172a68c594fafbc,ced6246c30a2b0f0,train,train,1,1
003380,500,375,RGB,1.3333333333333333,e601dd83cb3e3503cf3687025b391e0702f7d4ecbfc65da2b551abb07a7f145f,f2a7870f1f13cfd7,train,train,2,2
003382,375,500,RGB,0.75,f9c265c26ec50dbb89e71128f8d6d69605b14ec5f7eabf4499cd47f4e696d980,8080121dcc80f0f0,train,train,4,3
003386,500,281,RGB,1.7793594306049823,7271c27ad1b7cf5f498ab027e980292a4257c35e01e5f501ee4a4691f69cdd8e,f4f8dafede8c8ba1,val,train,2,2
003390,500,375,RGB,1.3333333333333333,d939170ae7b12c0598c5be4ca4efaf5578a22aac7048d44431d907d48ba1899e,c3860fb3f174f4fc,val,train,5,4
003391,500,375,RGB,1.3333333333333333,b2688b4cf079e49724b1c8833cfaff34a3b56c1c94261ff1178ddd6b938f6914,74da9eac3810b83f,val,train,2,2
003392,500,375,RGB,1.3333333333333333,2e84c6dac32a8e133f6882a2b3f34c47e46d2f35a0357a98362d281ec326da4a,bbe0e169a1e1f078,train,train,1,1
003395,375,500,RGB,0.75,6cc6fa67d9705a27fede5a456db45963dee8e049a11a654497851db2fa7b589f,fcece9715868d8d0,train,train,3,2
003396,500,344,RGB,1.4534883720930232,ee46cbae06413480b8d3a26da40cb4dfb0abc9949e2439f40f0eba8a0839342d,6160165e5c1d2f59,train,train,4,4
003397,500,375,RGB,1.3333333333333333,79ed97d16567f9ac278b314342f0d4eeb55c010958c251e14d6b5e450d90efef,ffffffe3417178e6,val,train,2,2
003398,500,375,RGB,1.3333333333333333,9980d0138b5636c2942af17fea05fce6dab6b9378d3278afadcca0cc043a3e89,c0a444606030b034,val,train,1,1
003401,500,281,RGB,1.7793594306049823,000a24c0e498116a00946b0eb5f26b8ea6298afe5e674a3001f76af2baa99cd3,7a3a3a2e6e7e6a7a,train,train,2,2
003403,500,334,RGB,1.4970059880239521,e8fabec82cda4d139e0513c40e61afb2449237b04415dad3c609f9704dfe7c4f,9e3234ca0a2bb129,val,train,2,2
003404,500,375,RGB,1.3333333333333333,41f1ed15512bc58f673b174319a7e10dc5d6e6f578d2ddd12f4f4fd7f716abee,07c7c3690de0c0f0,val,train,1,1
003406,500,375,RGB,1.3333333333333333,e61792635df8cf3d0623c6952154e344e766df7b15aa4109d54621755eb2db07,18dc4e5646ce262d,train,val,3,3
003407,500,375,RGB,1.3333333333333333,8e216e4ba869fe0d89cda3d0a8c2a6deb3bad1e3a6ae1892873c5037ad746299,84006e76627a3b7a,val,train,10,3
003408,500,375,RGB,1.3333333333333333,2becb8b98c10898506be6483b3a3691478a712c6f04f4dc5bbe839e7612c7291,ff979797f7f7a5a5,train,train,2,1
003410,500,375,RGB,1.3333333333333333,b0b2cc14fcd5e2dd29fae44132595e3fe52d366a9a895b445f180c28c5819f88,fefc6b3830c73f7f,val,train,1,1
003412,332,500,RGB,0.664,0d3f53d26125e11382dc83c8dd060fb5f30c1a445c91a7d14c7fadfe5b30a8e1,396437b3e8cad3d2,train,val,2,2
003413,500,375,RGB,1.3333333333333333,0c1c758508707fc13d2b2cea833fc75f63bf57a3b93e7b6eeb30ee901de15dfe,1930180413044c1a,train,train,5,5
003415,500,374,RGB,1.3368983957219251,283f224b0cb8ab1efa8833442ba023632e0fef748e93a0518917fd55be9485e4,871818000a893220,val,train,2,2
003416,500,333,RGB,1.5015015015015014,9862f3378c582a0ee04c14485dafcadd9f614beec6f04935730eb6a8eac3adb7,613170683494c424,train,train,7,4
003417,500,335,RGB,1.492537313432836,bb92a35f04a970ec57e0574903d081f941f7afed5934d8edd654c09cc344d36c,d00135d5e546d6cd,train,val,3,3
003419,500,375,RGB,1.3333333333333333,582d3e047e12dbced9fb86103d392bb6394aa20b006932720a7a2567584ea217,54d969368bc9c3a7,val,val,20,18
003420,500,375,RGB,1.3333333333333333,e57a5506a9edf9b7576e55d5f2f8cabc4c3c9df6c590bde2378cca4a848b3380,82724c4e129bf69e,train,train,8,6
003421,375,500,RGB,0.75,d186b705c842427e1be79d6f301e77a965a834d06045ca4f6653bf6ffd804a57,80090f8f8e26071d,train,val,1,1
003422,500,375,RGB,1.3333333333333333,dc243b89b5283fdef3f4fb2801a630b93ee1ee59791e87f87379a169c8d119fe,3048c8f0f6f363b1,val,train,5,3
003424,333,500,RGB,0.666,5578b6ca0f276dfa60828e0a2f3f0c97e22a7959bfbebf81512d1488af88125d,cbd3f169b18c9c9e,train,train,3,3
003425,500,375,RGB,1.3333333333333333,ffa8cc878f8426d9568d2c6628903602700267a74ef400e057dfbc2f22a7eace,ea6a3e662cb8b858,val,train,1,1
003429,480,351,RGB,1.3675213675213675,7ff7f9664e782ffc4508d04ed698958fe45eb353199865e246773caa7aa277c1,27e7c33ecac9c8c8,val,val,2,2
003430,500,375,RGB,1.3333333333333333,d6cda4835121409250e29c587574c4593d44eae14c715b7a18344a9ed6395f23,c0e8f0b0f0f0f0fc,train,train,1,1
003433,375,500,RGB,0.75,9891e8b7a16acbee230fca21ab69638977411dff6a69e21ccc85105d3937a21e,5273d47473337131,train,val,3,3
003435,500,334,RGB,1.4970059880239521,fa855cfd06fbdf177690a7e36efe75b3092aa0040b6150c85c302f4c5fee8fe6,e373e1b190901000,val,train,2,2
003436,500,375,RGB,1.3333333333333333,ac07ef977d2546f553eb3ae461745d4500471bb345a560ee646c55a0204dff53,a006cca92616974b,train,train,6,6
003439,500,333,RGB,1.5015015015015014,176adf80d80fd863526ae84da3cf0a0e673a750b155ddc69a6146c9378f613ee,c26cc4c996e6dad4,train,train,2,2
003441,500,375,RGB,1.3333333333333333,8c2b7b366c4790d9c8cdb1b3c9d07a491dd08573fae370fa8a822c68f2862ade,d8d0d696f39b07e8,train,train,1,1
003443,500,375,RGB,1.3333333333333333,a115d613af6ab90d3db8094b023ac962bfb052191b330809ad160a0844f9aeec,9c9e9bcacf7cf8f0,val,train,1,1
003444,369,270,RGB,1.3666666666666667,d0bb0ae97584f09091dad487399edd1f5741d9ab34a6fefa0cb672de075c4d02,68682b2349f90183,val,train,1,1
003449,500,375,RGB,1.3333333333333333,33d95d136d4bba5f353e4d2b8abebaf9871411360269f1c026de1666f4e3162a,15cdcdcfe2b20ec2,val,val,4,4
003450,500,388,RGB,1.288659793814433,7bc8b0437d8383113f1880755862b71af57da66524928132101b789c9713fe6e,0141591d61616541,train,val,5,5
003451,500,333,RGB,1.5015015015015014,46f88ff297a665e1088a3f473c7cd3170e7a1b31580b6753feb7b9985bd42725,707e3636078d9894,val,train,4,4
003452,333,500,RGB,0.666,dab01b524ed4852cc1ac7ad01c75ddb08822e7550c38e1e4178b84b1807b96b1,e8f0f8c8cc999980,train,train,7,3
003453,500,375,RGB,1.3333333333333333,8ae1fa457f6ad3f4a02f708ccaaa75c091a5c74b0dadfb8cdc0355d1e09e22db,a6e652f5e40928cc,val,train,2,1
003455,500,333,RGB,1.5015015015015014,3edd954644f7b42aef8723ff9f9c8bb3fb4f2fdb003c552f600bbabbe3435bd8,69e2761f7377e6f5,val,val,2,2
003458,328,500,RGB,0.656,b16b4ffe15d6c929abf8eaf4ba495f4280c4430acfc27daac0d434d30b911b41,49e4b0bd87c6e2c8,val,val,2,2
003461,500,333,RGB,1.5015015015015014,252cd7ccd08c80814403162e2e432a1aea574ce8ff09a9f34dbb36bd16964372,ddd1992dbdd6d3bb,val,val,13,13
003462,500,375,RGB,1.3333333333333333,5bb98b732b399db8492537768922eae32edb0fd25624ee6b80c150f0f133ec8d,60e8f2c4e4ecd4f0,val,train,5,3
003464,500,327,RGB,1.529051987767584,8833b0f716b225abf4f0f17116489b005006a5bdb89c7b1f70cea2bb247ad421,3434c2131f3f3b7b,val,train,1,1
003465,500,375,RGB,1.3333333333333333,ca36a36baf849579251abc8ce14da8f629e32dba0602e7e1e848a3e0a9974a12,7cb9542cac8c42e2,val,train,1,1
003466,500,375,RGB,1.3333333333333333,a10f14f5eb0e686b631b6fbf9203298ee3463b575204c55398f86e1ff79172b4,169f89c4c2007454,train,train,3,2
003468,500,375,RGB,1.3333333333333333,798f5a6b5f87ecee2092ff39656ac1fa74db0da01feb85731bb26d2fcdfd3b6a,f9f1f0f81838ea82,val,train,2,2
003469,500,375,RGB,1.3333333333333333,b69afbfee60065e7cb41b131ed58f31f6ba85d26be1230e9160da8ff6b72aaf4,010da92023030b26,val,train,3,3
003470,333,500,RGB,0.666,fe8542382227cdb2a8e3001c0564f2af67274f7276405e026f47578130fd9f2e,84575b5bd16666c6,val,train,10,7
003477,500,375,RGB,1.3333333333333333,189fcf75edcc6103bd410049f267168f47476f94559f4d95153e6d911086895e,c081c3c393207060,train,train,1,1
003484,500,333,RGB,1.5015015015015014,fa8e6f4cc909ec8340521ee596dc86d3c66e03a3dd0bb69ad04623867707fd5f,adae8a9931333236,train,train,5,5
003487,500,375,RGB,1.3333333333333333,d33fdb0c2a1205e0c49701fcfa7675428366dbcba2c50cc077bb188e550f3b7f,ecbc6d6467697978,train,val,4,3
003489,500,375,RGB,1.3333333333333333,69c519559d26994d867f128532e295b8565bd3ebc6f45ab1ea3e21a0f914e1cd,a978d3e3cb273673,train,train,1,1
003491,500,375,RGB,1.3333333333333333,e0a54c8f347f8f9de437d050fc40539800454ac7b41a7662466e2310f443f4e7,1a393164e1b0a230,train,train,1,1
003492,500,366,RGB,1.366120218579235,10eec23b6dc86e2ac02bcb12a986a15bcdc820e8e21ed385320fd44f4d0d8940,b03932125c506868,val,train,3,3
003493,500,372,RGB,1.3440860215053763,f762029b023bc35fd0f8282dcff6ec01654a877996535189818f06bc410d4e69,80800ce89a0ff0c8,train,train,1,1
003496,500,333,RGB,1.5015015015015014,85850e26b1d08453080f18142d2fb2954919b9feb1ffc337c6f5142907445397,a8e4e695969296b6,train,train,12,10
003497,500,335,RGB,1.492537313432836,16facc0a18965718b4c90e1dcac3b496f514a9fddc7d2050def4e7e11c3beed5,dbe31b2c2e073138,train,train,2,1
003499,500,375,RGB,1.3333333333333333,b8ea016ca7ac485f5718f2fcb12fa326c8e1a30bfd12daabdf859fc8f31c0a6d,8c868fcd5cd9cb1c,train,train,1,1
003500,500,375,RGB,1.3333333333333333,3a048c217f4946dead01525c8837040e68904bc90321cf4218562d9434bc6af8,2723c25e1e1b1f0f,train,val,1,1
003506,500,332,RGB,1.5060240963855422,7a9308f39467fbcee230e05a92e395cd3d2595de72ee5233714553f846969b0e,c2f2321e949a9641,train,train,1,1
003508,333,500,RGB,0.666,ec48b67ae815b7f400b1ebffec31880f3ed1e9f2e21516503a34bee25fd5953f,165c871e7dfffdb9,train,train,1,1
003509,375,500,RGB,0.75,8587635b434f00b3ae2b29c0c98dbd4a376137c91881d262ce3ab9994f0b2ad7,acb4b43010505452,train,train,1,1
003510,500,375,RGB,1.3333333333333333,34c257efcd0e8cf73b62204f2600a6163388e2f364a12db298a1c74107984ff4,c8cc86a6a68dc88e,train,train,4,1
003511,500,332,RGB,1.5060240963855422,2e948666049b3308b1f8f70135f36356e8fa099422c595e393cb7ff6bd80ef9b,f1b2e6e7e6ba7c74,train,train,1,1
003516,500,333,RGB,1.5015015015015014,59586c0593dce7293178df52adf4c0c7a08ed3e07101d39274da28c002e463ab,f8f858fcb6be3f76,val,val,9,6
003518,500,333,RGB,1.5015015015015014,b31653f48b75b1299ad69c8ee1f5dbc3773a8f655438b95a037aaa43074dba0d,f0787c7474456cee,val,train,3,3
003519,500,375,RGB,1.3333333333333333,4ee5141300094c4e025d1f647333a7473738664651102a952b4d1ae566429cb5,ca6260e4e2a6e6c3,val,val,1,1
003521,500,375,RGB,1.3333333333333333,5dc975a7ddf0cbbcddda9fb76dcbec4e5e037bcb8de7e2e9ee5ff9c3f5bf3bf4,b373323e1913b7a4,val,train,5,5
003522,500,375,RGB,1.3333333333333333,b10d98ceb3ca362a924399c5fc68481b3639650840aaccbe35642142eccfc3a6,18dcfcbebdadfe0e,train,train,1,1
003524,459,500,RGB,0.918,fe0aed532317c04af0ac3051b8f06fdaa051bbfe33911f73c8b0810e42f5a63c,c6679367cdbf7d33,train,train,1,1
003525,500,375,RGB,1.3333333333333333,014b59024f46bcb8ebd4934a858238b82fc73a7b30e337aa378120c839c4e15c,f0f4f8f0b4b4f0f1,train,train,1,1
003528,500,375,RGB,1.3333333333333333,db308ec8ab4410b9bed08940791aaea4d59d424e2ff4c0b53e6e8ef83f6070af,d4861666669e9e99,val,train,8,8
003529,500,333,RGB,1.5015015015015014,5b3f4ac4d254df8f45903d56ca45fd906232995550d10665d5eb392eee42b024,9bdbdbdbc3671387,train,train,2,1
003530,500,375,RGB,1.3333333333333333,8cda11521d3bc73d5ae9fb10ebabedffc20acba40650f35274466b35be314e8d,b436767674385cf6,val,train,2,1
003536,500,375,RGB,1.3333333333333333,185b500c146865a6b9058df0ef73852e81fab9eb287d13a1447063c81da2a75b,094b1b2a08109602,val,train,2,1
003537,500,291,RGB,1.7182130584192439,0a28c52e887c70717f66941f3e02430592ae4ab99fb341906190d00b76eea745,08234119a9c18170,val,train,2,1
003539,500,375,RGB,1.3333333333333333,c753e108c7832732755cd3929b894ea00630064529e49467795088eedea41f2a,f8594dcdccb3bb3b,train,train,6,6
003546,500,375,RGB,1.3333333333333333,9c7166a66686da437db88d039c8eff058e691f1c54a97854eca0337c58815042,ce4fdd2d2ef8f1f0,val,train,1,1
003548,500,375,RGB,1.3333333333333333,8ddf65b02c0920492e6707c85f3c69600a41f4fc38c794f3837d5d90a40aba4a,fc393b343d73fa3c,train,train,1,1
003549,370,278,RGB,1.330935251798561,a598a23af985366753d1ca6cf72952bfe6f9e2cb50f0576d29404565eb0f4d74,155c8911938b48f0,train,train,2,2
003550,333,500,RGB,0.666,ceb01196a92a8bb87a1197768d4843df08dc8e4f0e832d1c2a8b82f97f444d49,726be3e3e7e7e7e6,train,train,2,2
003551,500,375,RGB,1.3333333333333333,83a7a0af0732aa2cfee4edf7ebf714afa4b487f3327a6d68740b6978b9e23d70,7e12332f0f6f1f1f,train,train,4,4
003554,500,333,RGB,1.5015015015015014,8dfd9c8dd67908d930c8c091e0e9d15cc21aa7abfd712f6d1d056cba25e1ddac,c9492c9af026898c,val,train,1,1
003555,500,375,RGB,1.3333333333333333,b2f986c34bb4788e3abfd2e48765c8e570fcb09ee1b0ec4af1f12b4bad68ebcd,000c0b96941974af,train,val,6,6
003556,357,500,RGB,0.714,a31d0b78cde723bce2c1492f0b0ab63123ca00a55acff13ac12ddc288a128af3,1a3d58523eac5240,val,val,2,2
003564,500,335,RGB,1.492537313432836,3bc9f9710efcd552076baad0d9d6d216c276117f9d4ee984002a1a97b4299a19,61898d1dccc78d99,train,train,2,1
003565,500,375,RGB,1.3333333333333333,93e803f8c3bf883b30e07743266f99c59c16202084c59824627054926f40a275,47c0ff3bf1f06991,train,train,1,1
003566,375,500,RGB,0.75,c73a5e5e37c02085998cfafb309620d5a3e2ae66176219fd856aa509277e63e6,3c2434191e2c68c9,val,train,2,2
003567,500,331,RGB,1.5105740181268883,73a97b145e9a22cce3e2332bf07ae8dac15ed40b3a49cd676c30a602798c8835,2669a99ab74ccee0,val,val,8,4
003575,500,375,RGB,1.3333333333333333,31b5d12a3e9e616f74a4edb3074284950617e490d5372ab2e27d5a3a574fdf6c,ce4c4cb696816c7c,train,train,5,4
003576,500,265,RGB,1.8867924528301887,ed0b04f49732e526d97bd386d3f8d8bf003ffb8f338c264cc38c32c36763a33b,b9313233f3cdcd81,train,val,8,6
003577,500,375,RGB,1.3333333333333333,c9c6b801d7a31a91f249daba4db9a5fb04f6e898b32b1bd19c2e0ad865710ca5,3a9a9a9331343a31,train,val,11,9
003580,398,500,RGB,0.796,53e13a54a156cbfc942cb348f79171a1bef4cf7bf40853a67bab0ec80f603211,f86cd8e86961e283,val,train,1,1
003585,333,500,RGB,0.666,157e4241636a0ada7cc920f7232ab2763ff6e9724085676bb3b05f7bbef83442,feebf4a6e3b39ad0,train,train,2,2
003586,320,212,RGB,1.509433962264151,92b22043b618c9251e8795df25c1edff9a92e1e5d07d900c02a2f2844ed8067b,e5782e6401c2648c,train,train,1,1
003587,500,361,RGB,1.3850415512465375,7da5ee78628ad7c345dc08852e95e269aeb6fb7ca089c47214d9671017771a02,f4e6c3c98894cce0,val,train,2,1
003588,500,333,RGB,1.5015015015015014,a4667bdca1a40af871d02bb2f6041befbc11507e51420a856f387be6b67c932f,71712c6c6dd7dcf8,train,val,2,2
003589,500,358,RGB,1.3966480446927374,eb4981b2e7bd0d57fcd0b17f2a38838d99f3438767f74dd4a75d59cd711bfb7f,3c9c1c6c8d178e96,val,train,15,15
003593,500,333,RGB,1.5015015015015014,cec6a345244b67f81c5b14462be7c6540cf7ebccf43e1b4315f7037680860f3c,ee78c95b3bbfa68e,val,val,2,2
003594,500,482,RGB,1.037344398340249,0e0d0f28bdb40c934b7cd00876e625dc474fd97e3cbe54f5cc0f0d37d821ab47,e6928cd153559999,val,train,1,1
003596,500,375,RGB,1.3333333333333333,45ddb8710e2da62e0a2774941d40e575392ed0367184e9eb0942bccde168552c,61688e1713261cd8,train,train,3,2
003597,421,500,RGB,0.842,dae015b26ce4d9dc252d6a50fbed4a8ca462e5801167795ee214de166f39bec7,e888f2de96d8e088,val,train,1,1
003599,500,332,RGB,1.5060240963855422,ebe9f49ebf6ec44c4a860d15d98294809e5f413194f5614aadca4c65c68de123,d5ddc6969e9a9a9e,train,val,1,1
003603,500,375,RGB,1.3333333333333333,d71e9280cb42220cdf9410b10853289ac42b87836556b23e1e219096167a30c1,e6adefa7d3daeede,train,train,9,9
003604,500,375,RGB,1.3333333333333333,ffcb9ac2c14f90cfdcfa47dd5c016f098ddd9703943a2268bddc16493eaafddb,282230d8ec3838ac,train,train,2,2
003605,500,386,RGB,1.2953367875647668,448e207b59fb0ae0eb8f5565f007aca69faa7219101ce4181fa270d8a01804a9,f7fbed6676f46b5f,train,train,1,1
003606,500,375,RGB,1.3333333333333333,037865390186ca348d8b5166dbadf98c4c7b9159f4ab16d35e1e4f7c8a72a99e,c6ae8abdd15aaca5,val,train,2,2
003608,500,375,RGB,1.3333333333333333,db7bceaf4f333ea68b50eda927861530c677deff2fd5c8fb491900c5763f9b76,f83e62c1910983c0,train,train,1,1
003609,360,270,RGB,1.3333333333333333,ec7d9e0c6ff1e34106c7cb6917ceb49ced4089c04625e196f8e59dc47dd7e25d,002034c9c8e2e761,train,train,3,3
003611,500,375,RGB,1.3333333333333333,42b196c5c32414944c2a89736ee92937bf2109835d52e80a0062123fad26ca29,5a2e34959d7a16c7,val,train,2,2
003614,500,375,RGB,1.3333333333333333,e3664514bd7ba4e69098c61cee4d5eb76f8c7eed49cbd678a1f9da3e3fc493b7,dad0213c9ecbe864,train,train,1,1
003618,500,332,RGB,1.5060240963855422,7a33cf5e584eae64c29ae538d3ca455e2d1954f0c7695b0c80637c8246c0cf36,8044ccc853cee4c6,val,train,7,5
003620,500,333,RGB,1.5015015015015014,72f578ed3a73b5e715b9b76d401b9175513145f12ddecd2811c3fdac172d6726,301c1e06060180e0,val,train,1,1
003621,500,343,RGB,1.4577259475218658,fc94a5ab3644fa8e5d333475eb711e8a9ddce6f12deca3571f71bf58f035d094,f3ede9fefcecf2f2,train,train,4,3
003622,500,375,RGB,1.3333333333333333,cf9884481e53b5629373db30399ab5ac952397a75a54cb06f244b3ea8b6c6c03,998d151522a8246d,train,train,3,3
003623,500,375,RGB,1.3333333333333333,23ceba46111146e306e8e91467b4f5203e9796fe3d82d107f01feb9781918080,22e4bcb8f971661d,val,train,1,1
003625,500,332,RGB,1.5060240963855422,75f80e37579cf0d1b08bf6a28279d9e325d38f711e83de724c490ae2f492e87d,eb779692949626d0,train,train,2,2
003627,500,333,RGB,1.5015015015015014,30b76275d797f79a040071edb9a053d5647f00c6b0dde8c8fa8c61857876203b,464afd9d248c9cac,train,val,1,1
003628,500,333,RGB,1.5015015015015014,ffa5a8e9614b151c259c5c6e265daf5e528ba79ccb016ea4dcf5da3e5a9a194c,199f9b9e2f17362d,train,val,3,3
003629,500,375,RGB,1.3333333333333333,91abbf1e89cf57cc38af06cd91295cffeea5db592b2a7674f0403314d1efac2f,b1a6b6b58f1f1507,train,train,4,4
003632,500,375,RGB,1.3333333333333333,a8ef5e55a04682b18d263a5d22ed2b1dc89d5f9000b40f7642a277139c573def,9836fecf4e24c6e3,val,train,1,1
003634,500,281,RGB,1.7793594306049823,77a3ca648da78114b22fc34f1d6793728e87281a4df64bfff71c3feb4cc4e479,ac6cecccc43763e1,train,train,2,2
003635,500,375,RGB,1.3333333333333333,b63af3131336e724eefe594afd4f2e54c95fc89875fd1fda06f5958e9620849b,9a3a7c92aec918e4,train,val,1,1
003636,500,375,RGB,1.3333333333333333,0570927a5b3c4bc7c763d7f0b98b2b235a24436fb790a50c1e64ed968e90ccac,f0f0a5e461982a9e,val,val,10,7
003638,500,375,RGB,1.3333333333333333,5b5fe0377b76c33e2962736962b119f2e19d1ddffa2d9c24541d2c96295cde69,8ec64a92963232b2,val,train,6,6
003639,500,375,RGB,1.3333333333333333,1e7f6ba934640d11b24735ca43775a0e1385908aae708b27c748069eab2fbe9a,0cf240b0bea62317,val,train,1,1
003640,500,375,RGB,1.3333333333333333,9727c7ca0cbd659090eca07e3b0cdbec32a5f840e531baf67195ee68bb7cdfd9,c86861a88cc78820,val,train,1,1
003642,500,260,RGB,1.9230769230769231,c555b9931e0d89738f0f4eebe1739f6a6e7a956c8ee329fba5332f1966bd9095,2525010bb3262403,train,val,1,1
003644,500,281,RGB,1.7793594306049823,25a351872c93b4a5e5e357b2819da204ebf278e0c792a8a2fc41de55d590a6b7,d9d9f9b1e4d6d0d3,train,train,6,4
003645,500,330,RGB,1.5151515151515151,dc911dc2a4dde5c52171d6f43512d49a95b4f0239f7b6ee2446462ded249fcf0,3c188dcc6cdcbe2b,train,val,4,3
003646,500,375,RGB,1.3333333333333333,86fd3b2530ea9efb8ebc9d1667158087c3089a225f72f181384c57d0bd66fc27,31b3934b4b2b5b4a,train,train,1,1
003648,500,375,RGB,1.3333333333333333,4798841937d7b9f7e077b49902e58fdeaab064c743e35b9e09c1c1f48e8aa403,e048194d969cc1e1,val,train,3,3
003651,480,360,RGB,1.3333333333333333,adfeec3d86e19c18daf790bef6f25b102571ef2c0f59a58e298f746207969744,6dc9343031682080,val,train,2,2
003654,375,500,RGB,0.75,2c47ef374e01fdfea0f90d2e3ff7f9620c833db1231451e396cb4c97794ff34c,6cedee9c9fcec88b,val,train,7,5
003655,375,500,RGB,0.75,ab412da03ea33b06d59929cc9bbecc8dc578a9a912fd3181a6effcf32da3376d,673671195fdb1bf7,val,train,2,2
003656,500,313,RGB,1.597444089456869,cb0d3202e266cf6057c16a92499760741a6709fcde239445aada472fe578dc97,a9a1a0e0632a26ad,train,val,1,1
003657,500,344,RGB,1.4534883720930232,7b9a273a001774be1b72832a966c46ddcfc3daae896b9ef81c26612c942f6a67,1b1b6b293859c7c7,val,train,1,1
003658,500,341,RGB,1.466275659824047,420b57de2f9d611ce0e5ae5f5115006f90384a7f35a1a4e7aadf8e99513a19ae,3cb4366b6beb43f0,train,train,1,1
003660,375,500,RGB,0.75,33dbfc7cd3b4a03ea57ee94c70378b291cb34445545f554a1d76bbfa786fc1d6,e000060627070124,val,train,1,1
003662,333,500,RGB,0.666,3b610d78646a0195a0ccf2e06d60c894a7993a15da158e8993e0c70bc7a7aeb5,b3333333a32564f3,train,train,3,3
003663,500,333,RGB,1.5015015015015014,0a29aa82369288762e5b1b6bc61007ae23805a0b6f8365dde648370aa2a42439,c9dc2de4c4b0b070,train,train,2,2
003664,500,375,RGB,1.3333333333333333,b575552c5d34ee50da4e606dbe6cf91f3a2e7121a484a7665f500e4a9097deb6,66c65e5d9b591e67,train,val,5,4
003667,448,500,RGB,0.896,05f85d23fa0a37d2e2d3d14f1e584372d2383b82c141ceeeb28e93463ee86b40,cccdcf0fcdc99bc8,val,train,1,1
003669,500,375,RGB,1.3333333333333333,3f6b5e1629af943c1c7f47e9c97ab199d76c51dd6a347541d3ca2fa274134555,23323a9c33063180,val,train,6,4
003671,500,333,RGB,1.5015015015015014,bd5110ab178396f87daa08a5d1ccf6a224e7ea82814ae79a928a6bb39e8620c2,8e8ec6854f4f8eda,train,train,1,1
003673,500,375,RGB,1.3333333333333333,1da7a8739ccd44d9a9afb926f5dfdfc73d44273fce3489ae3e4446d6ed18b1b3,216064e8f8f9f3b2,val,train,2,2
003674,500,375,RGB,1.3333333333333333,3ff28ab4b5f1a6c61e56ccca86722644739381276ebe07e743977e0d41abd79c,3c5eb6b1d8dcdcec,val,val,1,1
003675,500,333,RGB,1.5015015015015014,c0628971c9c820198c11036823db3844a0c090f48902f76a0c84522b356bd8ee,35b15930389ca4cc,val,train,3,2
003678,500,332,RGB,1.5060240963855422,e7f6cc2130376b2b73c81aeea69399e7a581c7bbe38d984c820fad0cde89ff3c,f3f3cccc8c9cc5dc,train,val,5,4
003679,500,332,RGB,1.5060240963855422,6fe815ad4ef0a33a83e2919b61df4cd49ab0dc5b020b60fe82d71820eecc949f,e68ed6f270702084,train,train,1,1
003681,500,375,RGB,1.3333333333333333,4773888c16f337fe695fdd438fe597837559dc96cd68cf97bd77f8a30a60f82f,7d6cb190b9b1a664,train,train,8,8
003684,375,500,RGB,0.75,4ed3d8a1e443768b18b365ba6cbef034bf05e2211ccee61609e51d0edc4e7db2,d6b07d67d3939698,val,val,1,1
003685,500,375,RGB,1.3333333333333333,b1d158082c6c59a6a98f30c2986ede2f4e9e6f0d0265c63a2bc95170e51b1e10,92961ec6da58e0a4,val,val,2,2
003688,500,333,RGB,1.5015015015015014,b04ce33517d7686b8ed5e6f5ea04e741b3b82bbd16d842f881708e78dbc14190,bc6d6ba9e9c9ecfc,train,train,2,2
003690,500,375,RGB,1.3333333333333333,15db3b1cfd003abc3ec6f0ba9505707f26ec4b76a799b7bdfa2def6344294be2,9292dbdb42ecc65c,val,train,2,2
003691,333,500,RGB,0.666,ce7f908c0be30fca193852490ff8370129f0e3e872157fae653a527b4ae4a8dc,f2cdca536666fece,val,train,2,2
003694,500,333,RGB,1.5015015015015014,4598bd709e90e9c78ff64c8000f9e910a265210215daed9588412a4f1b3b0e59,20303e3636b6f159,train,train,5,4
003695,480,318,RGB,1.509433962264151,f5f05616cd83a9cc95890f25dc74a5205141dec299b197307a5d364abce8f2dd,0101773ef91880e0,train,val,1,1
003696,500,332,RGB,1.5060240963855422,fe8f3332da4cc3fec3afbb1eb58dcffac7e6e7d6efeaa50fa7da69d3032a14e9,d1e1c3cbc3c3cba0,val,train,2,2
003698,500,375,RGB,1.3333333333333333,f27302f027d142195967e633cb2aa4e7870469b768b352b3c5cd26f95d215554,3cecefbf0bc5f9fc,train,train,1,1
003699,500,375,RGB,1.3333333333333333,6e27daed6616607b4b480f7ab664a469fec34eb224d988021c84413d732e2145,7171f9b1a3ab2b3c,train,train,7,2
003700,500,375,RGB,1.3333333333333333,bb911a73df83f975958cba976f91246772e2ec623b95517c1101959b1c3d4d04,cfddccd8796971b0,train,train,6,6
003703,500,375,RGB,1.3333333333333333,394fd3b28a9708dc8bfee9b2f21b50712d8c259e31cc3aea956dd09ecd49bf4c,73739b7031846862,val,train,6,2
003704,500,375,RGB,1.3333333333333333,02eb849a44549e1dbd8ff4f91e6687c6dea97fe7799b8708b2051f29fc0a75e1,543634ccf933e7b5,train,train,1,1
003705,500,375,RGB,1.3333333333333333,0df969e37f4a0639c643df2196c3621592c870464e3b8ea896dcbe88cf7f0627,f2eab2b4c8f5e2d0,train,train,1,1
003706,500,375,RGB,1.3333333333333333,f5771b06eeb5340b1885df89ccb4048866a6a98fd625ebb470cdecd2c544c48c,c6c436262aa0f271,val,val,3,3
003708,375,500,RGB,0.75,36a9b724480d4c4ef0993fc42bed7580b4cc7824e0f9653604e739dc0a67de9d,488c9ed296863575,val,train,3,2
003709,500,375,RGB,1.3333333333333333,a870690d3729936ff5d838b678e7d7d58813bc46f671da57cfd14a0be9c7646f,6a969ce8b3744cbd,val,val,4,3
003711,500,396,RGB,1.2626262626262625,b9336e9c2434a7803bc959c77ce4d883179274915e29321295f1ba6c8f456087,63d1ccc8bb7e1e01,val,train,8,4
003713,500,375,RGB,1.3333333333333333,d1cf6363133127a87d907005df51f33a46da724e82b859aa65ef9db28969362d,e560d8f8d8d1d884,train,train,8,6
003714,500,375,RGB,1.3333333333333333,7b5c906634be974ff153512ca605b43bfbc1ae8cfe45736da7f181e073fc02e3,3cb0ffef0f4d9102,train,val,1,1
003717,500,334,RGB,1.4970059880239521,11410bbdf816cd1274bb78a0a4febe25dfe8656a7dcaad0974de7295747db90c,103a30486977c434,val,val,15,14
003721,500,333,RGB,1.5015015015015014,c6e123c860f2859c525df003a326e7879e739c57230527811cc8a81d75fee923,ffa0724964f6c9e0,val,train,1,1
003722,500,339,RGB,1.4749262536873156,058f9290042b40bc817f5bb128c77efdd2621f5dd4f73c1f95fa83eb00ec9811,91b2919db9fb8cd8,val,val,1,1
003727,333,500,RGB,0.666,449ab0c57f9a069af4bb34b95fdf6d030d9b5756607f94e9106381c6aa0a6942,5c78d8cbc3665442,val,train,1,1
003729,500,375,RGB,1.3333333333333333,3bc553cc290db8c33f94c2c94d7827c3070b0f3ad54db56ae1137657a8a5b9f3,0ccce0f0261d7457,val,val,2,2
003732,375,500,RGB,0.75,4b67b11671fef3a31941b9e69e09a44c51b08cb80f7b030d6bdda88bf3224637,2383072595850306,train,train,3,3
003735,480,345,RGB,1.391304347826087,9359692700e28baab2b18e3b5ed60a333f9a9e816d75e62c056e52537603d3ed,829b0d3a33b3e3a7,train,train,4,4
003740,500,375,RGB,1.3333333333333333,a92bbcf420638879639a0d1e369ca4ba8003f4fe22229209827358a18d458cb7,e3e72d39ebe9c9cc,train,val,4,3
003743,500,281,RGB,1.7793594306049823,c385d51c9b3bab34e3987a9568a7f939bd8f891d81afc907b362e76ffeda4093,f8c8e849580fad8d,train,train,2,1
003748,500,375,RGB,1.3333333333333333,c18a7aec530229cd01bedabdf251957c0290900496f4e0c57fcbd2f3b98541bb,60f674ccc444cd84,train,train,1,1
003749,500,375,RGB,1.3333333333333333,157820d52b56c3fac8d4b8f076b7f85d3cc1c980028eaa6524b2d9bcc743d48a,fc7cf7d35392fece,train,train,1,1
003750,500,375,RGB,1.3333333333333333,c6dacabfe451df63d6c26a305ab530010a83c2115af1d94351cd9c8c2cd2cbc2,666069149c0dc9d9,val,train,3,2
003751,500,334,RGB,1.4970059880239521,a54685681a9fba537761ef9f95837e2f446065c7dff6b60c23b0fe7f8d35593b,f0c1cbc7269ff369,train,val,6,5
003752,500,375,RGB,1.3333333333333333,01087c936cd2a50166fcbf6be8ae6da9e066696b3e2878cc5ab376c8cb7c2bec,c0848a31b4f299da,train,train,3,1
003753,500,375,RGB,1.3333333333333333,b75c2da14f7578ea50e2fcd0741c726c9fb9093bdc21a751e23db42da1fb2379,0ca5b394243062e0,val,val,2,1
003754,500,357,RGB,1.4005602240896358,53a1fca9aa66247ac4288200c743f29343f9c17eaabc96f82886a935d18fb5e3,220213899c980646,val,train,1,1
003758,500,333,RGB,1.5015015015015014,1b672a43c28c6416ba08fa59d9d3f6f3a217224a04444a1120f6486ad5ba2eee,a8989982c3c32323,train,train,2,2
003759,500,375,RGB,1.3333333333333333,b8ab7be65889813c9b39358550bd18e0613eca80e2b705ee7773b8227efe35cb,c3ac848d8999999a,train,train,4,4
003760,500,375,RGB,1.3333333333333333,6bd8c0f32aa0c0dc202682c7c503f6cc9b287f98bc03b8fd9f3f70c26d99685d,fffdff4e53575c7a,val,train,19,18
003763,500,375,RGB,1.3333333333333333,00ac7ab5776d54459f0c906e8d204a9ad2613a6ced673e16a43c0324352b2265,e4c7c70f0625948c,train,train,1,1
003767,500,375,RGB,1.3333333333333333,431f03d818172b7f6877462abb4d7e3fbd3e00c849e1cf3ac3ab2fc1bd84ca81,98bca3f4f67a4c6e,train,val,6,4
003772,500,375,RGB,1.3333333333333333,e5d0019c9f7f7718ec9c41fe704fe2f78e8cde1d09df84ac1eefafd214f7e130,384ece8fbb3b0fec,val,val,1,1
003773,500,333,RGB,1.5015015015015014,0e651ab82cc7b6a067a192b6b9ebcd9724ce44df8474a947cf4e2cdc67722f5e,c0c069d49aabb0e6,train,train,1,1
003774,500,375,RGB,1.3333333333333333,eac09afd2f1baa72fff31b881fd598507fafabb9b3516d876e1d64714a48fd10,e0e9c9e3e7e446f8,val,val,1,1
003779,480,465,RGB,1.032258064516129,5a300b5d64bc59ec9bb96683e1d3a7abe4cb1d72be8ae9516eadd65ef7444e34,210dace9480b0b2b,train,train,2,2
003780,375,500,RGB,0.75,1f4cba235b0ef0f02dc12a6766c577edb32c1a148423045ea164f254c68fc487,d9d979d9ebe4c0e9,val,train,6,5
003781,500,375,RGB,1.3333333333333333,a362ce8014cd10452a717d670c167dde53c43bf1c951a4e3af447357e322123d,736f3c7463d3d696,train,train,3,3
003783,375,500,RGB,0.75,99c58a3a742309504db19815b182b91e47c96edbb3f5bbb5f9af786b48cd940d,60591b23263cb1b9,val,train,25,20
003784,328,500,RGB,0.656,7233430f8baa94912275a62efe7a6591ac47f82ca6e6d80154d93e6974a4bd22,3b242d3d3b0a0109,train,train,1,1
003786,500,281,RGB,1.7793594306049823,9ddf2d9d13a303071eaa7f954e5948eb892f5486ed627c947943bd22f7da6436,31d1c277cfcfe4e7,train,train,1,1
003788,500,281,RGB,1.7793594306049823,fdaff0581ae889ad7965c311b00adbecb70e145d9b5a16beaf99669a083a0e1f,da3434ba979792b6,train,val,2,2
003790,500,375,RGB,1.3333333333333333,02385cbc6fcfac404ce581957d62b4da7d5ddb051c8a54b6fdb5e896e9da7bd2,10f0e4461515f0a0,train,train,1,1
003791,500,375,RGB,1.3333333333333333,3e0f4e72ba6bfe82b9587a855b0f28ee036567f6ffefd09cbd003ce95f383dde,b5b4a5c5f6a48bb1,val,train,9,3
003792,500,338,RGB,1.4792899408284024,7880f5846ed9a752fb8f97f13b75c5c2e7dd3fe76f34bae79c45d604b4fb2f0c,f48099aeaa8ac562,train,train,3,3
003793,375,500,RGB,0.75,3a2ddb8c6f2b604c972877197ffdfadccef000e11d46561bdf5d93cc26ca1f2f,1a980c181c3c3e26,val,train,2,1
003796,500,375,RGB,1.3333333333333333,bc2a746c29036c6e7bca89228ad851dfd9b6930cc2aebcf8e978e78164e9ff06,ffbc6f636227b678,val,train,1,1
003797,500,414,RGB,1.2077294685990339,0f4ed799d330a3fd544fdac81646877f6c688d3df967b4d250d7b48de41e6412,e74957b6f6662538,train,train,7,4
003798,500,389,RGB,1.2853470437017995,fd3a7c8231c967977f1bc0112346a3efca757c0c0e8bced368d21a90ce05d398,f3e1ed64626a769a,val,train,1,1
003803,375,500,RGB,0.75,bd758018eb84d93e2d7469b98db8ad8b089aac63b1604f1f6db3b5e04dea2bd8,0985a0d210b138c2,val,train,1,1
003806,500,282,RGB,1.7730496453900708,3d4f3d187503825fd4e2a2e90bf72065b7432b2dfebbbeb7c9a5c26df7e97aba,3332377730331e0e,train,train,2,2
003807,500,375,RGB,1.3333333333333333,f81322ea815e323924cf7c7a8bbeb2f2eb66e49dfd561beca79bb5533f9affd4,726168b1c2e0e4e4,train,train,2,2
003808,500,333,RGB,1.5015015015015014,468539a322ed0bd5c1b9f9f42bcca21b3965aaefbdaa1471d13f5e34c9211428,89f0f8dcdadad961,val,train,1,1
003809,500,333,RGB,1.5015015015015014,20e9c4be444963881e329cf6dff05a86769f92fb6b31f3350a19464dd6a96f9c,c860bce8f4b59fec,val,train,1,1
003811,500,374,RGB,1.3368983957219251,8e27a808dc8d86f0c9c66eed8fc89b0d51be4e561a7e28853c8ba8c2e806c9bd,818581b00c0f0e4d,train,train,4,3
003814,500,374,RGB,1.3368983957219251,b5964a36da36cf3dd252d392547e50a04230843b3d17b1e687aea83298b38e46,8622084e1383a579,val,val,1,1
003817,500,333,RGB,1.5015015015015014,41c5d633b8603a113638d0761ddd006a522b6048f6b2bc117c2f938dac566f0f,29a52d4f0b2e2f59,train,train,1,1
003818,500,335,RGB,1.492537313432836,4068ee0dd21e39f39ad1ad8e8293b8e2b57cc9fe88ba07e64a8798a7e5cd3c87,bfb7b6b0fabcf0a9,train,train,1,1
003820,500,375,RGB,1.3333333333333333,38d3ee90344c2000f7e31f588bcbb8d270b9dc4b8957eb61d00379387108f891,4972928bcb0d94e4,val,train,2,1
003821,500,375,RGB,1.3333333333333333,22830b58d5bb7d26a5948a75ed0be32e2ade18d2db0a087ad88a24439dcbe767,c4c1d9497464cc5c,val,val,1,1
003824,333,500,RGB,0.666,97aef22bb0cb6839bfae9db0a0f13da0740fc4af542b1798d8fd8fcb208801e6,22f97964c78fc6f6,train,val,3,3
003826,500,331,RGB,1.5105740181268883,fc406315caac9ae3fb25c844cef6aa2e93b6f5ef928831913b19e337f6a0b285,dcb88c8cce92348e,val,train,2,2
003827,500,330,RGB,1.5151515151515151,8d782e310f694c50bcc58f8757bdaf52ce70858bef30448516c6eecd91cfd2cb,0020c8de9ccca496,train,train,12,11
003828,403,500,RGB,0.806,4ac5ed5e5fab1b6f0abbf82dc069f36fc9fbf7e408cbf45f71401670069d7fdc,61618998dadade87,train,train,1,1
003830,500,344,RGB,1.4534883720930232,f421f2f89eb682ce417f7422eb375bf9ecc7388fd4a5ef9d26709ede56d91461,d1c9831139a56531,train,train,1,1
003834,500,375,RGB,1.3333333333333333,efda926e77967e4baa631505126423b4dd83034d7bd58731dae2dc59069d427d,fc7473735b5c6c70,train,val,5,5
003835,500,375,RGB,1.3333333333333333,4b47204a1ca58ec9299aa5b2d1f6c82305cbcd774968372a9b60adc0e74d6b23,825c6c9c4873590c,train,train,4,4
003837,375,500,RGB,0.75,4c50d6b8204b3aa50e45dc4c2da479cafaff0aebfa67a92dcc9d080884c937bd,c0c4c4cccb47b3c1,val,train,2,2
003838,500,375,RGB,1.3333333333333333,5594fe4718818e9f4974710570daf95ca14c4f65cef1485a2bec46ec0e3d7b67,679abaa2ba9e9c9c,val,train,6,6
003844,500,375,RGB,1.3333333333333333,c9ebf44269165ab2c1c888b39fda1b2102d3efb57df2ce9ae79359e90c5ab342,99101444c4c4c4d0,val,train,2,2
003845,500,375,RGB,1.3333333333333333,3a3b255ebf8fcf18ed9d40b34e8050b9105d1daa5cfa2dea17622b8229735851,caef717cf0c11e3a,val,train,1,1
003846,500,333,RGB,1.5015015015015014,dffd4433afcdf1bd64785d182c35897738d4620ca49213ec179597726e41e329,e0c0e4ea48c98bdc,val,train,2,1
003847,500,375,RGB,1.3333333333333333,ab85722c7ac6ce808918903e5dc0ec0fb589b2f5578b047e129992c3f3fdeea3,cc6a5acdf2b329ba,train,train,2,2
003848,500,176,RGB,2.840909090909091,739f69cd430d3e2411ccc4c1d9baa02e3f4b3720da32751a5f06822d2b3505c4,7861830323095955,val,train,1,1
003849,500,332,RGB,1.5060240963855422,5448aa17917656ae8aa71736c9fa2a6ca9c97aa0bf2c4e9aecf01e419ead4439,e8c4f0bcccccc8f0,train,train,3,3
003855,500,375,RGB,1.3333333333333333,eea3f8ef2ead0e93b9ae659b694c97c0a20fa579a07885ddf05285deffe1a7f7,00c0c09424c0e0e0,val,train,10,6
003856,500,370,RGB,1.3513513513513513,dd9203dc2e823ce111e9e6573f31c67a4e4610a26b0f1b5bc298cfa51f531d0e,62624e5f1c360919,train,train,4,3
003857,375,500,RGB,0.75,dd61097eaf9c4f4da2538a86b23e8cec2877a27fb39c61bbe97da7ef9d8f01a2,9199a96061212491,val,train,1,1
003859,375,500,RGB,0.75,f528b5b9a12155a462895ccdbaab7cdf713e4b7a78f694e0e1db4f17b07a4323,c8a8a24cc8891c9e,train,val,4,3
003860,500,333,RGB,1.5015015015015014,94e56791c67337ba259166c4dc2077893dede34ac4111d54f9d3a288dd15ed2f,3d119d6d33098283,train,train,2,2
003861,500,334,RGB,1.4970059880239521,69539d4146dbe357f637249cb8a533f7cd225f23960fcf655c8f38e87eb2a1ce,c3a6a464723534b3,train,train,2,1
003863,500,335,RGB,1.492537313432836,c3758254f9133e8fd25296d31c60a7348a0fe7d825bcc7a9473aedf5337f6c8c,fcf8b00414d6f0e0,val,train,2,2
003865,500,375,RGB,1.3333333333333333,791e46e36c970ab7e85187157bb0ba766a42aa9e00b0c39ffe561e71b5039275,86cc84c452526357,train,train,9,7
003866,500,338,RGB,1.4792899408284024,5c57d367456e25542ce47749edc08dbb877bf087248b211c562a90c6fcec2971,8a809f2e96fffef4,train,train,2,2
003868,500,375,RGB,1.3333333333333333,7a61acdb4437d82f6ba999bd86c6cd64777ea35620326598979020350d2fe5c2,f8f879f9dcc4e1a3,val,train,1,1
003869,500,333,RGB,1.5015015015015014,cfac72073c8cfee9889ce91a4f359784247f6c610345831830dda1a578a2c479,8c8f8988735636a6,val,train,5,5
003871,333,500,RGB,0.666,cab481851e96ae919857f85f3f2a9c8cebae053f422e42a44899ae4691309c05,d02d2f47a6a9f9e1,val,train,1,1
003872,500,375,RGB,1.3333333333333333,2dd16da140ded54e0fe1e211ed65289b5268a1a1347003a2863f429fe078e9fb,0000317a08254c09,val,val,1,1
003874,500,375,RGB,1.3333333333333333,42324449a97d4c8e3bab22ebda4bd49c282305ea6e1d32d7e1a5e5a44c9d76d1,b4ca4af0c0d0c090,train,val,9,6
003876,500,382,RGB,1.3089005235602094,ce42157610e909c67800fc24ff4c1940578787484a29e0b2af9445d586930970,0098c2709c471100,val,train,1,1
003877,500,375,RGB,1.3333333333333333,f003649026ee0de1c239864ee5eb5826ff987838db8b8e8b9353aad7bff3fc5b,9c98d86cd4b030e0,val,val,5,4
003879,500,375,RGB,1.3333333333333333,36cb39478d17787656fe1c77ab4063cb06d6b427e7b6a6017c0ef49e66911fd7,f0f8ac262f0f0e0e,train,train,5,5
003885,375,500,RGB,0.75,61573d6fc03b1a931eb1f9fe66ea4f08a358b212bf5a90d3179ae1c0af814e37,0787878d91a271e0,val,train,1,1
003886,500,332,RGB,1.5060240963855422,c771414684dede043e712c49b178b141a9af831cc0824e2e4c95726eac1b09ac,80c424e9a02ed0b0,val,train,1,1
003887,361,500,RGB,0.722,365b8bd72b5bdae585c5c64503b0118854f06222b253678988391754526e641d,10c8383de4233fe2,train,train,5,1
003889,480,318,RGB,1.509433962264151,7124c740464a8b820609d00be206c6ce3927da8df647a900e4028ed75647a82e,9c1959d1d93999ac,train,train,8,8
003890,374,500,RGB,0.748,c96b3bb342e56d717dac4d97f96efaa0f05841c3be70e1df91c3b2da37f30206,9292921212888180,train,train,1,1
003891,332,500,RGB,0.664,c8520c8c0f5cad9fc7505b7a0a83ba8db8dd99406579e98516e6f7e384db685c,c080d0c846c4e4e0,val,train,10,8
003895,500,332,RGB,1.5060240963855422,aca74d4d4b79b482fd9f9c096ca3d693c9b63522507a36e1307457de6fa9d6d6,90a8e8001bffd8a0,val,train,1,1
003898,500,185,RGB,2.7027027027027026,4c21f64ec55857a07ee3e309ffb5afd01955ec04f6bd6a49f998ccc0f80cb69c,4820c83a34946484,train,train,2,2
003899,500,375,RGB,1.3333333333333333,d813fb8af1d718e154f405cc493a120916de9826686a3868a495d24142c25e1f,c6c3859d109410c7,train,train,2,2
003905,500,357,RGB,1.4005602240896358,ec26ec5619bb9b8a7e7e7afaa2680a2fead0604a9fb7862f389b73a2357a83d8,b3ede666e662c624,val,train,1,1
003907,500,375,RGB,1.3333333333333333,01161787aec2b4e289deda09030b367e24ab3878e830d3fe7a91f3f7b5868981,565696f6bc69678f,train,train,3,3
003911,500,293,RGB,1.7064846416382253,2bd164f5a529bc57c4229bc6779d4a09cd6e9173421fd5a7a968fc8348e36868,969a0a38759b83cb,val,val,2,1
003912,500,394,RGB,1.2690355329949239,9e898a168c5a83fa092e0469d6303c9df1f2f13d60c2c8f0a865b30274189d3f,b9c21e3767b3e169,train,train,1,1
003913,500,375,RGB,1.3333333333333333,a23233d9773d19bf861d401f76bff3e23f7ba0831465155f6f250c8eba17a1fa,69ccac8c5cd8deda,train,train,2,2
003915,500,375,RGB,1.3333333333333333,ab8f04244d7cb6faf9f39a34a4e5664a7e742b99405489243a59097ef2666db7,e88f96fcb3333939,val,train,3,3
003918,396,500,RGB,0.792,4e75482754aac1b8833cee056b6a7292424cf8702d9769dc259137ec3db2453c,666d6d5ece9f3766,val,train,1,1
003919,500,375,RGB,1.3333333333333333,4a1551b26bca9cb29aa0c2310432ce5e7ccd18d2632f0b24b066fb4ccee7621a,ccd6df893cf7b348,val,train,10,2
003921,500,375,RGB,1.3333333333333333,bf8a27de469264862a3b9a02df63bc3e799c9da4ebab86fee33384a6a3287a9e,8088287870787072,train,train,1,1
003923,500,333,RGB,1.5015015015015014,24363d11df54b33162e83e2418e83b594cf87b1181110b855408ce0241b5907b,cd59d39521e0eeac,val,train,6,4
003924,375,500,RGB,0.75,6cb829c573ca4b0756c0bf60cdb9abf8e2fd0a218650df51114fec4bcbcc68ad,272d0c2c08093eaa,val,train,11,11
003926,339,500,RGB,0.678,abf6f2b34f7105dec9644e1233bf49ca888cace09b9318f5dbe660152b8415cc,d8fef74fc31f7ef0,val,val,1,1
003932,375,500,RGB,0.75,3602b013091aeff3cb18113fce4b01c6238e98c77e27669f0d84950e8100f741,8262e1c963612cb6,train,train,3,3
003935,500,375,RGB,1.3333333333333333,b42c78c4f08fc1c82cb9991d53443257fe47a50679d0fcd897b986e538d21ca3,c3b3b9e8e2f27092,train,train,1,1
003936,500,330,RGB,1.5151515151515151,02d4100f4dfa2961474b7556917793b842c137d747db9defd81409f87b687944,fa7cf13e3021792d,train,train,1,1
003937,500,333,RGB,1.5015015015015014,e45959339381945a1db72e9a84796ffdfe5e8408ef3dffe79f91e1f0ca2e9771,32c0c0d2c2c0e022,val,train,1,1
003939,500,198,RGB,2.525252525252525,07a6fb619475feddc7a9362f91e2406e6e5040524ce020906227ceaf0396dabc,0b7fd2c1c706661a,train,train,6,4
003941,500,375,RGB,1.3333333333333333,a547310de223ed031bf2b607f5399bcc8c02df8d00775c48393cab508d0b54d4,0c89dbda2d5b2135,val,train,1,1
003945,500,334,RGB,1.4970059880239521,48e081e97068be9d7b108182b6b17a0386a86d7c5f22bdd146f55b839399ea48,12a0605090a0f07c,train,train,8,6
003946,333,500,RGB,0.666,52ecc00e89fa6f75f35d6791baabca8e49ebf845ded575601de436d01cc9bb51,f3a7c6eefd9b981d,val,train,2,2
003947,375,500,RGB,0.75,40dc66cd80c1f7ad4fd1f4eb40dacc92925712c6bb694fa6d43f952fff4cf48c,d2de8336b6737d96,val,train,4,4
003948,320,224,RGB,1.4285714285714286,971f929a10888147e99cdd56648405a373957269938f8c3a7bb5f53faedb9bfa,090c0eae0e0e0c25,val,train,2,2
003949,500,332,RGB,1.5060240963855422,8222c42cd3a192e14b83d264ea99b51ef146ea02b7d09fd8b9b4a9e7bffb702e,d664a4ce4ebe7d7c,train,train,1,1
003953,375,500,RGB,0.75,4016d9e91baa976f8ff4f469bfbe309fc3c7bd9724c22f01bac3d37d6cf29acf,2829281cf26468e2,train,val,6,4
003954,500,333,RGB,1.5015015015015014,af4226a096af1f9e208cfc0ea4eabdb6ef31f6227bc7a6747a9bc1095d807ae9,60e8c03296027696,val,train,3,3
003956,375,500,RGB,0.75,42be5d061fa8bf1fc91e3ff6ae7665031a112ac3013b87aac3c1013d5e205df7,ebcb99cc8d381392,train,train,2,1
003957,500,332,RGB,1.5060240963855422,a47dac633baba95da43f3391a3246bb60c87a51a13d7847a7027565ac014cc52,9e8eeecf233bb138,val,train,1,1
003960,500,375,RGB,1.3333333333333333,d1b610d52d4a291244b486a443ea3ecf5b608013cb1f24534d6a945079a70b94,627a53cdc64e3c34,val,train,6,6
003961,375,500,RGB,0.75,369ddcb70889aee8f318e077bc04d6222353b33822f2dd762e79660fd3f94618,3075e9e9f4706173,train,train,1,1
003963,500,375,RGB,1.3333333333333333,1f0aca9893d6e3be3fd8d96f891ad20a9bdcf8d8895167ee90ffe7868b3e862a,e878336bebfbc2c3,val,val,3,3
003965,500,375,RGB,1.3333333333333333,f3e3abfa7d401221979d099a7bf8dab0bad720873f918791d4690fcb34a44aff,b51b5a52e7636692,val,val,1,1
003966,375,500,RGB,0.75,9940477a57bf7ed3223cd147eb6ed5169aeb96589c1916963e77a6cfc8917f69,27374b0394cccccc,val,train,2,2
003969,500,334,RGB,1.4970059880239521,5b962b9921b6bace523fbedfb2f7ce96303c943fa0a917cacc4c936c6deb9367,c0387fbdb0406830,train,val,3,3
003970,318,480,RGB,0.6625,aafb5cbc5700b01ce45c0c69cf2cec988b23610e689859145d2fa0fd9b7b5cf0,0e376873b34d4949,train,train,2,2
003971,500,375,RGB,1.3333333333333333,92ae6ca20644e6d3294ba963a8ca48f436a9711cce9dd64ceba38f4fbbfe0de2,d9d9b9e4aa3146f0,train,train,1,1
003973,500,375,RGB,1.3333333333333333,c18dca4db5bb904672f7f4a72a33a2d7f5b86e8ec4e2539a1159b46f7b4e0fea,94d4d4fc3c91b26e,val,train,4,3
003974,500,380,RGB,1.3157894736842106,41cdf9a54009d82f484673b70739d868b8217208a21403e5a2f595833596aa1d,70c5a0f4f2b27ade,train,train,8,7
003979,500,333,RGB,1.5015015015015014,ddfdbd82fa9c073fb6003141afe76c8b9153462ef60452e2ccfcbed75462cf3a,cfcdd39b99d9f2f0,val,train,3,2
003983,500,333,RGB,1.5015015015015014,df87b013cae94131698a3e74bf3a56ba274b4125379c8eaf9afee2744090b702,cd83939fcde9daf2,train,train,1,1
003984,500,387,RGB,1.2919896640826873,2544c0b1aee11dd3f403ba39176ec2860841e5a1199ff69a59879cc4e3cfb165,d3d3636079f8c0e0,val,val,1,1
003986,500,375,RGB,1.3333333333333333,0c8a8f4827a2e5ce5345badba034f177fc6c2a0d52bb8dc97ce1c58beae80903,c1bcbe1e1b1bcca0,val,train,3,2
003987,333,500,RGB,0.666,f823a734edd17c5045483b9c034b6d0d3687961d1363c9e12c7a3d0637b375bd,4f17131697aa805a,train,train,2,1
003988,448,336,RGB,1.3333333333333333,f94532fea5bd3dab563deae5fa3b8e662bd5ceeb7786ae902986c922e9bb3f74,c9d1dce5dcd834b0,train,train,3,1
003990,500,375,RGB,1.3333333333333333,1d401cc7025f8cee71c1dccca4098d4df0c07ad790474c8c86a3bb1ee72fc5f3,64525860a1b1c4e2,val,val,1,1
003991,500,389,RGB,1.2853470437017995,b0fc11e5d8c227cd21f9334b390cd348d6a4c8b9df90f3264342e4ddb486bb73,41306049ed26a21a,train,train,1,1
003992,500,334,RGB,1.4970059880239521,927a7a73c2817e19ce4163de3d556214513948d96e83da366d7c3c13a87b29a1,c1513135475929e1,val,train,6,4
003993,500,333,RGB,1.5015015015015014,2e39665d1cecf075c11d824b680e62fa13b87e8a9cee96e2435ba7a7330f18e1,f8d82c269ec9b3cc,train,train,1,1
003994,500,375,RGB,1.3333333333333333,d2e22eab4d16cde9ca2d1e56428997db1cbb665982655a46d533cffccfa5eb17,ee77df3568d9cace,val,train,4,4
003996,500,375,RGB,1.3333333333333333,5a0303705704e8195b5f55e94f246fdb4cefbd6e24e8003cfe69ef9732822c5e,d9d8d8dcec4b5979,val,train,2,2
003997,500,322,RGB,1.5527950310559007,21461203596c22d278e9664ae8e45f9ab1d75bd0f23260299a264f148e3b30ef,0cf1e2a7a351c164,train,train,1,1
003998,500,375,RGB,1.3333333333333333,29efc28ae09e5abf21376c7a728a9dc68330fdb77497b05846296c6e5e18e970,93ec696344741f3a,train,train,1,1
004003,500,375,RGB,1.3333333333333333,629c8f3846da711f2c815cb94a496bc48c27d172627ff7f31bc79f52ec1b33c9,94b484b1297669c8,val,val,1,1
004005,500,373,RGB,1.3404825737265416,9ea6f644f722374b663908015f177662c43db18a810392bb319fbbc1ce578f02,fcfcecf0d77b47cf,train,train,1,1
004008,500,333,RGB,1.5015015015015014,e2d92d398cd6c7779d93e3d95bae1fcdc9a9519325d1bb4056b6ffe29023d19f,f0e2e2f0d2d2f1d9,train,train,2,1
004009,500,366,RGB,1.366120218579235,fa23fa0f9d701d7d965385f3f3b0da3380a08f19c539b5f038228d630bcb7d3e,fe7f4f1a08486460,train,train,1,1
004010,500,418,RGB,1.1961722488038278,12639e3e7bdc09dbdd721f8f321c9f2d6c36b623e63a011eb4ae3da2bc6a4ab7,e0e484c567cbd1bc,val,train,2,2
004011,500,333,RGB,1.5015015015015014,b59273dc0bb2e73e8b570171618bd7c957d9f359a9865a4262b4355538fd2be2,30e081093162c1d4,val,val,1,1
004012,375,500,RGB,0.75,5897978fc432f333df14839e095509d879c61a41c7c576f4341fc47e0b23d273,0f0fb73367f2e3e5,train,train,3,3
004013,500,423,RGB,1.1820330969267139,ca4f502f5ef6c556327369f6a5383a99dbff579d84c9faeb375979b5cdbd4624,515dcb4c34b5ca84,train,train,1,1
004014,375,500,RGB,0.75,6e5d757c4be19c3e94b10f181376c13a1eb43844abf829ecda0637b878868e5c,cdd5d088b9f9d9d8,train,train,2,2
004015,500,375,RGB,1.3333333333333333,1c19a412faf37072d15910507f6ac4f153477567fb70d3b811a59e317d3cff53,fe7d666f6d262b4d,val,train,1,1
004016,500,375,RGB,1.3333333333333333,13f7912b64a4aacc4b0e17428144122f058c602d1463f265e25b361bbbfcac85,110410200b88b03e,train,train,2,1
004017,500,375,RGB,1.3333333333333333,a75037bc1f1fd4d868d97a87f23e95736891f25328eabf66799d661f8e9136ce,8323232030b0e0f4,train,train,2,2
004019,500,375,RGB,1.3333333333333333,5c19fc965a7856e7d756425340f73540bb0eca3a58af80a96f0e5905c27af79f,c1c0b1f171e19021,train,train,7,6
004020,500,375,RGB,1.3333333333333333,d7561ab2ef2f128bb6c0ee7c39f8869c9bfed8735caf2c09b314e74678b27159,32d6e6d9ec1eb8f1,val,train,3,3
004023,500,375,RGB,1.3333333333333333,24e2cd32ff9b62dfdb463cbca34684bb840a6423ad4150bb8ca2e50d6186ab51,ccf0f1f325c5acf8,train,val,3,2
004025,500,333,RGB,1.5015015015015014,65d31c1b4b33038fbb394d1051eb91f6b4afa53a1a869b8577427fa5a19911dd,0871cccd8d4c4c8b,val,train,1,1
004028,500,375,RGB,1.3333333333333333,376986b836bd0628a0e0dc9475d6909dbae6da291c689db553ebcd1705c121c0,e4e46cfefefefeff,train,train,4,4
004031,500,375,RGB,1.3333333333333333,c3363af3e327c05facec19b69ecfcfb803c29bd5a1dcc643782fe6e04f56974c,7634c8fcf1f3f775,val,train,3,2
004033,500,342,RGB,1.4619883040935673,f053f8f3995f93f4da3abcc4b7dca2465d36a640c4322cff39cbaaf253c40207,62321485c990a5a0,train,train,4,4
004034,375,500,RGB,0.75,46056efa90e0257a0b62c777d82c485cf2ec02500067c488bb62868dcf18ed4c,8dffd39592d6ced8,train,train,1,1
004035,500,375,RGB,1.3333333333333333,f6d1414f904ac4efb10b01886dc1bb0104fa16f236cc8e7ecdb1c3c2f945390b,366666242424b0b0,train,train,2,2
004037,338,500,RGB,0.676,c4da577f91115957a1dc019076ca240e8454f526a5f96100e8bfde9ce40fc0dd,6b6bab2b3b333072,train,train,13,13
004039,375,500,RGB,0.75,8df0c59737048ae008495ed1113b97c74c37ae5854497d8f7860a9db455acce9,88091786c28098cc,val,train,3,3
004046,500,335,RGB,1.492537313432836,a9844d0e382fa57efae595b2a8b6d7184e86d00b52b180798787d672206316bc,8e9ad181a4ec7ded,train,train,2,1
004047,500,471,RGB,1.0615711252653928,2b6b07a581e873e4eaf5a8a1e745b93d4e1cf095d7fb47d91e52c49b2cc121fb,e4647464d0d0c1d9,val,val,5,3
004051,480,403,RGB,1.1910669975186103,45d5d6693667a848f61931bc9b5a413a6fcf275e906961bcedab236341db9b88,060f0d8bcb5373c1,val,train,2,2
004052,500,319,RGB,1.567398119122257,95a2afe692d7ccfbfb09e48602b853b2d56a790ab8fc3d70ff6ba03d406f7875,9234cb3216ca3440,train,train,1,1
004057,500,329,RGB,1.5197568389057752,11aa8042aa8d0098bfced2ff6f3ed575a3cd27a83bcceacf82be312f93a1babf,a4c8e8ececc6e0e0,val,val,1,1
004058,333,500,RGB,0.666,74b35254dc208fddfff53f30465ab782251802c44e1e9518ab9ddf5874226e85,f3b733716ccc663b,train,train,11,9
004060,500,375,RGB,1.3333333333333333,c6eaeb7af0d9cd3712ac0d4d01e0c54d238d808f1690cb38ccbc07c5670666f3,726a73338e9c7224,val,train,3,2
004066,500,375,RGB,1.3333333333333333,8b11aa65696fa9ae1085953abd9db7b6f30328e17e83d41b0c74d945527990f1,e2e2809a0e062a6c,val,val,1,1
004067,500,331,RGB,1.5105740181268883,0a77ac3c719151349217d30d6f62c495d82a0778067f15cd7820024288cc5139,f1e640d3f6ddbccc,train,train,6,2
004069,500,375,RGB,1.3333333333333333,c59bdf4844dd93438c85f5a5eecbc1dc126c5f046817dd657b431823750e3d6a,fbe79dafd61a0b0b,val,train,2,2
004073,500,375,RGB,1.3333333333333333,6d7634857fb445d56d841c24a90b06dba013e2a641de1a8c0fd348f471bddaff,f890244ccd238325,val,train,4,3
004075,375,500,RGB,0.75,5501752fee1c8e7323ce0dc427fa0a31769fccadddf228ad0ba56c070683a817,40e2ecccc62496b6,val,train,3,3
004076,500,375,RGB,1.3333333333333333,ab1f73338c1238c72dcbf13c0977473a42e05b882b1ef982247df5d19d34bfbf,95933a2e2d9ac420,val,train,1,1
004077,500,375,RGB,1.3333333333333333,90a421aa02d3a25f3621dadf04b2ee7202edd6847f26a27f1bc24b809dc3e02a,4042008040707038,val,val,3,3
004082,500,375,RGB,1.3333333333333333,cde259fcdf6d678f462cf3cfe652f10a533bf809645b4f67dd6b19ce34b8713c,f3a3eaecebc998c0,val,train,1,1
004085,500,375,RGB,1.3333333333333333,9101ceb9b876b64fa5be4c0ffa90a443552d7679ae041931de3289e3562c3dc4,2e3ead6d2dcd2206,val,train,2,2
004087,500,375,RGB,1.3333333333333333,4c8509688e36202a010981aba69eb9e7a39fee64c1d9eed76bb96de00b7629d0,427a8504022393c7,val,train,2,1
004089,500,334,RGB,1.4970059880239521,5d921288d5f6c5be15c3684ad29194312387bf81c68069ee089ef6ffc5d9379b,c7ffe5c5def6067c,val,train,3,2
004091,500,375,RGB,1.3333333333333333,ceb4fffb829f59539474317bc4f9a419b1ccb3ea79ebaa3abfce105d8a6762bf,db9ab63c3939fd7c,train,val,9,9
004092,500,375,RGB,1.3333333333333333,97c05e796c0d374470247b67b8196bf7c44d4230f12ad8895ce7d3f128afa2d0,89809070f0b4b434,train,train,1,1
004093,500,333,RGB,1.5015015015015014,c7ecc14a17aae94a40dcb7177cfa2cc60d261359b06982155ba72da2d6a7c265,5932a28ae86c6264,train,train,4,2
004095,500,334,RGB,1.4970059880239521,446289fff26921dc21efe6535f0eaeeaadb5396e9ad8d015f68ba1fd4848c128,8fb7ccc8ccacc858,train,train,1,1
004100,500,333,RGB,1.5015015015015014,47b534dd123c905f6a1b74a19d1b2ef3075eef761b0e60de7ca9fb4eb45172e1,94d8f8e4e1f3e1f2,train,train,1,1
004102,500,375,RGB,1.3333333333333333,5adbee3ccc0490c4517e23becb01530fca5a417d54e96faabded3018c9fac0de,cd062624340a87e1,val,train,2,2
004105,500,375,RGB,1.3333333333333333,4901fe35f882df17376a80e844e65e3687de6c34d46808d1fdb69dd0424c6d2c,8c77f1d4d494f4b6,val,val,8,7
004106,500,375,RGB,1.3333333333333333,5dca4dd32e4e071f25bda6baf19a69304ee50f82649abe15ef7b557dbe1bdd80,cc4903cbc5c5cdcc,train,train,3,3
004108,500,333,RGB,1.5015015015015014,da379f1e62d514a60c7771110117eb2bb9227d616eaf3dc99b7ae92c3a438540,cc8de1618c834f5c,val,train,1,1
004110,500,375,RGB,1.3333333333333333,a0d524842771700f4d7dc0dd799eb295dfaa2ef391682fadd512bfecfbc4d403,e8c4eb484c4ccc0c,val,train,2,2
004111,500,375,RGB,1.3333333333333333,490639c76b1d13f39270fc7169d24640c7e91b9483874ddb0f4f18cba5543dae,c0e09098181c0a0b,train,train,3,2
004113,500,375,RGB,1.3333333333333333,5a60b849be8dce38ec17313723d1cd623ab76c4bc45164fefc2d259e8f70033f,c9cb6b6bc5dcd8d8,val,train,1,1
004117,480,348,RGB,1.3793103448275863,30c0050cd3268aa7f96f7115371ecd8189cc449f38a1c13ba3c43e2c04bfe366,315948e9d8dc9c95,val,train,2,2
004120,500,333,RGB,1.5015015015015014,22d4828d92e33d598222f723554656eb1721ef4718cbc88e0e0098513ebfe1ae,9ad259f8e0d011a3,train,val,1,1
004121,500,332,RGB,1.5060240963855422,61cf2d93c275c2f2c0426150739ce8767983b0ecfc2448bf9dd3f1a4bb423648,e2e7e5e5e573183e,train,train,3,2
004122,375,500,RGB,0.75,11acc3d2f79d3649c6016a1957696e6fa362b30c15a5dd157d19388fee91459f,b636e545c38989f0,val,train,10,10
004129,500,375,RGB,1.3333333333333333,42a3b63b8b02e5d51ff1dd1242229ebc5770fa14b92a4ba8a4bf16fb8b78e2ed,ecfce88551c0833f,train,train,1,1
004131,500,333,RGB,1.5015015015015014,dfdfca4238d4cb420e57e86888094730cff8889e802ca438edee7986ec1e4f6f,90684c6d6c79313f,train,val,1,1
004133,500,334,RGB,1.4970059880239521,f0832b5fcdeace0fff8007f090e250b318ea10d1a18a182119e7978ae4cecee0,a022d3d5f0d1d9ce,train,train,1,1
004135,500,333,RGB,1.5015015015015014,e0b2dca3e111942e89fe426cf02db7474ed4ccb04ca5f0d57d1f81097daf684e,f0e0e9830e46f0e0,val,train,1,1
004136,500,375,RGB,1.3333333333333333,18f0c0cfec28cbd5a657e4f0c2dae0b43800b17dccea445add08003b6a85d2ed,464c0c0e4d45168a,train,val,10,9
004137,500,375,RGB,1.3333333333333333,81107e29b6875146761a6a13df57bd5e63478366d2bfc88b23ee9be3c6c0022f,dafa9d0c0c981842,train,train,2,2
004138,320,480,RGB,0.6666666666666666,0884f62b8bf709e5b25ab4309024960ef685c849fe7abb7bc799a547c33853a9,c0185a533c6cbc58,train,train,2,2
004140,500,375,RGB,1.3333333333333333,2ccc240740ff1a745f86ba4545eda533ba7ba9e1c6db1e11c4def50eda94f8bc,b1b9b32bd9937535,train,train,3,3
004141,420,500,RGB,0.84,e0bb1c309d72122c5dd5d4a223f4f888099585bd1e34367aa27760f059aa3991,3586c6c6c6d6cdce,val,train,3,2
004142,500,375,RGB,1.3333333333333333,86f7fb6a619b798b616b1379ceb2e545694e3281a871f11300179459a5ab8990,4747131319313139,val,train,5,3
004143,500,375,RGB,1.3333333333333333,c4d2f7a64345ed4b496022aa8bddd0e380693e320f76c91f1b591ba5cef14552,1964e0b9b49cfdce,val,val,1,1
004145,500,375,RGB,1.3333333333333333,b47a8007da37b4a1eaa5d9f380b25dc0765fd06a367534c6d92a6ca9f8834755,cdadf4b2c1c7e6f8,val,val,14,11
004146,500,375,RGB,1.3333333333333333,49e686c8035cad429e9a8430a217352679afe93a0e915a492d509a907878c671,9430385911140808,train,train,1,1
004148,500,332,RGB,1.5060240963855422,aaae02de3265b25cea62540090e1f1c7b9d8b87e8cde6c2fad5b9a04b88460d7,34b87e77f0f0f0f0,val,train,1,1
004149,500,375,RGB,1.3333333333333333,670cfe63c862fc5af42283cbac553041039ba14969979e06f24c9eb15e7f8428,caeaf8c4ecd1f030,train,train,6,3
004150,333,500,RGB,0.666,0aae91ca93af4d3b43a40cd34da853c8a805fa953025f4fd91cbd06e35763a49,d4b4f0e09a78ece3,val,train,2,2
004152,375,500,RGB,0.75,3c3dc1486a387d466932a9b1aabe92b19c4f3259c26f002545be08ed0df9abe7,f96d653e3b0919d6,train,train,3,3
004158,500,333,RGB,1.5015015015015014,18373efb8adb06f9fb1cab8a715130f9b4e0d927bd147af8c2261103e20535d9,582d26e6c103a32a,train,train,6,6
004163,500,500,RGB,1.0,04b036ce41fe5be4a8c0b3d8e057dd1dc0a84ca56fa5e123f5056217ecca494f,dcf68f272737697d,train,val,1,1
004164,500,375,RGB,1.3333333333333333,570a0e871751238239060d73663519c494e9de12fd6e24ef97d2a9345a9dfc9f,20265671f4c2c823,train,val,3,3
004168,500,439,RGB,1.1389521640091116,f9940c3b06ac0b2afd43e21317ba7d7f125dc4250d8941f4b275fcadc90cb256,609f484c4443331e,train,train,2,2
004169,333,500,RGB,0.666,77f6d2c16a098c973b6a8c4ed8e159ae970f8082fc4a9b6090c4eeacdf3a3ed8,533078e090ccc0e2,train,train,1,1
004170,500,335,RGB,1.492537313432836,85c3dc3b5b4e06af804539295e1bcbba73f4b6e8e063d5083f5859f526cb4caa,5456ab949392b2f2,train,train,6,6
004171,446,500,RGB,0.892,1f38c6d6978806120ff3aadfd2b02e4146b00ce82c4356c60c7cdbef5ec27685,e0ecac2caa8b9999,train,val,1,1
004174,500,454,RGB,1.1013215859030836,0512010b31005242115a59822b4186cf401b70cf3bc8ce1eb6385b180f2afb60,b3a282014068e080,val,val,1,1
004178,500,307,RGB,1.6286644951140066,7031a29253477fb64858feb0dcb12f107a17b65549ca03d19b774166a528777e,abc439391b979797,val,train,2,2
004185,500,375,RGB,1.3333333333333333,c06f2195dfb43728f50bb27a81249a530a8629ebe95748405fdb44d9c221ac49,78f033234b52a0d8,val,train,1,1
004186,500,375,RGB,1.3333333333333333,4a7e47308ba0deb1630e655c6869d0cd189b3ce6dca57f03c362747385c357e8,ec8860c3068e2898,val,train,8,6
004189,500,333,RGB,1.5015015015015014,430f84703513c4306e17d8bb47d225caa75185d11d14da1968211d0c2cd6781a,59b9a848c8ca00ac,train,train,1,1
004190,500,375,RGB,1.3333333333333333,be6ef1f3b1c924ec43ba166858898f34ddeae3134f390b95ec251dc127aabc98,f8fcfcdcd8cc8e72,train,train,1,1
004191,332,500,RGB,0.664,596242e88a2ac2adad1fc15f3a6eff299552de34be799293c9e93e7a23c612e4,8b3b4b4bdbcbe3c3,val,train,2,2
004192,500,375,RGB,1.3333333333333333,dadfa258f6a262dde937964c35a89c3cd71dffa272f493d56000509b5fa6e9b6,70f0e0e2b0b29080,val,train,1,1
004193,500,375,RGB,1.3333333333333333,f816f58b442bab9fae27baddb7459c2cf093918795a740551b6a0eec3e8fb61d,c031333125272126,val,train,4,4
004194,455,500,RGB,0.91,398fa6f105ebefea4db27f030e9903d4c74e2aa88b5aee8f74b466b2256c15a3,696969686c266e4d,val,train,1,1
004195,500,375,RGB,1.3333333333333333,ba0d4e990bee4c841ecf9fd16db7c0585ba96f1cc22ff26d5f98d208e1073e2b,e0f0c0203030b0f0,val,train,3,3
004196,500,336,RGB,1.4880952380952381,1b6d7a6f823803499bcfcccb7e0f7c21c568747d68d3df22c66cd6636dbb5cb4,e0f0e8ecccf8f0e0,train,train,1,1
004200,375,270,RGB,1.3888888888888888,3dec35fae42bb42d077ead49c316b1dc2b7ed64ca15fe31e9c7ac33e85f1cd13,afdd4d49c8dbd890,train,train,3,3
004201,500,375,RGB,1.3333333333333333,071b7e03dd2bff1d60d206872f3845acc7588a1edb1d3d05c289a1e129e862fa,08288c9c6e79795b,train,val,3,3
004203,500,385,RGB,1.2987012987012987,81432088177bf9036e713ebdf68f6839f09d960a5c9f59ec0d8f7858c8ee10ff,c4344cdcbc787878,val,train,4,3
004204,500,375,RGB,1.3333333333333333,0f1dbb30e6289a27349ebd4bf6e24fb7bb7830ce12d434be79e76c2029737854,094c149396f361e3,val,train,5,5
004205,500,333,RGB,1.5015015015015014,9a30bc25cbc8c0c18f08bcd13f052ab1043e0a880b8c39a60afa94704917150b,497bdd4d63e0d233,val,train,4,4
004209,500,375,RGB,1.3333333333333333,f57c5ace0073c45a14eea6f923a73cc59b574699cfd632d383caa9b30c681012,063d292a2444c060,train,train,4,4
004212,500,375,RGB,1.3333333333333333,3228028b711948779716556509e07f90735c009cb6484eb8de4956200bf69aa9,c4112959183e38a1,val,train,2,2
004215,500,375,RGB,1.3333333333333333,b324b7b5f5fcc8623b9558b75e3c8a6c8fb576a9b850607fef0e8b6f3e1264db,3bdad33b638f5f5f,train,train,1,1
004220,500,333,RGB,1.5015015015015014,0b850bd406b0ec6d12d6d4a96e12cfb3e226f6fe790ea65ffe0220c850cbb1fd,d0f4ecf1f1e8f0f0,train,train,1,1
004221,500,375,RGB,1.3333333333333333,af508833eabaf88251de91003b2b8213db8332d658d445ff075d2dcf07f15409,bccad8ecec64a4e6,train,train,1,1
004223,500,327,RGB,1.529051987767584,b388f1b81af5c62f324d26b8c97d54c27eacbe7217f0216c30b7626cb269836b,65b9f9b9b0b1f9d9,train,train,1,1
004224,500,375,RGB,1.3333333333333333,06deb8da8c2a3bea29574254e64e00737a3762d67d21a3acda252a804fc413e8,4b4b5b121f2f170c,train,val,3,3
004228,500,294,RGB,1.7006802721088434,e2bb86c05b173305d2efdead9848b5a6b17ad7d744213a3f68f3f6798b9ba7aa,e640369cfc4d8dc7,train,train,3,2
004229,500,375,RGB,1.3333333333333333,a899aed4301db74ebaf20351ff60dd25a670cd7e8d7fd4b7bc65bd5edce7f4db,544c69d038388098,val,val,2,2
004230,500,333,RGB,1.5015015015015014,1397ec7ac975b31d18dffa8fdc50d4b631158f564daeaacfcead8906fb3ddfc0,18989893979d0d8c,val,train,2,2
004231,500,354,RGB,1.4124293785310735,1b31ac47edd6e88d6cad3be6bea2e26f7b563edde963cff8e51e011ea36474af,cace8d38a4a48083,train,train,5,2
004232,500,263,RGB,1.9011406844106464,74dd4109ffe844de25110cf73a1fda67c7c70d9fa368777999b797a7597b455b,f8f8f8f86463f2f8,train,train,4,4
004237,500,375,RGB,1.3333333333333333,1ff5e809e9b0a8817a00c1cb97993060fd213b0bbb8ecaca1f88f7824d4feb56,89c9d9999c9a1a0c,train,train,3,3
004239,333,500,RGB,0.666,fc33de509091f93cda7cd6c90dacfd5e72258b7acc935a13fff9e30feca04c89,c8ecf0bcce9e9650,val,train,2,2
004241,500,375,RGB,1.3333333333333333,15e458548c4232762390cfda6b6f43bb7a0d62c907cbc6f04c2e5834eccf715b,93a3ebe9692996c4,train,train,1,1
004242,500,375,RGB,1.3333333333333333,fb496e8702d872e1806f67f868d50c7b072ba4532d24ea1c262abd989d2ff8bb,2129993870c583c2,train,train,1,1
004244,500,375,RGB,1.3333333333333333,6cb13378f8b4fffa83c9ae3600c799bcee60647d34d38886d60cf7447dd71602,24e51ea686362906,train,train,6,6
004246,500,375,RGB,1.3333333333333333,55b46d620fba5634158baff647d9fb15f008e8896676ce9b6176a16455be2bad,d69e3eb76b6dd252,val,val,2,2
004247,500,400,RGB,1.25,aa972fe6a35c8b5038c416fdcd80097cda040590152edaf3d9006472544f2b25,4c4c4f6f17172cb0,train,train,2,2
004253,500,375,RGB,1.3333333333333333,7564af7fa3b3e675934a0881f276b2967112e3922b62eee16ef4ac3d89a00fab,d6d4c4d414349cdc,train,train,5,4
004255,500,376,RGB,1.3297872340425532,1f491cbb282e8476a312aca84804051a345b50a9e69fd964f4df90d1b1378c7e,4b92c74b6ba79f38,train,train,6,3
004256,500,323,RGB,1.5479876160990713,2b8e4f4ddc2351f3721cfd0a71ee97439eab0f8e4714f7ba660d91038c03ea0e,c808184950200080,train,train,1,1
004257,500,375,RGB,1.3333333333333333,11829a14196368c91edf6730ab59654e280412e62c5bbf1efdcaccce5725fd49,d1ed3131938b2d2d,val,train,3,1
004258,500,375,RGB,1.3333333333333333,2335ec09e35e17f4bbc145d2fbf60d76a637c67d11dac8e78ac1a8c4efb541d4,de4bd42c6cdc39f9,val,train,10,8
004259,500,375,RGB,1.3333333333333333,0785fd429887bfff1177df399c0128e512942b1d857f0a0ef2ea45d79ff2b630,682204a663c3667e,val,train,3,3
004263,500,335,RGB,1.492537313432836,34f20a795b33b762e2d68797a9383030195f39dd9ad31367d5b8b0b99751c5a6,d5d5d3dbd1716162,train,train,1,1
004264,500,375,RGB,1.3333333333333333,37d5884ac3564ed65562e6618073a6eed4e310e59e21d538d1b0c31d6928991c,ccf0f06060a2e0d8,val,train,1,1
004265,500,375,RGB,1.3333333333333333,5b6155aaba82f10d5f23f3dd647d08f48045231023a41fb9f01760ee6e8522d4,66f0f06464642263,val,train,1,1
004269,500,332,RGB,1.5060240963855422,d33a0cac197e1091f2db457f1390dbb3cf263d25217c280b122938d9f8d2d426,f2912169d9999a98,train,train,2,2
004270,500,375,RGB,1.3333333333333333,9db9aac5dba7370118c7cde461f54e6208686abaea9b5491ca418101d3b3cab8,98f879b19c8c9010,train,val,4,3
004271,432,500,RGB,0.864,e477e4dc381a3dd9dde99c744e8a42aeefeb3046e83e0d7c86f8f6db3850d564,b2d733124e2da526,train,train,1,1
004272,375,500,RGB,0.75,85afcf947a47cf99b7e30a1c6c6f3c1422c316f9fcfd730a563a2090b106a149,c22084e408480613,train,train,1,1
004273,500,375,RGB,1.3333333333333333,3238e49a4dc6d00f8ea63bf815a665a00488e790411ceb968fade4c26ee684f3,fc47c2dbed6cef8e,train,train,2,2
004274,500,375,RGB,1.3333333333333333,3d819dc689beb502cc28652235b9352136db5bcdd64edfc12ba12f71d295bae0,6260606338362600,val,train,2,2
004275,375,500,RGB,0.75,d1b394663139ff066641c2b5462510e9b64ce5c842b98c8139438f2706082229,8aceb086433b2727,val,val,5,3
004279,500,375,RGB,1.3333333333333333,d071fcd60b3d67896a93711a54b438f821ff70de7109778b3abc86f22ffcf63f,9686a0b23360d164,val,train,8,8
004280,333,500,RGB,0.666,9e402d2504897a4a8731f47ab2929a7d21baa0b08d01472e89a0493a0adefbf9,d03c0c5626353c28,train,train,1,1
004281,500,375,RGB,1.3333333333333333,b348c199a2a5eaafa5bd2d76185c03dc113c494abc93552b6f1f93cd24d58aab,343422227b098692,train,train,2,1
004283,375,500,RGB,0.75,19dac09cc86f163cf427e28eb383f88d2d7aee1bfc423d8d2ec636d229c13388,e3919899d3c9f1f0,train,train,1,1
004284,500,263,RGB,1.9011406844106464,4eae6f9c702e6e41681ffc59f48aa1ed96a0b2de2cbeb1730646cd5da59044c9,c0e08062666462c2,val,val,2,2
004286,500,333,RGB,1.5015015015015014,44bc8277f0a5d58b1367b874d8af9f3db6797caa6b21c88560d6b1e5b3b8b80e,d9bff4e4cc5be498,val,val,1,1
004287,500,400,RGB,1.25,46204811f9ce9d275a74504c9a3adbbd4ad55dc2d4c7d2d8b6f3afd66afc0b17,5696a632536978b9,train,train,2,2
004291,375,500,RGB,0.75,97c487ef41fc62ee7bdd57dc4e8737f807e4cfffd69552eeacb39361f3d08d97,e54351111b191919,train,train,2,1
004292,374,500,RGB,0.748,d5059f814d6ef4dbf84651d7baa1debd9b1dca65d410c90aaa787c5621c2db6b,fafa7e3f393986e6,train,train,2,2
004293,500,374,RGB,1.3368983957219251,5926f443055fa7ac08c04f0cd49a5b41dd235b06ac2b1410b2bdbd82cf57583d,bbb034ac4ee2f7a6,val,val,1,1
004295,500,375,RGB,1.3333333333333333,4fa2bc00ef4a3e469bb4ed800375d818103f4210d700fe8d7ccca91fda6d32c1,cd1e1f4f79797b57,val,train,1,1
004296,375,500,RGB,0.75,73a09e2dc5b94383ee2a96e00067afcfe34a6807510e3b2f25a556eb97a954a2,dafcecf878ecccf4,train,train,13,8
004298,500,375,RGB,1.3333333333333333,64cd1dd48073daf2b89bef644a70af8c8dd4ea70271be7b08d89c2ad2ac78b7b,2c9ccc1c99c9d9b0,val,train,3,3
004300,500,375,RGB,1.3333333333333333,af0b22c8c4a870838a1317db925760c761a61f3956be902ffa5761e7b09ca226,cca9aca4ce363d4f,train,train,1,1
004303,500,281,RGB,1.7793594306049823,1d2888d1df19b8a2712b42186a8b7605d3f422b50fc613239af4ddcb8016c763,6170c9c442d2e0c4,train,train,5,4
004304,500,375,RGB,1.3333333333333333,d84fd678eff5a3c754c77a664199e1abb4efa01fc25cd2c5128a919a0040dd9d,18193c1884c30338,val,train,2,2
004307,500,332,RGB,1.5060240963855422,b6f38a38946861360a50f0cc830dc985498b9d6749ffdafd080267c5e3969370,fbd6ce2b264ac3e0,train,train,2,2
004310,500,333,RGB,1.5015015015015014,43333cf391e91fbe192f8b3af51d15e220d83a53204bc3fb1e30f15de5f4007d,d9e9b0f0f0b26c3c,val,train,2,2
004312,500,375,RGB,1.3333333333333333,b03b27fbbe0206aecbfbbab9e266c6cd5a3ed09b6709b6242d6129fa17a7bc51,ccfce8e8e96bb396,val,val,1,1
004315,335,500,RGB,0.67,d21fb5b4875ea953476a24d64c195adc8c179f3d67663c1316a6de959d19e7d6,e9f87c3c70a7cb67,train,val,1,1
004318,375,500,RGB,0.75,b23b8190198d573cda5892a2de13688b82ce70bca2ad130af5c1f52d23d88037,607899cc6efbcbd4,train,val,1,1
004321,500,333,RGB,1.5015015015015014,2da556ba733d340dc939eb5725a292eb868b271e9c314bf299d06a9fb15e14d1,2831c4cc394b1721,val,train,2,2
004322,333,500,RGB,0.666,538522b7f91e813f69c7790c4bae7eaa744e892d86171e829e0a5c58a55836fa,67f872d2ccd8c1c2,train,train,2,2
004323,332,500,RGB,0.664,4fb5c3f71549f339cd27671f837ba81697aa0f3a54622327bfe98f72ab222aa4,92b63213cbcc7e6e,val,train,4,4
004325,390,500,RGB,0.78,a6793c3976f48e16c65caffb83717ac5433417dd09f9b029e2f3143e347b3704,b0b8fad8f83e9cb9,train,val,1,1
004326,500,349,RGB,1.4326647564469914,862d2d49b1ccfd2c45c66ea30f57971366f819b07e15904552954f0de556155b,793475784c683070,val,train,1,1
004327,500,422,RGB,1.1848341232227488,13aa73e4f8846ced1899f64619747e50c440183a904fcb6b52a9c27ac3615c5a,4d4d69a91b1292a0,train,train,3,2
004329,500,375,RGB,1.3333333333333333,171b87c9d841e1b178c986696099d8f03be9c22dc72a1950ea1009cb9bb75c8f,3bf99ddc616f9a0c,val,train,9,9
004331,500,375,RGB,1.3333333333333333,8c3b2d5418c20a7a12338a547c1d73c62e33baf922260275be17c6c2224ac5c7,808633b3211911c9,val,train,1,1
004333,500,375,RGB,1.3333333333333333,6a6b44002f64d45a48140cd99265fcb7087cc514177d918056b8e381abb7b119,3aa9b175faf2f0f2,train,val,3,2
004338,500,333,RGB,1.5015015015015014,2279b10b24068b8d5e0d9e1b3214ec290f2a66c2b9e7695fda81cefccb8137f0,8686929af4330f2c,train,train,1,1
004339,332,500,RGB,0.664,ea16d5d95bb5846990658bc08b76a8308ac82bb9f378ac445687e6a64edb56f7,c028d5683d1a0df4,train,val,2,2
004341,500,375,RGB,1.3333333333333333,186ce9eae185fbfdc8c0943597eea5f8420e787760e2c61f570fa80baef52418,b83e63ebe96b630f,val,val,1,1
004345,500,332,RGB,1.5060240963855422,d26095a77da16638a0b663b57980863a501eeeb72b1d51f2c417a4709459cc45,9c306073796870f2,train,train,1,1
004346,500,375,RGB,1.3333333333333333,8c4a8199fbc7b31cc5479fb34f5af84763e8251a63d562f31b85ab90ed3074e5,e8e0e8b8b2f9e1ae,val,val,9,3
004347,500,333,RGB,1.5015015015015014,98b99bdbe54c46b17f4e0f92ac0c0768da210928b819bfa2ea886805ee7552b2,cececc4c0e4e4ee7,train,train,1,1
004349,500,376,RGB,1.3297872340425532,dc3fa789c554f3a8d6795523b69c61f37942ebcf58e1d6fdfa49240ba152788d,745d2ebbb2bae5d2,val,train,42,30
004351,500,333,RGB,1.5015015015015014,cbb8f3901f238cca7ab7e232bcb38252b95b25537654bd25b1f12e1f04508900,a4b0fcdfe3f4d8d3,val,train,1,1
004352,500,375,RGB,1.3333333333333333,001e214fc9eff84b0aeb54a0aa8d740a5b998865746da65fe48eda12c9fdccaf,fbadcccde1e454d3,val,val,1,1
004354,500,333,RGB,1.5015015015015014,9181d8613a45850462c92de233db61d687397a229c95b8e80e2b1a37e6ba2ec8,d8dada9474108cc2,val,train,1,1
004356,500,375,RGB,1.3333333333333333,1618a45ab76dcb4fc8eb50fd61f3924a297944541a25102c81b76d903c8d1bd3,f590c0e6e40010e0,val,train,2,2
004359,500,375,RGB,1.3333333333333333,01440113904ea4b684e066ec2f96b0db11e8d71dc29c589c54fd6159be8d554c,f2fccf6c6ccd9958,train,train,6,5
004360,333,500,RGB,0.666,d1ae5bdcd703fea7d036b152adcdfecefbc7352c76bdeb6ab89a149ef4d4090a,3249c4e29493b395,train,train,2,1
004361,500,375,RGB,1.3333333333333333,11a5ad2225d1d94a150acc583bc481ad987cf56fe78fd19636fa34819aa11e9b,f266e6ca4b4988d9,train,train,5,4
004364,500,332,RGB,1.5060240963855422,cde8d91b6fed17d05421ee30fcd3a49a6c8d81cea9211aedc52b8f3f2ab6cec2,a1b1858f97971301,val,train,4,4
004365,500,374,RGB,1.3368983957219251,c6c55794762f0c8c722e1aa8b7e7f9d46f97f6c98c3866aba858fe7d8c4b45f5,f0cc8f030dc3d2d9,train,train,2,1
004367,500,375,RGB,1.3333333333333333,b526cf8811a75c0056bc68e0502a925039f12d77873f114bf8f34939537d2bcd,adcdf271f089a100,train,train,1,1
004368,500,374,RGB,1.3368983957219251,ee9adcf991eab01b9a51939bc05658cf54d98c696d0ec922b0d1adccaa3305b8,26c3c4858918e0e0,val,train,3,3
004369,500,375,RGB,1.3333333333333333,637e9b1335fab4c121504415c290dfd74ff642bef49e0771a7499bad671db62d,eececbd2b495c111,val,train,2,1
004370,500,333,RGB,1.5015015015015014,7fba7ae65b2e7bbf361ce0edb9c16f481708e5b3ad20bd4c2047a22287da9e89,7052bbbc6c460242,train,train,3,3
004371,500,491,RGB,1.0183299389002036,e3e150e574ca17404019197ae9914d9325cdf9b12d012056a30fcdb866b6824a,f0f0f386d4f8e6b4,train,train,4,3
004372,500,332,RGB,1.5060240963855422,54b28a4005689d009b32bbe1e62c4b4a0be9bf6107f3db88a17d1f58140ee0aa,981a2272c08cc0c0,train,train,2,2
004376,500,374,RGB,1.3368983957219251,a8868ff1b2d26d25ff685a6934ed46c3ba931c420a548b1fbd3aba135f1a3390,d8f839b2b1a260e4,train,train,1,1
004379,500,375,RGB,1.3333333333333333,97f46b445bbc596180314ef268283b8cf4e23258915af06a483d2db355da003a,fffef19dccf09cfe,train,train,1,1
004380,333,500,RGB,0.666,8d6f52fa7a6eafcbe2750380da9307e894984aee735a8e301702bf34d453e2e5,822a9b322756362f,val,train,3,3
004384,500,375,RGB,1.3333333333333333,37913d66227778a6aaa5f82433d2cf433f6a580e19474a8fed1211ba9cdcaf82,b0782145480131d4,val,train,2,2
004386,500,333,RGB,1.5015015015015014,9fea5e56281efcf9b25e5e21f8738e308cf536b1a118871954cc0bf87a62b11e,dedbe6c687cfde3e,train,train,4,2
004387,500,375,RGB,1.3333333333333333,1d9f91af9cde4b52122f0c92d74df00d5de18aa042d04c24e7bc6bb7b08035b5,fb7b50dc0d90932b,train,train,23,16
004389,327,500,RGB,0.654,16096c1837a3d913c6d4db9e54ac6400ef1aab07c1455b5ccc4ca838f807b3af,4e31b15330725da7,train,train,2,2
004390,500,333,RGB,1.5015015015015014,08d887d7a0b0c3c3729a615da8ad30093e72ab9e7e58ec5415e756013c1914ab,a0e69865078a6080,val,val,1,1
004391,500,333,RGB,1.5015015015015014,64ab8136586f9f4fcc09c9b1facff3062b6a5c7ee0e017b962a9f664d506988e,fcecf6ececf8e0e0,train,train,1,1
004392,500,375,RGB,1.3333333333333333,142c50f43bc93e3e0bb3dd1908341d80c0697d231d86b732302d9880a2dcb377,6848cc4cc8d84a5a,train,train,6,4
004396,500,375,RGB,1.3333333333333333,0afc74b052ebb0e1cbcccbd3ba6f5a076fe0087b225f807aab3bddb28fde1931,80fbb0000809e8c0,val,train,1,1
004397,377,500,RGB,0.754,13275fa6c743e748e688273377626fa7b3f0ed28afa345cabe00a0960a48233e,1367633198543cb1,val,val,1,1
004404,500,375,RGB,1.3333333333333333,2c35d94a55ebafbcadeb677da244e39238fd0e9d0e0041d7e53ce34aa7e2a753,fc851313383070b8,train,val,3,3
004405,333,500,RGB,0.666,a38cbe2d81f5c4d0043b14deda97a5e61df619ea8a22203d8c7dd31c7bb790b1,d2d2c2e2f8594949,val,train,4,3
004409,500,323,RGB,1.5479876160990713,494ac982351d6da5249539f29cee2b3d41ced1f02a6067e4253158baa89f5180,369ecece4e96dede,val,train,1,1
004411,500,375,RGB,1.3333333333333333,956990741db55ed99ec842e0f1ee4c008f89e8b89245aca90c1e05ac957b1f69,d2e67c7d6b63c63c,val,train,1,1
004421,375,500,RGB,0.75,883decdd1ac7a0c8a18d83e000511b5d19960ee6ce7d2642f4bd7619eb0a9a6f,8c4c4c1a60710ce6,val,train,8,6
004423,500,375,RGB,1.3333333333333333,9b446f4a54d08f371aa3c88aed028218dc178242d40c3490864a0aa1e64a2354,9041b9d0d23314c4,val,train,3,3
004424,375,500,RGB,0.75,e86b0af9a987dbd5ab91c1ca12aa718e429ae7ecaf2c422066eaa3a08e8224cf,0671f1f9fb73b9e9,val,train,5,4
004429,500,374,RGB,1.3368983957219251,efd31972aa13edc73b10e9586787ba6bef2ad34458f5374de494ecc90ae5ca0f,8db5ad25f171b9e0,val,train,2,2
004430,500,333,RGB,1.5015015015015014,4b7e7df92acaa2406abdadf3e8cf97d1a3439652c8c4fd1c8569dc6a121dc3b0,2cb0b4bdafa329ef,val,train,1,1
004432,500,500,RGB,1.0,f2eefab88c16abcd0a1015266a3839dbd68b46012ff7632f699819feff31f13b,310390c8c00c48ac,val,train,1,1
004433,342,500,RGB,0.684,6933a247fea8991ff30487d41bebb3a9cc6f4acebb8c5cdb350422cbc9ca88d1,b3921698f8b0fb67,val,train,4,4
004434,500,375,RGB,1.3333333333333333,2c99200d2d8bc9524c95a02ffbc791a1dc9180c49f1c5ecbb9aded36fc0cda0e,e5e5e2e2e2e6f660,train,train,1,1
004436,332,500,RGB,0.664,69e281a95ff4b14ad791d22b4b682ee8dd43a3c519ccbcaeb972af724de609cf,7977636b794e6e6b,train,train,1,1
004437,500,375,RGB,1.3333333333333333,1e7d28a1235335a7ae130635738c39431795f328331f6180d11dabf39822eb43,736f6e5c5c990ae7,val,train,7,2
004438,480,360,RGB,1.3333333333333333,cb3562315d95c241f748a1eaaf1a7b8023e6018329d5726e878f18674b527b87,397373cab3b37171,val,train,4,4
004439,500,334,RGB,1.4970059880239521,fb004faf84837112f54e25b06a237e7f0e7f79fd3bf2021d30be396eb322812e,e0e0e0f0b288e982,train,val,4,4
004441,374,500,RGB,0.748,6c8533ed5b8f39e7bb5884140995ea5d7f074c22ffdb4ecfe40b72f847939822,8ec0999e895951eb,train,val,1,1
004446,500,375,RGB,1.3333333333333333,46bba804b20e295173881255629a9800ce747608408506dec1dd7907820d8708,9e9ed8f8f84bbbfb,val,val,2,2
004450,333,500,RGB,0.666,5dc9b3e1f8248571967e2354241ca54ea5b0edfe67b43cce37638342933f89e1,6647642c2d6c6c6d,val,train,1,1
004452,500,375,RGB,1.3333333333333333,5f6b8ff4f98e3b0bd0fd648631d9576052ce821f3f037e96f18e41124aa42d5b,65f2c9cc96953d3e,train,train,1,1
004455,500,333,RGB,1.5015015015015014,f847907e7b80dc231f2b0ad45337d3249bc0a5c1bfb752634609fb0a10b9795f,03000081848696a5,val,train,2,2
004457,500,375,RGB,1.3333333333333333,5d97bd0f5f9feef15645cb855b7df2fb9ede2bf449f43322f5e30d1b74fad96d,60c49b3332321035,val,train,3,3
004459,500,375,RGB,1.3333333333333333,3ac2e2ccb473663bec3d95bf28b4b26315d5d3b21d08701cb60830c98fc1cdda,eef8f0f00486c689,val,train,6,3
004463,432,324,RGB,1.3333333333333333,7a77f972029f077eff56c795b03d0d9e0944c2e41fda70e8af402788a758ddff,c080b030b396959d,val,train,2,2
004464,500,375,RGB,1.3333333333333333,18336b049761b5ddd006b19abe8402e4f7439c1ca05d3f8b2cf8bcbbdeb4a591,989ade9898d0d2e4,val,train,3,3
004466,500,375,RGB,1.3333333333333333,4d66831c908f80fba89b6182283f980b6c1fe5d655fca59536b990e9329bb595,7265652513673717,val,train,12,6
004468,174,500,RGB,0.348,fccb1fa0502d63d5abc2c24887796b3bc3c259a57443819fa85bc567ab2b885c,e3e9c692924f4f0f,val,train,1,1
004470,500,375,RGB,1.3333333333333333,56d46ea1768fffe5b32d477ee8a5075a81568a130a28ec315b129f987e658b3f,e2ce92a31a124e5e,train,train,3,3
004471,281,500,RGB,0.562,912ab85ef34d55842ce2c61daa19330c82285a2dc544518ba7262cf3949e09f8,d1a69a5ec9e94d3c,train,train,3,3
004474,500,375,RGB,1.3333333333333333,7dd1af11dfbc5b239690cac598192c415933b8dd5e5b11d8dc8400a12814412b,18de9f968e0e0c9c,val,train,3,2
004479,500,375,RGB,1.3333333333333333,550cd827e6300aeeb7411ab6010c91110a0de9c70efbdbd4e876d5b589fb97cf,b0b4c4f2b6248ce1,train,train,5,5
004481,500,411,RGB,1.2165450121654502,39de1adef6cd069508353e2e65ec19e2c8695276a0dbee05db45cc5765a897f4,f861696868d0ca6c,train,train,3,3
004484,500,375,RGB,1.3333333333333333,f0e328071edb1b94c38301194759c0d49fe2afaba803c12fdeb08546616b16df,b0e060e4dc984479,train,val,8,4
004487,334,500,RGB,0.668,615d22653578cb8fe7aec3f65c04884dd5a0f86b5ebc87d217a80a3626dc820f,d9e4e2c82426b8d2,val,train,2,2
004488,500,375,RGB,1.3333333333333333,72ef8b2b7454fa7e1244e0c4524faeff44a1561f5dd1a1037a7d3930dfeed294,2a92e4e0c9e098c0,val,train,3,2
004490,500,375,RGB,1.3333333333333333,28d1995a8795576ff26386ed44aa21fe966a855150a340be632e11077ddc77a7,e3fdfcfce8e8d4fe,val,train,1,1
004493,500,375,RGB,1.3333333333333333,b2487ca67c75447d5cee5fde4c81c216175fd3feb33128b81eacbda840b2eb48,4e74a87a46e36340,val,train,2,2
004494,500,332,RGB,1.5060240963855422,bb5c30df4d87a84bd26266b5f0a105b89a603a4fc6ae1793a683aad4e4f819c5,a9892d436e391b07,val,train,4,3
004495,500,375,RGB,1.3333333333333333,2b5de8c387512d9cda5bed4234e8592da03c0bd16d99192373e44e4b293193df,e38d2460635b4a83,val,train,4,4
004496,500,333,RGB,1.5015015015015014,77fb920ff6f0b73286d80ba53fb76512fa52f0feb305e00000bc2db0789f27f1,e6a6a2ae3c7b8a8e,train,train,5,3
004498,332,500,RGB,0.664,004bfcb146f5a7320609f0e0a66538eabfa3b4ed352d175db5047d4ace1f1fcd,80908c34d4c84062,val,train,1,1
004499,500,375,RGB,1.3333333333333333,2bcacee26113a99390a31a87c35bb76673e1ce48faf1b61bb730117b17a4f57c,b0f13725273238cc,val,val,4,3
004500,480,360,RGB,1.3333333333333333,847ab7ed4a3fe8848e5209055d4e7dee0daafed0e345018589d39937d0e02f0a,ece4e4e8ecfee6f8,train,train,2,2
004502,500,413,RGB,1.2106537530266344,c53c9578fe4f787e92896ab486b765db12451eae778c5fb93f071a361ca88de2,25a5b17969e9f8e8,train,train,1,1
004507,500,375,RGB,1.3333333333333333,80f0b45e60434ac126b7e008feab03f5aa9ae10f6d5536509034addeadbc7bfc,3998c8307ad2c1c0,val,train,1,1
004508,500,334,RGB,1.4970059880239521,266d9b50ae3c59124387970444c77cc0096b959d0d2a74df60856aed758d64b8,3cfc9c9c5c2c6c6e,train,train,5,5
004509,333,500,RGB,0.666,62165e13ea93de4536174327ee7139a2eceb37f7d2d1386d5ab3912bb7063dde,880d091b0b534484,val,train,2,2
004510,500,375,RGB,1.3333333333333333,5ef6deb37f215bee63aba83c09bcacd53a1450da67aed846c07678f55262d6be,fee2607064246c3c,train,val,3,3
004512,500,332,RGB,1.5060240963855422,f98b46ccba8648521904517dcc1dc3f6cda0a6d1dff288b90439d15e353f103e,4b032f2323636478,val,train,6,4
004514,500,375,RGB,1.3333333333333333,ec85dc5fbd0178cec20c7b3faa0570dbc944bd88d2ee65c92c7de6b002c54a46,63498923b33f07e1,train,train,1,1
004517,421,500,RGB,0.842,a562f3bccd4c673a7140479e1c2d4fab53648997bfce7273ea246879cae316b1,436c3d63c3d1b9b9,train,train,1,1
004518,500,375,RGB,1.3333333333333333,887055c45de5272bd72065ac567f4b033e0afa97f370867148774cd3d494b4be,cbcbc453d7dbc360,val,train,1,1
004519,500,375,RGB,1.3333333333333333,c439cbc01f55f53eebe3c5efa7288ea5ada9b2df73633b752a03feb5f8c1c98f,c8e886040c048080,train,train,1,1
004520,500,478,RGB,1.0460251046025104,e71c81742435049bf55cd889b56eca36311e21739442c0981e132e059f02ed52,9f833e3623266e4b,train,train,4,4
004524,500,375,RGB,1.3333333333333333,4f982cb18f7d192b484c2bfbe735b168a50c9ce1ba6696250fc331a0a7cfe73b,306e87c7ee7c2213,train,train,4,4
004526,500,375,RGB,1.3333333333333333,64e649e35c7f4e9fcf564e7cfabe0b374a10202556d1141bad7884d6da0c4dde,029874e13710800c,train,train,1,1
004527,500,500,RGB,1.0,61fe87e7cc13941d63598540e5952f793d7cd4c4545c2c542cc7a64ed55e323d,82f6d8f4a3412d8c,val,train,19,16
004528,310,500,RGB,0.62,c156d89bbeacddb5956c7f1947fdfa0b44d0e669406b8d6034d07eda37ec16d2,cc4f6f5b797d5d61,val,val,2,2
004530,500,375,RGB,1.3333333333333333,7b0dfb610aba0718e5f46e0885ffcad13e78c6e77dfaf59df337c77b7275158e,8297f4e4a36f9c80,val,train,2,2
004532,500,374,RGB,1.3368983957219251,ad7641c95729ec7b476f74de0cd7883b11d7cd81995a9e38942a68993f65d0df,271b48c7e4f1c8ec,val,train,1,1
004535,480,445,RGB,1.0786516853932584,7675a7e3f6b21c92cc14d29c03c3ddaaf541cfb49cb49404a5251df70eb3c054,8707438b0634ab29,val,val,2,2
004537,500,388,RGB,1.288659793814433,760c735f29666cc98100c2113bcee74ff45505e07e1d46071fdfb9d1a8006a94,0b0c50694ec66679,train,train,7,6
004539,500,375,RGB,1.3333333333333333,0e00a3f4c42d6c33ea9f97087e89f50aeca74fc8acc8ae1ca7893258a523d968,1e1cd0ec9ddb6668,val,train,7,5
004540,333,500,RGB,0.666,bbe28f97c93f72f55e886e6b27258c15418969ce28c4d28d7fc4ed3f7ec4eb3f,ce984d6975d8d8d8,train,train,1,1
004542,500,376,RGB,1.3297872340425532,a17928dd631297a7d7563a822d79c473db4819ab0bfe2e0f34ddfd3ff85e25fc,2361a98d9474777b,val,train,5,5
004544,500,334,RGB,1.4970059880239521,f818a50ff3835f7a31567d3714243ce79c0f1164fadc29b769c5a262b38efd8c,b1b09058fc341e38,train,train,2,1
004548,500,367,RGB,1.3623978201634876,33775c46bdd56858f48c4b7f497c597c4cd316eca3d0d70966d499d656396b91,f04e8f96568b8688,train,train,1,1
004549,500,375,RGB,1.3333333333333333,915f7a384d108af907fd306ca10ed69fef5e4164e5778cf56aae1e5a0a233a67,e3e393997836f4f0,train,train,3,2
004551,500,375,RGB,1.3333333333333333,21bee9cb6c7a7c5d84e769a70d18b14a90ab67c73df58ff1dee1d764364af81d,fec4c49a968c9cac,train,val,1,1
004552,500,375,RGB,1.3333333333333333,f466fed63ff99194d35ff736ed8cf1e85bbcc8c9968f72671635978b6d5d2561,24a703c3d393c777,val,train,1,1
004553,500,334,RGB,1.4970059880239521,88e7928cee177dca7d94602cc1cc441f07f023f7a07b08fed0f6004a02425991,4b35a51d04642c2c,train,train,3,3
004555,500,333,RGB,1.5015015015015014,e67150e393f49703f61a50e5dd1b69ffea5df5b5caebe3c8c9f2e48baf4c41a3,e0c080b0ccccb0c0,val,val,1,1
004558,333,500,RGB,0.666,dc3d9720c840d335f8b436abba3bb3348b98bbe5347d1060631232ecafa19a29,24212a0824370f0e,val,train,4,4
004562,375,500,RGB,0.75,effec293df2651e2b34cbe4aa453d842c3a5ebe8e4e3ef056a717ba4ae0e3d46,f9b9164c7c730414,train,train,3,2
004563,500,333,RGB,1.5015015015015014,08de042e30a9c736c16f9fbc8eec1ba2740cc4d2520cedee45fa8809efa86331,e0e2496d64e4e0e0,train,train,6,4
004565,500,500,RGB,1.0,a26a114eea3e68d125988fdf368b48cf9c9d16ffa8f6aa59113a79c7ae8809e1,fef5c7cf9b5c7323,train,train,1,1
004566,500,375,RGB,1.3333333333333333,280027f28a0ded34e229400a824e9ffe99fa7d04df9017f5cc15de4a6edb931a,3133931b171c98e8,train,val,2,2
004570,500,375,RGB,1.3333333333333333,ff5827e4c03f9709a66a932567b75e90a20add54cc5b2b001ad0962e3c226178,786a6e3ef80658e8,train,val,1,1
004571,500,323,RGB,1.5479876160990713,272ed3e28acc7eca52fac42fe71f6283c63c93cec05c70b10eae56bd99048a49,c8d3c76bf9ea6eec,train,train,4,4
004574,334,500,RGB,0.668,ea7eb727df97d49f8c6bc1bde6b5db5ae7e668fffa19299d7be78ab5c56b551b,ffff9e3c0f193c3e,val,train,2,2
004576,500,333,RGB,1.5015015015015014,74d863a1faad1816ed6e1eb83d2cbfd5980183ed0b72f1a7aea5d82deeb4c9dc,a626e5cb5738c35c,train,train,2,2
004579,500,372,RGB,1.3440860215053763,1af6d4164d9382db1aaae51edb044c026b35d8e0b10e2e9ac580218e43d30cae,582520c696328829,train,train,1,1
004581,500,333,RGB,1.5015015015015014,14b1b03afd971baf04ec0160190e1cbcb1823a2c83dc96881dba82fdb075ec56,cbc34ffbf12903c4,val,train,3,1
004584,500,375,RGB,1.3333333333333333,429fe07b76363dffda18c4e32fc1b04f4f6844a0294a898e64931eb0c3be7b22,f8fc7961b1514fce,train,val,1,1
004585,500,375,RGB,1.3333333333333333,d838bcfea28f4fd01b3f2f9e3ec6c39870ff17ceea77bf4db6963c1dbe140f0f,b09806621a66e432,val,train,13,4
004587,333,500,RGB,0.666,04cdab8cc96407bcbb349bed82e0120d7321edc6ef6f27c03b7ba3fd218ba0f7,7f3dddceddb35ebc,train,train,1,1
004588,411,500,RGB,0.822,f1356a6dfac90dcbe82c5750d915234face176f3eac4792fd5fa90cf74317311,6161656529212180,val,train,9,9
004591,500,333,RGB,1.5015015015015014,e4a1e90dbc557d1ed15cfd07e5dc2b1254c470a7877695b7255e1fac569afc00,00c0f0796ff7ac7e,train,train,3,3
004592,500,375,RGB,1.3333333333333333,b76c99104841390d22cf414e723d4f639f16ead1cf9a72dbf8fd25fd9a5e1f13,999a93193d1f9f1f,val,train,1,1
004595,500,375,RGB,1.3333333333333333,e92d6439a60e70b70d56ab924b9905d5e59a711d615c3b861df1015bb81c453b,1b1b0e0626272727,train,train,2,2
004597,500,375,RGB,1.3333333333333333,d66d4d2a008fdbbbc394559971614bcce434f039a56d9252f517f8613fdf2df4,02c327276747c3e3,train,train,1,1
004600,500,375,RGB,1.3333333333333333,a22406cffd6b4a8dca7e3f293dfea3aa4a935d070fd277a8ada65a40af545aeb,464d4d4d4f4f4e6a,val,train,1,1
004601,500,333,RGB,1.5015015015015014,1bda2479b72374326145c314a0d64b9f47eaf3e99f104751232f19c97ad55888,fbe307cfcf9b9a13,val,train,2,2
004604,500,375,RGB,1.3333333333333333,1ec70edbc7e320ad99a1a7350912728044852cfa76348ee111c8f050cbe2b7d6,32c280d343674351,train,train,7,6
004605,500,333,RGB,1.5015015015015014,78bc81ff7566d06a8cb33e3484a7b364161bc882122cbb5e34cdc82ea0519480,b6d8490993383a82,train,train,5,4
004606,500,375,RGB,1.3333333333333333,1a9b4f075b1baa11d7b2abfe6b52c96a7b2047e40055ef42e7326d4690f9642a,f7b2f2e9e9e9e7e7,val,train,1,1
004607,500,375,RGB,1.3333333333333333,24674da993cd7eb869d9678b9f9d2a58dde4247b564e8f8b895496e688be5e50,949a8775f63279d9,train,train,4,3
004609,375,500,RGB,0.75,b935cfc55327dbe30f2a04e9784f5a13c5c5638b382dc89d1d80344fde25eff4,a466e7c58d9759f8,val,train,2,2
004611,500,375,RGB,1.3333333333333333,2e0170d138170f3d80ad8b36bb42a086da7bad8c3e6107936ba4fda0625589c5,e0cccccc15d6c5e5,train,val,12,8
004612,500,332,RGB,1.5060240963855422,d22dba5f4b9dab26ed225597b64caf917a37f108fee926973e3f8fa8e5bd5771,f0e0f0e8ccf8e0e8,train,train,1,1
004618,375,500,RGB,0.75,c0855c6b3bda3a73875a00c879878bbfc6d658cbf530079b5bdc1fc2fd802ec1,d2c848c0c2c3c5cc,val,val,1,1
004622,375,500,RGB,0.75,9bcbc8bff4b9e5f0ff11afbb78a412142425661a0a9c0a27d0a0c2bb46a9c720,ec1e5e4721855563,train,train,2,2
004623,500,378,RGB,1.3227513227513228,c8ad2c2daeff0f5ea948b3661dc97672fb398695d2e7d4113cb4f0317cda2a81,266c8a8e071f090d,train,train,1,1
004625,500,375,RGB,1.3333333333333333,e5809d39f8b1b4f70ac861ab1ef9406fd7c70f1bcf72f8db0dd5d061dfc41c6a,d0d61392b02505a3,train,train,1,1
004626,500,333,RGB,1.5015015015015014,bfc8f5440150d8d6325d2e01efb0abf01ee2e31f54bd533319408428d7e65eee,a303a4c5d59fffe2,val,train,2,2
004627,500,375,RGB,1.3333333333333333,4e9138ca01bb31359ac6b1655ae24dc4d14bb349f2977c5aa40e0063f5b61534,b389d991182d2e35,train,val,2,2
004628,500,333,RGB,1.5015015015015014,4156a4e00f1e2dfddf783ff178624f6472fd74412aa679de815fea054a7e6b27,626143713d70f9ae,train,train,1,1
004630,500,375,RGB,1.3333333333333333,9d5cf8b3d981025eee77bbfac6d12b21aaead21c3f59f1024c34629328663809,0a18961a1b131306,val,train,9,9
004631,375,500,RGB,0.75,5d3dcde170efa6262ddbe14069c38727452de702a47ce3b908213ec8eb2ad843,f0a0d29292f272e8,train,train,6,4
004632,500,375,RGB,1.3333333333333333,de8d20055ffb25ae597dcb8485c106e1645ed0f4776f9971a6f242c42d1a67eb,58d8cc9296861ecc,val,train,2,2
004634,460,500,RGB,0.92,019ad6ffe67101067007e4097a8684e32eacd8fbc4979f50b89c709f6256ebea,6cf65f4c25474b49,train,train,1,1
004636,500,280,RGB,1.7857142857142858,7e8313cbe8c3f02f576370169b06f7fb27c485f12876666027edc7ac93720963,9ecdcc4b4f2c1b14,train,train,1,1
004643,500,374,RGB,1.3368983957219251,f72616bcef77f0d209f84a3c35c73832af86bf17c2051db2d31e96600f9991d4,8c633b0f458b07d8,train,train,2,1
004644,500,333,RGB,1.5015015015015014,1e47fc2a4cecfd76436a8e8c13f672573fd8bc317b479fbf3b7eac1779374dda,5d66222a485970b0,train,train,1,1
004647,500,333,RGB,1.5015015015015014,4636ecc3727de353530523c4c55d16995c1ef86dcb86c1d220d3a84303adbfd3,2b3333a7d6c7071e,val,train,3,3
004648,500,375,RGB,1.3333333333333333,1c88a5465a87b2a900ddeff2cd8645610958d30a1b0c75d2c6313f4a97f250b0,405050d456545052,train,train,5,4
004649,500,335,RGB,1.492537313432836,9650db608500c724b4394ecacc19dc719f3d20c1c6a27ec1536469597e038dc2,d0f2e696f4e8f436,val,train,3,1
004651,500,375,RGB,1.3333333333333333,5cdeafadf748f87fd0a756c1fb6a1b49f17da15272556949a68ad0b4c1e6800c,0008b090e0809090,train,train,1,1
004652,500,333,RGB,1.5015015015015014,833ef7e24295b1d62c83b7d65e14954573ab16240afc626821b8b392f3d95a81,71717173734d7170,val,train,1,1
004653,333,500,RGB,0.666,e14cf2688f51d9abb910bad950dfe58ef22c68367bc4363541db619abf16bcbb,b0c89696cccdc890,val,train,1,1
004654,500,357,RGB,1.4005602240896358,21e48892c24bfee3e4d3e3b882cde93d298841b3d0f74ae87e261fe5cd38dc57,8fcbcc0e2e2e9e7a,val,train,2,2
004655,500,350,RGB,1.4285714285714286,cc553620b0d9f6aea1412c0974e820157e010bd95d54789fe60a692627974bfd,d693373392c2d9c8,val,val,11,4
004656,375,500,RGB,0.75,8127b5c3735979ea11e61bd847bed5bbe7bf5d750a66a5504b37be4e30fa145e,f0b096a30a4c32e2,train,train,2,2
004660,500,375,RGB,1.3333333333333333,26bc0d4bbed4c6ae731f04eb39ad25ddd4747a552d33872525ba979c4eee7c46,a0061391a4c30580,val,train,4,4
004662,332,500,RGB,0.664,a3179c32f124210ee56a01fcf043edcaa60c4ba5d58c9c63cc3a2eb92c20104f,37c98c0d2bbbb9b1,val,train,2,2
004671,317,500,RGB,0.634,ff1c292d22c3ab02970cbe4079752946f76a7a7e3909732e90061acd84e1d66a,b898fde73f3f3e1e,train,train,1,1
004672,500,375,RGB,1.3333333333333333,a5fcc417b15084a033fbdc599af3c8e12f04ca936ff70cbf629374fe31c57116,270f8626565f3da4,val,train,2,2
004673,500,333,RGB,1.5015015015015014,e3869f71f9fb0620d5ce9226628b5b3810d61ea935e411d65b52ae0e04af88b0,3ef9b03034626162,val,train,2,2
004674,500,333,RGB,1.5015015015015014,f45c4094af607edd2b82f039c0fcbab6b9530cdf881d0fc21450bd78a59112dd,f673901818815958,val,train,1,1
004675,500,190,RGB,2.6315789473684212,9d41ac110d1232dfb47c494f0ebfac9443d1dba08362a5fb2cac4c7b969a48ba,7478a62624361421,train,train,1,1
004676,500,375,RGB,1.3333333333333333,32c29f46fd06278661040a8b4b4f786f49086a80d8fee5aadc7fad2370711216,88bb6b4ace271d9a,val,train,2,2
004679,500,375,RGB,1.3333333333333333,87cca9b22d3f4ae6785bc2dc0d4bceaa09162224ead147a45aa2cd2264ac74bc,b2a285a6a69ef8f0,train,train,2,2
004682,500,375,RGB,1.3333333333333333,c63f51efaeffbbb1b55da716a876fdc85b5491fdedeba9be7adc2b2f435369ad,10c0e420cad82c6b,val,train,2,2
004683,500,375,RGB,1.3333333333333333,a432cce931910f29e20af85ab836126b41b84b599ec5d859e469164c647f0820,d3d3933ab69787a6,train,train,1,1
004685,333,500,RGB,0.666,6ee43a3247d9b3de05320728036a750e9f7855baf46a89f76e8dbd15b13a8cec,66a0b97a34b17c3c,train,train,2,2
004686,500,322,RGB,1.5527950310559007,9b4a1253de539642b0f35215b7592edc8dbb13f701c212228adc060d415c2855,78bc28cad032b0c0,train,val,16,12
004687,500,375,RGB,1.3333333333333333,7fb49d55838977e6bd1deb52011f3466a5d3b9b501efd8d58383e4c51ef4521f,e69393072e9f9bf0,train,train,4,4
004689,500,375,RGB,1.3333333333333333,d4a54db0ff5caca575c8c2d953a638395670ac4e05cc715723d1aed85897323e,0d0f1e7b69e0e668,val,train,1,1
004691,500,375,RGB,1.3333333333333333,c43c4bb76804f94a1ca4fd421401e4ff810ab0aab66854adc930ad0d91da28f7,3c3424424739330f,train,val,3,2
004692,375,500,RGB,0.75,a6a7cdc0aa2cdf704d99ae53de9b60fc0f8b73d2e4754cb68543e81b2298d4d4,9b9b99b42474d35b,val,train,4,2
004693,500,333,RGB,1.5015015015015014,85e2b76b32ed4d549406109939f71740270b24346b1598e900cce4413f5b5fb7,c69eb6d68680c1a8,train,train,3,3
004694,252,500,RGB,0.504,8cbea9a19cf6d9d178bec6c238609795bedceba92711f4778ddf51f477e5339d,ca2c864706666676,train,val,2,2
004699,500,378,RGB,1.3227513227513228,3953a5b003f251f35fc03833ed74de7cce4517c793e125980dfc662c86f34676,e0f1f1f161390dc5,val,train,8,7
004701,500,375,RGB,1.3333333333333333,ea0d3a7d0509e6c5429c5067ba434c5cd496ff8988daf9f2746548411659e7c7,9c949460647479b1,train,val,1,1
004702,500,307,RGB,1.6286644951140066,011c3abae5b79cda95da7f2d0986aecf7dd9d52175875bc6eadda44c1e327a1f,93b73bbcb5b5d6f2,train,train,3,3
004705,500,330,RGB,1.5151515151515151,338054c2cd6d7329623855c1c0acf69885869b03839b5396b41d25347a0de4d4,7c4b83f576f38f1e,train,train,2,2
004706,500,357,RGB,1.4005602240896358,51935c535992dec446366be92be72d64a7ec2c6a166ad3d106b261c2a0f3b3bb,cced63b3b6279f8d,train,val,2,2
004707,375,500,RGB,0.75,68d96c4044b5ec41e4a3bb249c3a233e1b920010e81ebde2e011eb008d40d8c9,e39c3d687cc8e8d8,val,train,2,2
004708,500,375,RGB,1.3333333333333333,a0d67c803aaf492bb6735732ff416e010c753d6f30a285659758c31974b51260,edffff337d777fff,val,train,3,3
004710,500,331,RGB,1.5105740181268883,5f00063e1ed39d4a13cfe27999d414a357a91c59e17b3dc3213d7dab4e5b6a13,b8b0f2f072ccceb8,train,train,2,1
004714,500,375,RGB,1.3333333333333333,27cca6d0ed64bc3b092c3957423dbeb1843f4f3a0e475923baf6d4ae7bbd5867,d6dadab9c9d83204,train,train,6,5
004715,500,375,RGB,1.3333333333333333,51e610a01481f498b03f3a61cbe14101f0abd0f4a35318b57d5e4e643ddf0f73,3c1c1c1676369696,train,train,2,2
004718,500,375,RGB,1.3333333333333333,2e8761f248e26ddb3038d38961fb6d5660de837a816cd4e4ea1f36314ac87816,94812550d8d9f3d3,train,val,3,3
004719,500,333,RGB,1.5015015015015014,76d6516376fd67a385473440acfb4dbe0ad711165b7e026d602aa4784673330e,8182810636f780f2,val,train,2,2
004722,500,375,RGB,1.3333333333333333,c49e78f072e2a7fc0dff5652dd54a263b0c1e3e7496021cf01376e253a3512fe,f8fef1f8d8c3f3f5,val,train,3,3
004723,500,375,RGB,1.3333333333333333,89a908240cc8450807c227a0880d582160a47124bba743d3fc39d9db1f48d6d7,bcb2dfe5e5f9b351,train,val,3,3
004727,500,500,RGB,1.0,27e8063b5eda449f257409a3bcf3c5544ee8f37567e513019a8140ac2f882428,f0f8383827279f8f,val,train,13,13
004732,375,500,RGB,0.75,c9183a6d125cad8ee499a58aa1344e6fdce246352761d9211c0950d37e38e163,1e3a3c7830646c3c,val,train,2,2
004735,500,375,RGB,1.3333333333333333,24ad7943532b0da645e12a3596b66466d92fb0ed2ff292459942e89c1b777194,cec0c8acb26864e8,train,val,2,1
004737,500,333,RGB,1.5015015015015014,e2087e616f179fe5e694f8b9139ce2c47ba118813759347245f51c1cfc86174c,3f3bbbb8fc7e5c58,train,train,1,1
004742,500,375,RGB,1.3333333333333333,388767b5bb266f472b569e67f883f9b5f33c45ec374252788769d6afbacc9c61,7149499ad8e4e2c0,train,train,12,11
004743,500,375,RGB,1.3333333333333333,53e5bf5d3edcd32c95392a531f78f6dc9a9801d221b3319cce9cf8832dd139c9,620a4a22624a2307,train,train,1,1
004746,500,335,RGB,1.492537313432836,722a9b1f6b6c11f0545e39d0ce98a09434471b6e573d05d7808cb3de84b6aebc,8433d3c6c625cb21,val,train,2,2
004747,500,375,RGB,1.3333333333333333,fbec89e8368b8e2f985e2cb8b4e090ceaa53acd33059c807b330d365230e35a4,698c8e34e1c9d7dd,train,train,1,1
004748,500,375,RGB,1.3333333333333333,6f63c3beb7c8f315a93b254e8e05052d9b75fe56d00ed8b1b2eaa84354dc1c3d,03030700c0f92d6d,train,train,4,4
004750,500,331,RGB,1.5105740181268883,bc9ba44caad394f8901361c1f119ac1332c8ffe41b107336cc3a4a5b23d7a71c,ac8c42bf327478d2,val,train,3,3
004753,500,375,RGB,1.3333333333333333,792a7d99b0ae7819da51b8ec3fc3e85c59e232c348638729816de64db20527fa,9cacc5c6864c64c6,train,train,4,3
004754,375,500,RGB,0.75,1fef11bf9b56459ae1ba093a785e0910dea984fb80bf410211dbf27b8a9017e8,e8d42a6a3a3aba3a,train,train,2,1
004760,500,375,RGB,1.3333333333333333,b12945f8df668ba9cac51d5d35b339a48224efa4946f3b2d418c8086013e40c4,6f34686f676363cb,train,train,2,2
004761,375,500,RGB,0.75,b02cd8cc851f27d2882298f7ac9efb068a52d1b0e57197ce53119e8f6fa25314,a2c6b439c995d2dc,val,train,8,7
004768,500,375,RGB,1.3333333333333333,6fcfb2002cb7d9b77313e4e19adc66bf0f5831623a8418f9a3a794820842485e,34f0e6fcf0f8f8b9,val,train,1,1
004770,335,500,RGB,0.67,a93e03d7404b51dead77c1f6c28c037d26e366ddbd0f07546a01785fafbe885d,2c03132c3c9cecbd,val,val,1,1
004773,375,500,RGB,0.75,35e5085d088868ec0afcdbf2df1c4ef6940d492e84f3ce28865c2ba9c7567648,b7efe7e3eb272632,train,train,4,4
004776,500,375,RGB,1.3333333333333333,ca63d5df41f9cccf5117622dd09f00ba3f962f60388beabf084c45de1dab38bc,e09d8d0e0deeefed,train,train,1,1
004777,500,395,RGB,1.2658227848101267,cc45b402f5baaa73cf0c4608adf628a2f38dea2725c99857d0ce88fb5ff10e54,e446f023eba41ef0,val,train,1,1
004779,500,375,RGB,1.3333333333333333,35659eadb4a0598c1fa987420f3c93176a9cc123603a34c4437557a925f15894,74787ee767be5ef0,train,train,2,2
004782,500,334,RGB,1.4970059880239521,d2713ef829dc4efeb1cdead96511c25e615b60e32227003f4d601f811b165899,f2a99cb4c81888e0,train,train,2,2
004783,500,334,RGB,1.4970059880239521,b1492f7c46d92c9fe8d0f55cf9249ca06f91c4f6667a86f1a2376122c3e9cd51,e8f0f0e0793b0ee2,train,train,1,1
004785,500,331,RGB,1.5105740181268883,4cd7498a51afa7e588f9a1bd732723aa27ce7830882c1069566386b6d70454a0,4c4870e8e9d8ccc4,val,train,12,2
004786,500,375,RGB,1.3333333333333333,6bf120099c6e94ac92bcc5c257429763cdf14a0a9776a5beb50509d0a3a7bbb6,3266d09a6c3e83e1,val,train,1,1
004788,480,388,RGB,1.2371134020618557,d2f2474a8fd01ec5ee813d2016b293c475ee5b17d180512c18d74c097621168e,f0e4ed6849456666,val,train,2,2
004789,500,332,RGB,1.5060240963855422,53825f7511c2364cda37a817d6457d01b585d9b437a229e0afc2d3f037f860ff,8544b6b2739db58c,val,val,2,2
004790,500,375,RGB,1.3333333333333333,d3cdb2802ed647c6a1f19a4270c10e2898c4531f50f39a664b4d016409e68850,36385e4c1c2ee6c6,train,val,3,3
004792,375,500,RGB,0.75,044ef390503a039ecf824c53b9a84829e10609bda31e0c37d29a71c9d2a4112a,8198d4948cc4f0e0,train,train,1,1
004793,500,375,RGB,1.3333333333333333,1e0823401b28fdf3ac1f9c0207d75e09f455828e43f2da2a580efb2a475d61c5,a92fc6515b77d97b,train,train,1,1
004794,500,329,RGB,1.5197568389057752,1fa3e80909c00a10dfb67bd577d4228e1ef0bf37faec3d91aef86ec5eb0f6f3d,4eae3d3382c6c23a,train,train,1,1
004796,500,375,RGB,1.3333333333333333,50166c3b16b55c41a423ff1e22cc8640b61d1769b060d99503dc602bb93067cd,4eb1e0222b29c989,val,train,3,3
004797,500,333,RGB,1.5015015015015014,fd4885b8e18388e2a5098abbe81e64b2a8920f65b53b8211941afef724295a53,0080c092b2f6d8b0,train,val,5,4
004799,341,500,RGB,0.682,ce06b6b2811c0c0d1747e62b7b9a017ea6b0b2ac99914dd392a6d8d88cfe0e59,7078e6c6a6e271e8,train,val,1,1
004801,500,333,RGB,1.5015015015015014,bae8695d23252fcc371b86adce021e80e450d5ebcd1b4b9d437a877fd6a7ee19,4c4e464646e6e7e3,train,train,2,2
004805,500,333,RGB,1.5015015015015014,a135863499249a52213c82b11898e65e8c4392f127999ca8af91bae055933edb,4949ad6527879b1b,val,train,4,4
004808,500,375,RGB,1.3333333333333333,f7eff590560271e70da7f1f3582f5ca6f4570e2dfbf2ad5cb86b2d2a34768252,1f2ddeb63393f4f9,train,train,1,1
004812,500,362,RGB,1.3812154696132597,c4bbf8f9c172c53dbc54bba058fcf49496ecfe655def4ffbd1fc8ee47a744579,8f91818b8ba7b3b3,val,val,3,2
004814,500,333,RGB,1.5015015015015014,b29e2de5df3eda3ca584257433bcb7b467141a9db8c5488d235debb18e9d7718,f8fbf3870f4ff0f0,val,train,1,1
004815,500,332,RGB,1.5060240963855422,bd5f7c365dc6acaba98d22714d71596cfe8b632a2abf45b44577ff719e22d251,79dcdcaeebe9a688,train,train,2,2
004816,500,333,RGB,1.5015015015015014,9d59a3662367cece912e222ef900d872ba84e398a0093414bdb7bfce4c94afe1,e8a89adccecf8dc0,val,train,1,1
004818,500,400,RGB,1.25,7312c869b075573a3d9e1ad6009afe96e7e89de1c157ec58937c330a807a5617,242461717c010e58,val,train,2,2
004823,500,375,RGB,1.3333333333333333,d5a62fbe1370be8636c5eda606c9a07eba86d19fa387de2d21cea05eeffdbd1c,b56fc38281873c90,train,train,1,1
004825,375,500,RGB,0.75,62eea0501326b644ca7fb1a438d44d3a720dfc575f1012f6d9f4161a65a9c0d9,2a0888b168eadb8f,val,train,1,1
004826,500,375,RGB,1.3333333333333333,329210ca820e56c57e99d5fe2e0571b9a4ceaf3cea8f1269c44867c82cbf2a32,7038f4267a393a38,val,val,3,3
004828,500,483,RGB,1.0351966873706004,528cba196b8d954ea73ba89a08cdbbd1560d7d3a8c5b0f3f9d9e95a65c0d2831,4757595b55b11376,train,train,6,5
004830,500,333,RGB,1.5015015015015014,618205b4ea07fb9017739e3c4a49065e6bf2decd46bf5baa36293842d8f4f77c,f0000c6cb20ecad3,train,train,2,1
004831,500,333,RGB,1.5015015015015014,2020414ae7e849594e1cdd749b02db9d5560bc02351ae7da4474f15e7cce206e,4cc8b83a69b8d8d0,val,train,1,1
004832,474,471,RGB,1.0063694267515924,98e44000ff5c5934168f9765c83c45cb3b8de46bcacf40a21d02ff3c463dd53e,1f1b323314342424,train,train,2,2
004834,387,480,RGB,0.80625,36a5962c07de11dc1de03ac63dc02cf1af6bf3b8e6161bd03342316ad5c2a3e0,a058cccc4cce6eb4,val,train,2,2
004836,500,446,RGB,1.1210762331838564,d128b1494117828f95e0f8e661c7926b660f52a1c8c1ebd893d8c32fe0472a0d,756b6a0a391333f3,train,train,1,1
004837,500,375,RGB,1.3333333333333333,04ab493e8b9a313ecb94911197a8e4617a5fb19970cccc55b587028cc1827f77,ddf5b034cec46435,train,train,2,2
004839,332,500,RGB,0.664,b54d81f0e31591f438214d9d3106a80687a5cc1b84fca18af4b8f515eb05714e,ffe89a376fcfff3f,val,train,2,2
004840,500,375,RGB,1.3333333333333333,3790b716d333e3e2b97901ca5d843ef07916a9c3b6110056fa3675536856035c,2989c95b4c640c5c,val,train,5,3
004841,500,375,RGB,1.3333333333333333,22ad906bf2dfc3c2b41e3ccf161724e5ac32f732cc9777f898808de90222b64d,f0e0e2c0b0b0c0f2,train,train,2,2
004842,500,333,RGB,1.5015015015015014,55bb13c5e953d15d00bbf9db7d24b78ac2271987fe5580dd8879371727b09a56,8dcdcde6d4d2dad2,train,train,5,5
004846,500,338,RGB,1.4792899408284024,6d8447694815ba526dc233424eac7326008c473a0b5e5148ffc7d6309eba6af5,f4f0f84c7ab094dc,train,train,3,2
004848,500,490,RGB,1.0204081632653061,c717d7d2a7ddb53b6707fe443a491242eb319cb27c745d7250bc78206eeeef61,e5cb990b2b330e5c,train,train,1,1
004849,336,500,RGB,0.672,5f840511539b8efc025d62dc62d4962f1cbf62ee32845d43a26f91647e8c0591,9c31cdf4d6961c1f,train,val,1,1
004850,500,375,RGB,1.3333333333333333,b83536a3b4eb71d0d7d3261506006f75dd80c726dd8e5b4666cdfba064b6444e,9393f3e34306bc70,val,val,1,1
004852,500,375,RGB,1.3333333333333333,0a9ea693a527fa2ab71be17bd4d0e7de6995c95e308787f5716f481b33feebfe,0002034323230301,val,train,2,1
004856,368,500,RGB,0.736,9cbc95e5bf8d9438740b330f11b9dc030ac00917ee492da5a3c8310729ec3b51,646461e0f4cca8a0,val,train,1,1
004857,500,375,RGB,1.3333333333333333,35d1c23f3673463082511c6d216acc2e2d6f5d2d86bc4dfd3635ab4dbd31f12a,322164637373b7b7,train,val,15,7
004859,375,500,RGB,0.75,8451a067ef1cba2a0614c06cd7bc1de203c7cb6034c172cda971727b3483f03b,8c8c0c4cf8e4b609,val,val,5,4
004863,500,375,RGB,1.3333333333333333,95a078d3342065cb669357200cc520aa5ae9fedea56f446654dc5b5b6d8b1bdc,713a66e3273e3887,val,val,1,1
004866,500,375,RGB,1.3333333333333333,c5618f57e4af7e1b5a8fd0a0a312cf4754e9d22951417086090e98ba5d4f691d,fefcfcde1c3f3b2f,val,train,2,1
004867,500,333,RGB,1.5015015015015014,d6b54d85ca4adb0b7f5dff03eb85dd4deff0a4f01c8ee434dcd1bcd88c3b8315,363630c0fc199d64,val,train,1,1
004868,500,375,RGB,1.3333333333333333,4658c84251f4669901769307286ec77b22c087c30077b1d1ece95a06abe5fe76,0c1e3363ebc9ecec,val,val,4,4
004869,350,500,RGB,0.7,41ee73d1682bdc7e1011a5e28e9712434d09860363946d1e88d19feb946c62c8,1be9f1cb496ce6a7,train,train,1,1
004872,500,375,RGB,1.3333333333333333,5625506b0e0bc7bb328a1bfc527971f0a61450fbdd7c1758791c0b12f82d5ff8,c0fb400c2ceccede,val,train,2,2
004873,500,375,RGB,1.3333333333333333,6a3b932004489346c053605ad5870e5273a46ec80aed4358c2dd0de00cfb0c47,32959389c961b918,train,train,1,1
004876,500,248,RGB,2.0161290322580645,5d0b0f42cf196bb0a814a23eb0b5fe86de929772c816d1d6b147a372cca302e6,e66e4e66e2c26ae2,train,train,5,5
004878,500,375,RGB,1.3333333333333333,c249b965278fe2004e478e399062e05ec83657a2ae7d90ef8c1056838fdd3e1b,6fafedf49b0b67e7,val,train,2,1
004879,500,330,RGB,1.5151515151515151,98fc2e50ad7b7e44e271749ab17a80d9dd44150c1fca1617a6a573ab771843e7,319adad6de963cf3,train,train,3,3
004882,500,333,RGB,1.5015015015015014,51b8c7f3cfe506f128875c727aa17db3a06d6ebb1068b047ac454477b2bbd2eb,000083a31f8f9353,train,train,3,3
004885,500,375,RGB,1.3333333333333333,c6363a44258be731fbcb32aeea95c900f87f4811de55b4da5bcdde88d25b1489,f0f0f88e9f8b0f1f,train,train,1,1
004886,500,375,RGB,1.3333333333333333,dea3e2f4e845cc27ecfa0650558a86425174d93ed427dc8ad1fda30b82673fbf,e9c6c66b69e0a0a1,val,val,4,4
004890,500,380,RGB,1.3157894736842106,d613e33909e8fd8f90805cfe27db0dd5eb25d5eabf5dbcda6602be9517832ac8,b1b2c9692b1387e0,val,train,1,1
004895,500,371,RGB,1.3477088948787062,cf0349c73cf3fd02f5aa02bf13f14958498c328bc25fefc853ff067d5e217f17,784201c9a1f32344,val,train,1,1
004896,500,332,RGB,1.5060240963855422,399eac9e20dcbd7f89efb1f617164f9942e059de130bdf3345bec9c2ddafb21e,fcecf8686c18e0f0,val,val,1,1
004897,500,333,RGB,1.5015015015015014,104a3b037c8a613867cfb5cbcbe2b0482ef5570d8da66e2805fce3b6a6168bb9,d4dce8e8889a9af0,train,train,3,3
004898,500,375,RGB,1.3333333333333333,74b7c8d0be04c5d63484bf9634d8f2fb91642c8ecedb71968fcb23059af1c7e0,ae6565e0d0b0d0cc,train,val,4,4
004902,500,375,RGB,1.3333333333333333,07b2e84093034d83016f52955bad2e55b44ed78ae8a4bf70aade0318e599f61c,2401b170706136b4,train,train,4,4
004903,500,331,RGB,1.5105740181268883,e3b4052532c56f217f94160864a7c4f98f2249f7e271c0a1066a64155283cea8,eb94b6e1c9ccc8f0,val,val,4,4
004905,500,333,RGB,1.5015015015015014,bfb53efc7b09f79afab6ea73e345ee95f06b7ae1c167aec0d87899c05b456215,e82868c0e0d0c000,train,val,1,1
004907,500,333,RGB,1.5015015015015014,0c68801e8748408c6ed04583ece8f3f28a5caf9fe811b87a52efab6251570ecc,38303131b1303194,train,train,1,1
004910,333,500,RGB,0.666,addd55e9a35748a4e8b73d7eb21fad2aa59ffc92d068db55996f95c18162cedf,3827664e4e7f565c,train,train,1,1
004911,500,375,RGB,1.3333333333333333,219bdb147ea888a669a8c6c91c8f02d390fc08be9b1000dcb7dfa30722569223,f2f28e47c7b6ae1c,train,train,2,2
004912,500,375,RGB,1.3333333333333333,2e0168c0100969c066fcf28180da517e050f1c597bfd16b484ac6fc21da41f0a,e0b0967799d36260,val,train,3,3
004913,500,375,RGB,1.3333333333333333,b8b5dc704797a5d8bf20cc065843e9dcb43793bc4c0c9e0650d08f7e9c12beb4,2464647062213050,train,train,15,15
004916,500,333,RGB,1.5015015015015014,c5c8736936f7836f0c125ab744df25389a3d8c129458f73b2a68c0fdf216a3ff,25212527736be9e6,val,train,3,3
004926,500,375,RGB,1.3333333333333333,397516f1aeef00d1d9a04ffa909e91674909d36762065938496263c7facd1928,b139b8f0d82096e0,val,train,4,2
004928,500,333,RGB,1.5015015015015014,7d896f7626558bbe845cc7db4da776e7a04e935d6761a1202cbbe60d27d038f1,70c4edada7a7e578,val,val,3,3
004929,500,375,RGB,1.3333333333333333,2c79bfb4f70ec036d57b24acc848f01a0dcda23b0322cc86ed14012f97e9d921,2031b1f331260000,train,train,1,1
004931,500,375,RGB,1.3333333333333333,3b5b7cbba0e5584430a940709bee111f63ed0f2f0321481729fe2cefa29a2972,3e3b1d3dab25e508,val,val,4,4
004935,332,500,RGB,0.664,4a2f51b36f2e871e4619f4efdb401d82100e2db8bfa3cc969ef60d75b7db8a29,484c24b6968416e0,val,train,2,2
004936,500,375,RGB,1.3333333333333333,546275f9974e0cd1da58ea243c924f75141e6e2ec265cf2855f744dcdf267a57,8ca4252a2ccd9a32,val,train,1,1
004938,500,375,RGB,1.3333333333333333,9c96e78e8734b52fe5fc258480caeb1fa3c88a5a797a08dccec781d38f6ee416,9830f0c1c7e6be1e,val,train,1,1
004939,500,333,RGB,1.5015015015015014,30533925bb06ce8217ca40896074350990bf872e71f570bdba29bfacde9d7cf6,cc995c7c782a82c2,val,train,3,2
004943,500,333,RGB,1.5015015015015014,c0b8d9cc23ec3b11ff3d4d045dd8a97953e5c40f0bfd24c0be6676b83d599f16,f8ac6c7a3a38bbf0,val,train,7,6
004946,375,500,RGB,0.75,2e5b6bdc2055adafd56781229fd57d994e4c75f9df0c0619a36e9369d3116507,ce4d46168246c616,train,train,3,3
004948,500,375,RGB,1.3333333333333333,6971fa045466c2cf81974303f9733fffc1e68f0502f3bb0232e1c842874ee544,1b9fb7b7b79fc3d1,val,train,4,4
004950,320,196,RGB,1.6326530612244898,fe53eef7838d369fa112ad7483757a9a6c4ded10433c1c90c783fcbf2343d350,eae5e4ce8e9f979d,val,train,2,2
004951,500,375,RGB,1.3333333333333333,25c13458ff53b84f33d514aaf518d145031e0aea125fa0cd6debfbd638ea1771,fc7e00848e3be45b,train,train,2,1
004953,500,358,RGB,1.3966480446927374,3bcf60dcde28a91528131838bdf6d9c23f9a19e5ae9563142ba36212062283fa,c9894875bd3e7ad6,val,train,18,13
004954,450,500,RGB,0.9,34f54fa9385f20fe1021a0f31121ea529a3fc6ac2616a152fbed944cadf76afb,19995c167219c66c,val,train,2,2
004955,500,374,RGB,1.3368983957219251,c50a43bf4e5af8d6db32d79139b256f942570ee2a95ad2dab868d998c87267e4,8fc7879f87f3b9a9,train,train,2,2
004956,333,500,RGB,0.666,0401f44bd0bfcc6c35782c9bbd6911d65426f0e71fde5cffacc3549a870f3393,f0f8c69919fb070f,val,val,2,2
004958,500,333,RGB,1.5015015015015014,5c16493bbf11fde20fd80ad474513fe9d41fc17235cd55c1c0b52062bc45631b,f8d8d8d8fe67089c,train,val,1,1
004960,426,500,RGB,0.852,259f9e9315a7c7a21be38e01403d578ea26287778b85d801ed4cc4d59209a013,cfc99090dacff1c0,val,train,3,3
004961,500,333,RGB,1.5015015015015014,0c7c014502543d4ab009909090a909b5dd1f9707f6ec73dc00b25dc3092702d2,d55787a8e46487c2,train,train,1,1
004962,500,333,RGB,1.5015015015015014,7a392b1335f5b62daae2628f167e68ea627534d51e4080cf87498639db5a08ea,e604c0d9dce2f2ec,train,train,1,1
004963,500,334,RGB,1.4970059880239521,8ae094b0ee15c9f216f3adfde1cfc42f8c78fd2949bfd150284406fc914e7522,d1290fd3198de5e1,val,train,1,1
004966,500,326,RGB,1.5337423312883436,042951f3eb837332d1fc56b8ca72080a17f277598c7a5efc9da182104a046355,2711e49c9c9a9625,train,train,1,1
004967,500,357,RGB,1.4005602240896358,3e5d3af656a6a452b1372746f192b9b6c0d151482d21388df32236c2f530e05f,722345332b672707,val,val,1,1
004968,329,500,RGB,0.658,20d5103cb03b16e39f43028e083b70b82657e530e537ac4a6c89ed532b6df299,4f868c0d29099b72,train,val,2,2
004972,393,500,RGB,0.786,34fa3a4a01c017d4232c089205c1e4b95d0bb5dfbd7bab1888b1e7b13fb345c1,b0cc4e8e868eb656,train,train,1,1
004973,500,375,RGB,1.3333333333333333,76a947b06c39484da48b30ab8643ad7a01498e14625dd56b608069dee0ee82c6,68f8e8e833b2e8f0,train,train,2,2
004974,500,329,RGB,1.5197568389057752,80718c23837b3375c23fb88d3464d7881c0e1aea7c9ea05ae684e3247db03d0b,c1622167e3f3e6c6,train,train,6,1
004976,500,338,RGB,1.4792899408284024,683e9f7fc2885748634cdf8f75bd0d1ee2657f3486c7a9c6bf5fe7a12626efe5,c8459868e8bca4e4,train,val,5,5
004977,500,375,RGB,1.3333333333333333,5eebe8e613a86cef1d309bb0c4e531f1f3d967e42e4a007824b4d102825a491c,33174d6f2e4e4f9b,val,train,2,1
004982,500,333,RGB,1.5015015015015014,96e40ee43092f0ac0723adca6aa079b060160f2913addd0267d23825f5d1ce3f,4080445a8aacd0c8,val,val,1,1
004983,338,500,RGB,0.676,3c5c2a1ecbd63ab27fe986170d56d915e1ee231e7be34786ed4b6d94a86bc4bc,97b70d1d8d4a9996,val,train,2,2
004984,500,375,RGB,1.3333333333333333,19ba503c3ffbf421fa4c3410a6ff09e52182c1ba81cbe8b1ec1fd9267727258d,939391185818189c,train,val,1,1
004985,500,375,RGB,1.3333333333333333,f910bcfae213105cd1ff66e1b0726e5e51194dacd6f6932ddf5923dcdede0706,5998b1d87cbcfce8,val,train,2,1
004986,375,500,RGB,0.75,f90164f097c64dc652c769af298c5cebd5556ca64c31036b420b3229d1e8aff9,e0f0c0cac4c4ccfc,val,train,2,1
004987,307,500,RGB,0.614,ed70145445202450ff811fd50b895e42fbb44e23b83bd01ab46f05128e739343,d8500125878e717b,train,val,2,2
004990,500,375,RGB,1.3333333333333333,ac2bc5a975de4826a1487794b19f48c38079951b5ef85fdf7daec3b47649fe0e,f866b939f07830a0,train,train,2,1
004991,500,375,RGB,1.3333333333333333,f9fb1ab00e0c455125049c9cf74ad599a40900097c305ef0d3e20e7c3ff1e166,1a181070f0524b4f,train,val,6,4
004992,500,375,RGB,1.3333333333333333,5bd39d8ea9a43659d3c0bb9e430fb3a3c8427767278fbdae97785a1418b2f179,7533303a1db6eaa4,train,train,1,1
004994,500,354,RGB,1.4124293785310735,e8cbc81cecc5d9345c62a3ff601e97a7f6c8f62ec090a99f4c9a73a84b3c451d,a0a2f2c2e8e8f0f0,val,train,2,2
004995,332,500,RGB,0.664,062b2c45267b2f5abc6b1bafbafbf065f0999eb4f3a957afcc73a7f72ea833b6,2f490c790bc6f070,train,train,5,4
004997,500,334,RGB,1.4970059880239521,389fdb00b70f66155391731a06afa95f0cfa87aa481bb694ec3948fcaf3c0e7a,4e93934307033aad,val,val,2,2
004998,500,375,RGB,1.3333333333333333,d62d0f0160ad71fd68c06242539fc9634bb1305802f219660d896d112a5019a0,26c383a3b795af6e,val,train,1,1
004999,500,375,RGB,1.3333333333333333,7910984b40f8a74db31038bc0e31dc98fc429000ef0894d307d45dc95429fd6f,62e2dcccc4f0f0f0,val,val,1,1
005001,500,333,RGB,1.5015015015015014,11dfda94bee82def5e2e10dbb114e64b369ed9220b5125a69eca2ffc7df4277e,8194cceeec703434,train,train,8,8
005003,500,375,RGB,1.3333333333333333,337ea184860b1d8439e20caef314d07b81bed41ad09a635fe456f98f32c775e5,c109e9904d242230,val,val,1,1
005004,500,333,RGB,1.5015015015015014,83d4b14ff6ba465cee2cdcac8560d5d44b802da408f417315df08682efbac639,a13132382c263a3c,train,val,1,1
005006,375,500,RGB,0.75,3d10003bf6633528bd3d5d058e8679a50c5202f4df01fd62f74269bec912d2e2,a9e97c986474c787,train,val,1,1
005007,500,375,RGB,1.3333333333333333,73eff19a5dab550d3d72f0999b9923f583060b5de0da54a9a061e672505681c6,f2e262b260717166,train,train,1,1
005014,500,375,RGB,1.3333333333333333,c7db1002a096977275c514efc56cb128a07fae60c9bb8ac431f701c3eac9f88e,89d948dff3d54d57,val,train,8,5
005016,500,333,RGB,1.5015015015015014,aaba6b0d1185e5f3059b7aecce4660aa308168fcc492cf90b82a0806a4da789e,f0f0f0a4e6f8f0d9,train,train,2,2
005018,500,331,RGB,1.5105740181268883,c2de7c4f02addc74ab570d76d4072070f0ccdbd21522bdbdcc10662493dfc79a,c9e4e6dc6666f2f0,train,train,2,2
005020,500,375,RGB,1.3333333333333333,ae01d55625bc59d08fd5c532b6fd22688ef08306cb61a1ee7d365e5b1c0a8497,6cecd0dac3c1c0d8,train,train,1,1
005023,394,500,RGB,0.788,72938fb43296869fcb55f91574991b70a2de85c93a127ec36a7e28f0dca65e6b,cbb0115bc7a66677,train,train,1,1
005024,500,375,RGB,1.3333333333333333,080d7f81e1cb625adb7b68b3a87aad18a46f16ced70ce5bbac50505db4e3676e,7af2b2b9b9b9797c,train,val,2,2
005026,500,375,RGB,1.3333333333333333,a7fb69e28582469337be5b6c206a2ecceac83408306c9dc4ffd80ffed126bb9e,f0f8dc8fe3573e7e,train,train,2,2
005027,500,375,RGB,1.3333333333333333,e440ff45f4457e5cec306fb220043ecafe0d8027bc4e17aaea509c75d2015325,796d0c6ce4b579c6,train,val,4,3
005028,500,375,RGB,1.3333333333333333,a3c937f361de9303fe6772a3a978ab240886852caaf75eaf766b8dc1d3868535,a00ecf99dd51091e,val,val,2,2
005029,500,335,RGB,1.492537313432836,59b9c429d6bb35b28c95b0af5778e24f03b66a5bedf5aeb1c4aac5c194559418,6900440cc076f000,train,train,8,8
005032,335,500,RGB,0.67,bd17b8a9614abfa20238dd34893bbae6548d93f9b932f8bbc8ab5329a3c3c0dc,be989e96371e3e76,train,train,1,1
005033,500,379,RGB,1.3192612137203166,507ed7b535aba92d73a18f4b5ed3a20c81733898114315c13ca0956875bea820,646973694d434975,train,train,1,1
005036,500,334,RGB,1.4970059880239521,8e381e8ec24695c1d86a842a51d903bac9b6be2834df96989262b0eb427346c1,a6b733969626e4c0,val,val,5,3
005037,333,500,RGB,0.666,3459693604ab86ec13f94e87fadbc580fb72af95e9b1e2c193b5ea0d12d4c84e,0663163f36175b7e,val,train,1,1
005039,500,375,RGB,1.3333333333333333,55b5f9c6e2b27637ec875bf91d6ea0b74d32bd861770e52705f3e8ab1eb9a7e6,cedbdbdad9f0f373,val,train,7,6
005042,340,500,RGB,0.68,7ffdb729cb4d727b45f234bb9387658dc7ad50fcb9f84ff84bb760984a0dc62e,3763232533333380,val,train,4,4
005045,500,375,RGB,1.3333333333333333,59f5e962614a05f1387adc112df5908bfb66c23cf3514592c4131bbfe99d5265,61b3a92d64642432,train,val,2,2
005047,500,252,RGB,1.9841269841269842,b01bbbaff3d5eb8767de1eb6c2f6c385bd9527482f51c622c805714df8632056,f0ba1b16dcf171d1,train,train,1,1
005052,325,500,RGB,0.65,108ce70b45ac19180156d6b1efd3789f92a06a08190b9663f7b45e3aa4ed7435,c9afaf6459995336,train,val,3,3
005054,334,500,RGB,0.668,d5c1e1f2e49fd676e87f62ae7913364e3cb58792b579fa7737ece2883a410bdc,e69667e3e3f1cdc5,val,train,2,2
005055,500,375,RGB,1.3333333333333333,19fae22bdbae45a6d8f30e32120e448da654b3a33c3810ecb51b5fac9e42143f,f0c2cac29b88c281,val,train,6,2
005056,288,372,RGB,0.7741935483870968,3ffaca21279b2b7a77a75bb510cc6ad92eae90b694522912258bc0f980d2829a,9d920d0496060e1e,val,train,1,1
005057,500,335,RGB,1.492537313432836,860ea04fcd297cda0ce0dc082daef13e1cb0e78194e3f75f06cd453768d53b35,9c96523a0e8e8fc4,train,train,3,2
005058,500,375,RGB,1.3333333333333333,3571907032de8359a5cf7df11a68a46557e8112bad61aa4708f5a23df79c3d6a,e1e1e5e1e961a1c0,train,train,2,2
005061,500,375,RGB,1.3333333333333333,68769f24df94f16d289c462db48c806958ddafd8ea19cc5155e31c2159776cd2,806060414a46dc2c,train,train,5,3
005062,500,375,RGB,1.3333333333333333,762ed8dfa4986522939a0b2c6b653b1825943bc432faa965c3cf16642c1cd199,2328a412c7c7e9fb,val,train,1,1
005063,375,500,RGB,0.75,8814b41f3aa85533ec2fda9ca2b12edc0c962b88f31aaeef9d4512730aec5798,3ee7dadec9585c5c,val,train,2,2
005064,500,375,RGB,1.3333333333333333,ad2819f1781399711cc4f34623454ef418a8a36dbfb254f0796b97cd502262c7,c0e0b6866426908c,val,val,2,2
005065,500,375,RGB,1.3333333333333333,f44ca622a97320e8dc091dbac3eb366276b32668f3a62b1e91266824382269ec,f03c3f33298bc3f2,train,train,1,1
005067,500,333,RGB,1.5015015015015014,601f365cb172cc4f703ebae03b83b380147a5e502a2e29f40652b338c44065e8,d8c0e3e1e6c64703,val,train,1,1
005068,375,500,RGB,0.75,8ec5c03d9980815f0c2db2ddb8194b9fee1f13bff5b4e37dd32be276fbd9bd5a,810962061614868e,train,train,2,1
005071,500,375,RGB,1.3333333333333333,74a407f383bcf1ffe99f2654c529a6264ec644e6a386744df51a547e94e4d047,c882d2e6c8b06032,train,train,15,7
005072,500,333,RGB,1.5015015015015014,3748331e00429bafe4e93fe6ac9aced03bb6f65584cdafbc9d8b8663e881cfd8,8000081ea9e79c68,val,val,1,1
005073,500,375,RGB,1.3333333333333333,3647f74ef51fdec9aa2b80bfaec66782451d7c911342f3c281b12ad66742a46f,7058ccd8e2b08f8b,train,train,7,1
005077,500,375,RGB,1.3333333333333333,0b231e18a50c5851b281c5612908915594420e64fc68eb532157d5d645bf1238,e4e606462c0fd8e7,val,val,1,1
005078,500,375,RGB,1.3333333333333333,15da6e0460d44817d43ab26efe64692ed6dfa4a8a13306a96f073f4c25c45f2b,603199a3e3e3c068,train,train,1,1
005079,500,375,RGB,1.3333333333333333,7f0109a01629f43de04963656d9f6365300c09d7b9619f0852ba1c9ac35f5973,00042bd31b4e4810,val,train,1,1
005081,500,281,RGB,1.7793594306049823,50fff69f53c1856cb6f1d2b63853aa3c531ccbe9615674d2e8c4a3ce7b77e6d1,4b62669a3318149e,val,val,12,10
005084,500,375,RGB,1.3333333333333333,d6d6fd4392171e5ba53c98dcccd17c88a3c1dd0d65ce2a2102d4dc9c8f45a1d8,c3c1c4ccd9d8e0b4,train,train,2,2
005085,355,500,RGB,0.71,0669534dcb1e9be755a6393a9f2317c00cdfe5c4f80f8c87cf0639683a5a3e03,e1058dc5ed497860,val,val,3,2
005086,500,375,RGB,1.3333333333333333,cf2a4dda6ba7a8e8d5c7ae91808010ee0224509a20aff0a60d15bae4f386c5d5,9fd85d34ba52486c,train,train,4,3
005090,500,352,RGB,1.4204545454545454,fea1251c97326a4f27781b96fe369d723364425322408575a198673c370c284d,169998c2913170c0,train,train,5,4
005093,333,500,RGB,0.666,60ce2020638141b5269d50cbfe719a0463c1d75c05dcb134650e642a4d024fb6,30313123c79b9b9b,train,train,3,3
005094,500,375,RGB,1.3333333333333333,338c0e195a022941cdf66f56c65e32bfaf783ad205556f41f27bf4cc4276ec36,f0e0b81ed9e32230,train,val,3,3
005097,500,375,RGB,1.3333333333333333,5579daadeb0aae22c5936b75f8d49c2a2b2daf8e37c712a96d4223210a7f6c67,9460f0b2eae0e0e3,train,train,4,3
005101,375,500,RGB,0.75,5d200afbe817f2e2b8e3df24fecb8b0adbfdb5f648d5a17751e8f8e529493569,07f393c8989e98a0,train,train,2,2
005102,500,375,RGB,1.3333333333333333,04796770f2e66dfb5b5d089af18c3d2670e2939ab1fb3652665939146d41bec9,00200949889010e4,val,train,6,6
005104,500,333,RGB,1.5015015015015014,66f32fcea1114220a912819f7616a23933887a412a3bf7120e82226d6f39c80c,9898dcec63f1d4f0,val,val,3,3
005107,500,375,RGB,1.3333333333333333,45d3dec9a743fa9dffbc89e5552ff5c49d0460a055f5dbf0ac5c873413f4b2a7,1fb0b12171b3bff4,train,train,2,2
005108,500,281,RGB,1.7793594306049823,479862e0ba8a4e6e378fa1db623b577be401b1749ba05f3c4f7d9519f4e6d1fe,26063616c6869e11,train,train,4,2
005110,500,375,RGB,1.3333333333333333,3a064ec4c3883a4b87cb0787dc947c70cd3f4e04b6baf2bcf69d69380a7f1722,9a1e1ce670f0d071,val,train,6,5
005111,367,500,RGB,0.734,870076340e9400c9f7bde78585102362e967065af086f8a6e9033d064d13e2fe,c3834d89d9e626c0,val,train,1,1
005114,500,322,RGB,1.5527950310559007,71c3249d955beba6424a85874a963b2bed69dad1b6fb5857a0ed16b2815409d5,412d6c9793b2c0cc,train,train,4,4
005116,500,331,RGB,1.5105740181268883,456b82de936b0a4fc4bc0f8a40d95ba5ec821007cfddbb05401dd2ef9942c0e0,b3d9cceccc948cc4,val,train,11,10
005121,500,333,RGB,1.5015015015015014,1095ab3431182abb6bb54d48da7ad22e18ad9640c41837f783e268e054c4d509,7a79b9b9ad587830,train,val,2,2
005122,333,500,RGB,0.666,28047d98505b43d3820d72ffeaeeff72b3d90994c44f1e64a8e7426403b2e7c7,12f058f865dc6149,train,train,6,3
005124,500,324,RGB,1.5432098765432098,217ee99dcb8b09670530d6ffe7b674ebe5074386661ce2d9194251f2f9c27dcb,dc58de85a4c0d272,train,train,2,2
005128,500,375,RGB,1.3333333333333333,17c5fc68bd8fcf36f61b1e22aed2a13f0c6b54bd261a8e25bc4445d8b5ff58cf,001090f868981002,val,train,1,1
005129,500,375,RGB,1.3333333333333333,fbdb1feca6241c8820f330b6ca4a407a6f10ef136d66e7f132a86987d5de4317,1e9e3e36774fd80c,train,train,7,5
005130,500,500,RGB,1.0,da355afbd42240beb98f4614a97a6bf8167aa864c0a55f0be79909009d28b796,9e29d274511ba5a1,train,train,1,1
005131,500,375,RGB,1.3333333333333333,203e36bf0f0dee07b9377f2cf3f673430ed74a381863716568e452573ea052b5,f8b861c9c0d2f0b0,val,val,1,1
005134,500,375,RGB,1.3333333333333333,454846e55fe5221a168e832a038d3761a5c02481c20a49703962344d9306750e,0e1898440c83e0c5,train,train,16,13
005135,500,332,RGB,1.5060240963855422,d8097297813736de244cd67fd57c01e59be910332bf6e799cc933f6925e56539,cccc7633727c79f3,val,train,2,1
005136,500,375,RGB,1.3333333333333333,d12c89e48f7ab196fc9c666b42a0f5e666289cc2d3ea14fef3affb6550d9245b,e662c1096303c0fc,val,train,1,1
005138,500,445,RGB,1.1235955056179776,c3ced926edf0be045317fbf5d3357b166ab90fba7bfe112203b630505708e81d,3b1b97e6277f6ecc,train,train,1,1
005143,274,289,RGB,0.9480968858131488,146c1f38f8177be61d7334dae0697083a962e0d170a1d30a1c686d9533e0b5c3,8e0e2f24ada3d987,train,train,1,1
005144,332,500,RGB,0.664,fb36f663c7ef60e338b96a2f213e024580b4aeef41534435bf28950343f8ec39,8e1b33333367ed6d,val,train,1,1
005145,333,500,RGB,0.666,3e966c82a17cc3539e7aad1bd427deba904715d067b3f0935cf4bddb28152e4e,1f076e5c5c4c396e,val,val,2,1
005146,500,303,RGB,1.6501650165016502,fb25930bd7ff5043f1512b56420a3337c4cbe99b3f4b21679428a25a023324bd,b4b4f4f62e5d31d7,val,train,10,10
005150,500,400,RGB,1.25,08362754e3a839b3b9c873997d249e426016207a39e08f4088f13e4fc1600a4b,f0e82c7db121c59f,val,train,3,3
005153,500,375,RGB,1.3333333333333333,66a872626b98743046e27b7c72b4efb40888ac7409d2e3c8e51dfa88f02c2d6f,189693e6a8111c0c,train,val,8,7
005156,500,375,RGB,1.3333333333333333,d3ec77f39888ccab13537530b73eda14ddcd4a1909bfc8b177e729dce668d826,fcd5b3d9db1b2727,train,val,4,3
005159,500,375,RGB,1.3333333333333333,b99e7b9876e76b0197d17720fb53d08ccb6fe92da73beb8ebf62b192f1e2ed77,c20018694c0100c0,val,val,3,2
005160,500,375,RGB,1.3333333333333333,7aa51b684edb8d505a42f17581fda9321f3b800435b5252f7ee34c9332d5d938,91f3f3f2f8e0f232,val,val,13,9
005161,500,375,RGB,1.3333333333333333,a9206ab7f6d251590235d50621e9d92d9fb0e0f7971215815122b20155734c0b,9a48cada5b38b670,val,train,12,9
005168,500,333,RGB,1.5015015015015014,f816bdd9d1fe58fdfc5d6e5f6e486f225189d6d37dca6591c1cb2c0cbb587972,e0f0fcaf1f7ef061,train,train,1,1
005169,375,500,RGB,0.75,6a5e8ad83114dd4a5572764b29f5c213053bd27aed275a73b3ebde9beff78068,76f6fc78f8fceef6,train,val,4,3
005171,500,313,RGB,1.597444089456869,35738345a1b0fadb62732f31c928f5a25299b91c78f8036e541446eadd5e7f88,f060b0bcefb3f0f0,train,train,2,1
005173,500,289,RGB,1.7301038062283738,f5e76dbe94ac318bd7f27e965d8b0e53566f431ce84576a3a7a753fcbafeafa2,e2a3cd2c673315c8,train,train,17,10
005175,500,375,RGB,1.3333333333333333,cb236fc11bfb7e7b9ef3fa9e02916c48b93184b6086e3e280cf64b044c046328,0080000095bdf8b0,val,train,5,3
005176,500,375,RGB,1.3333333333333333,d851a5bf0116792d8330cb6165ff6eda56e9de4f5b0a581c0afaa187f100476f,fe7a53d3b723490a,val,train,4,3
005177,377,500,RGB,0.754,95534cc097170ddad1c94ce062b0a4a2865baaa4f12faf74f9488fff6ba1dc8f,3e3626cbc3f4d6fb,train,train,1,1
005179,360,270,RGB,1.3333333333333333,889eb70fd9300af3ac0e6b2eb80e9078d1200b7b724adeff900c8e50b068c02c,f8e088f49e38e0e1,val,train,1,1
005181,500,375,RGB,1.3333333333333333,8d3ae90e7a99fbad72ce6b81a81e4ea5a2861429604988a8de1c217dbf50f29e,e4a7e6e4a4d4c9e7,train,train,8,1
005183,375,500,RGB,0.75,a6acb654c3d611a9e202c78c7231b8c7dd5bc306c572393b16c5872b558bb0c2,98ea642d883ad8e1,train,val,3,3
005185,500,375,RGB,1.3333333333333333,4e31fd3f1c132e6d12331eac00685bcdaca157dc3663b27cedb65571df7f1272,0c8cd8c949c8e0f4,val,train,3,3
005186,500,375,RGB,1.3333333333333333,b8ddd2f39ac76334939a6e15bc68fca4744d83ec4bd75e31b9c8a4ffdeed481c,e47466262626e6fd,train,val,5,3
005189,500,405,RGB,1.2345679012345678,ec290af0e8683408fde299d4bc59fbe5460264fc7cf928a6b0f7b80f6cd3ca2d,c4c4ccccc8cc4cdb,train,train,2,2
005190,500,375,RGB,1.3333333333333333,eb087c543f0c8c5bcc5c3ee94db39c931e361688fbbb1c7eb0a782f7a21f6c42,e8cc8cccced3931b,train,train,2,2
005191,500,375,RGB,1.3333333333333333,84e45f79358403083fd6be6ca6cdeae442b297d70460621166f3ef634cff7b9e,993d2deceae2a0f4,train,train,16,10
005195,500,333,RGB,1.5015015015015014,02763f827eee7549e9d929bd3d8c0d1579dde00af2681038dc329e6bb754d0d4,a6e742e4e4abe9f0,val,train,8,5
005199,500,375,RGB,1.3333333333333333,b04041e7fca0ffa555acb15339f7028d51853165b64f5bb84065b0cbfeceefc2,c4f87fc5d85f2919,val,train,1,1
005202,500,375,RGB,1.3333333333333333,c3f1e3a82ff0fffc59284f7088766546155fd0969a02a1b6b93ae49f02f81be7,a2401cde261e7c94,train,train,1,1
005203,500,375,RGB,1.3333333333333333,bae99dfac378a90eafbf74853c41299204460aa09c23749f5781fb659f89a1fe,84b9c87176b4b4f6,train,val,2,2
005208,500,333,RGB,1.5015015015015014,40db9d2eeb4120b9be5f53a9359b2a7c231b57d3454eee753a9e1aecb42c4881,85612d91909213b2,train,train,1,1
005209,500,333,RGB,1.5015015015015014,12c5a68266a7b3caf165d46b1336fdcb3289ad705c33bf8be861132038457349,c10161e8d464a68f,val,train,1,1
005210,500,281,RGB,1.7793594306049823,a7393702375ff0f6101eb8b77367a926ed9e0af1ad16eb33e7b6e5b91ac4bb78,387460f8f8b3f37c,val,train,1,1
005212,500,333,RGB,1.5015015015015014,d176c4771f9ce186c38ed32f0471816cd4c355538167b435166baff3a5e3af32,b9d5313272d3d2da,val,train,3,2
005214,500,381,RGB,1.3123359580052494,4cb26aadc8f5011030d0e8076a5073aec29025f7d2e47d118af7a43e8df52e5f,9591d0c8c993874f,val,train,1,1
005215,500,375,RGB,1.3333333333333333,c7677a9f441c675bd01d25e9c909338e3973d539fcebea6b056a818c60a72808,24369aada74f4fa8,train,val,1,1
005217,500,335,RGB,1.492537313432836,f668be9bed6b0204aa777e6a99fc0aa311c3708315039c2672e5cdd842539824,f0f0f088fc9ca7f8,train,train,1,1
005219,500,333,RGB,1.5015015015015014,0065f60d0e8b989cdc25e74753a9d75c3b70f27b7d4a5f5a219fbe3a9c4f4ed0,b67e3a32e6a6eef6,train,train,6,6
005220,500,375,RGB,1.3333333333333333,7b0958ca57effc4c38314087303c702614570e2510c8aeaa092b16e35137be70,71726275725296b6,val,train,3,2
005222,500,333,RGB,1.5015015015015014,0320cb70984285ed90bde051ba9b412208095fd773f6f383c6ee8105c81b74e9,e7560ccce0d1c320,val,train,2,2
005223,500,375,RGB,1.3333333333333333,8d4ecca14eb7928b5596c3d2f754edd6d82a7e0fd267a9cab35757bf380cbc31,c1cd278f8f8f8e0e,train,val,1,1
005224,500,375,RGB,1.3333333333333333,4b830f4eedc4dc51f279db980ea8f01c08ddb0e81446f5e0fa8108936024eefc,60ce2a3295138ef2,val,train,2,2
005229,500,375,RGB,1.3333333333333333,2e130de8acd41e96a22cef827e046004dfbd9adeb6f0ef93d985233dc5eba69a,7eb2f2f071b13351,val,train,1,1
005230,500,374,RGB,1.3368983957219251,11ff7ca83f5df534d2de448b349932218029d839ee06d1b86a36726c51ff2c28,ccc8de9692960000,val,train,7,7
005231,500,375,RGB,1.3333333333333333,8e34964254535b79c04067d304848689edc101133080b53a6d1d895a9643414f,646604c4cee2f393,train,train,4,4
005236,500,375,RGB,1.3333333333333333,aff94a9af677fea650c4f605804632a99849d33dae022987d7206a1a3ac7efd9,83e3998ea6272f9b,train,train,4,4
005239,375,500,RGB,0.75,baf68095ea0d23f5aa8cf0d869957a541b7fbc4cf8277e13a5066c66e620d474,0032342cdc1ae0c4,val,train,4,1
005242,500,333,RGB,1.5015015015015014,a782145d08d77c4f8139e106917a7c9b61a2e1ae3b337be4cc9ab1810446d6a5,60685968f8f8c4d4,val,train,5,3
005244,500,375,RGB,1.3333333333333333,0b3989773cbcaab38f1ba645a371f268fc0aff3f6013047e4b5ac0472b6ae2e7,d5d8c8cc2c96866a,train,train,1,1
005245,500,375,RGB,1.3333333333333333,fb4375f0b0d26f980845dde204373cfc07cefbdf25e6b139b1df9997c7f10ffe,3d99595391e6c4ad,train,val,4,2
005246,500,387,RGB,1.2919896640826873,77623ea7106c4beef8b4ddc2047908a4d07533a6e3987204a9eb35a2c6a05e2f,e464b1e9b0988ccc,train,val,1,1
005248,500,375,RGB,1.3333333333333333,2848b79047d08fd595609a6d51dcc5570e03c5b675f7afb0aa7ba46c4b62f2fc,5389877625319981,val,train,2,2
005253,500,333,RGB,1.5015015015015014,ee183aa9a86b9fed07595cdba5d9ceb0c0e42c857e14605cdeab90b7d4ae7751,b2f03070b098cc8c,val,train,1,1
005254,500,375,RGB,1.3333333333333333,b68bb4242f4393cc1e9f8a67cd5d2234fcdb5f16090b0cd194c10efbf8dbe15d,ccc094e0f2e6ecf8,val,train,1,1
005257,500,333,RGB,1.5015015015015014,976d04b9ded150bd79b1773bbfadd7b66d9790843beb09aae78b8f9424f5e3b3,800000244dccccbf,train,train,2,2
005258,500,375,RGB,1.3333333333333333,b0ffffc623b15f8568e57522794d5bdf21a06dbc62ea37deec12e840159e246e,9151a9f0e0a5f6e0,train,train,1,1
005259,500,333,RGB,1.5015015015015014,d1a7eec9db5476b99129f61a61fa10d5dec4eeaacbde83adb9a3f7704db6d262,93c6e7a1b32b4e1e,train,train,1,1
005260,500,235,RGB,2.127659574468085,2f65736003892d320ea4b485d9ebebdfc6b09c4de57784575714994053ad9c1c,c6871c906f4c4c70,train,val,4,4
005262,500,375,RGB,1.3333333333333333,8621aa742dee72029e5af7b830f677b534c9df39b6adecc24401c163a223a217,240812d01984f0e0,train,val,3,3
005263,500,375,RGB,1.3333333333333333,472b66f627606b8a8f849d7c48d9f2b08c3137300f99d615a98c0fc09f54af49,99c9d9f8f0e6b496,val,train,1,1
005264,499,500,RGB,0.998,6a75109b0ce4bd1643ff7d3709f3e6cdce47c1efdf0c9a8c87c4ae3f182aec7b,14ca9b9b93919113,val,train,2,2
005267,500,335,RGB,1.492537313432836,1b8862b5426d95322dc934cf9178e7eb8b07eabc985ac4e502e490fa172ed504,4241040a58610b87,val,train,1,1
005268,500,375,RGB,1.3333333333333333,48cf2dd944d2235c2ede383cc91d70c073d3b6a0fd7ecbd04910ab5dabe61178,6ee3f3b3b9912307,val,train,4,4
005269,500,395,RGB,1.2658227848101267,7221b9bf88930710ac42f0a52916568b7af0bff9dfdb468ea578be14df630552,0018ce0e2e0e7ef0,train,train,2,2
005270,500,375,RGB,1.3333333333333333,6072c44456be2af1a1230d3693703e2514a990596ca992ff7c50ca51c6710bfa,0306002060a26040,val,train,1,1
005273,500,375,RGB,1.3333333333333333,6591a2113a6c350d1c412fc3c692e11ac0ec242a923ec0f52f39749602338bf7,c5f12222dc4cc8f8,train,train,5,5
005274,500,375,RGB,1.3333333333333333,79974aea292a38ae289d8da46bdfa16d173224a5ab7c3efd9c2a69013e4023fb,30189c8e13131b1b,val,train,3,3
005278,480,318,RGB,1.509433962264151,63709de7a91c464bc63e7c0d00253fb89316ddd6575f379fc089cf3ca69b720b,a88e8c9c461eb4c0,val,train,8,6
005281,330,500,RGB,0.66,4094021987dd98a3301cd2571a4c093c8ca889571400f4735937f0b03ae2565d,ffffea6a4cd8a8e2,val,train,5,5
005283,500,375,RGB,1.3333333333333333,d327cfd3fcf7bb7ae3094dd16f3cbdcc2d9c124a0a606e74d303e56795acff8e,9ccbad8553b7cf4b,train,train,3,3
005285,500,375,RGB,1.3333333333333333,b7bd6a0de94cc8145762458e3f0114b5be8e095cb0de0ac0183e7484f0d56c38,09c1b1b82c3e9e98,train,train,2,1
005288,500,375,RGB,1.3333333333333333,6627236db425e2116bc35830ed47a631ba82276ee67663c6bbc2c1875eb8c850,5870592975d0e040,train,train,1,1
005290,500,333,RGB,1.5015015015015014,4b1100dc145f6e435d449b7e151d3c960d7ca56192736a00118a9231b633ffaf,c080c0acc89080c0,train,train,1,1
005292,500,376,RGB,1.3297872340425532,41e786a7d05cae35ef28933acec4b2d2f0d9602ecf5853dd8ddad8d3812762bc,4060606918ce9b9a,train,train,1,1
005293,375,500,RGB,0.75,de2409a34d36ac05fb4aeb718a8811f4217e35212a09f91e278bab7bff515ef3,61749d76b98edfc5,val,val,1,1
005297,500,333,RGB,1.5015015015015014,fe019d84388621906a3baff3885d78b8cbd95ba4b5b1eda9b79abb3fb7cc4ec2,b0b2b26168e266cc,train,train,3,3
005298,500,333,RGB,1.5015015015015014,f2b2bcee2d00fac40d34c73ecbabab94348fa21efe085c3e72b6b7cd49a1f40a,f2e6d2d666a69692,val,val,2,2
005303,378,500,RGB,0.756,6c9f7692abaa090fb9711a77a1f8383fa4b5bb81a5b40a3da6fc9e814569bd24,8035604b1927e2f2,train,train,2,2
005304,500,400,RGB,1.25,cc4eb0e6763ac5fd33f4662bcd6e00193df2f2dfe8829b68b8558beead45dae7,b725383e1f115b3b,train,val,2,2
005305,375,500,RGB,0.75,8cc1a2b45e7401f33d28e9b8bef6528f555bc78d5728249a9a3eb0efdeb8e586,4082968c192d361e,val,val,1,1
005306,500,375,RGB,1.3333333333333333,d9ee754f420ca79092b348c598ec277b52223b74bdc2e4faa6351d8a57c72ccf,c6f0160b337b3a3b,val,train,5,5
005307,500,375,RGB,1.3333333333333333,8bdefbda834fc238ed0d99bdb5618c2ca6609c5345cadd8a5043bb74d6567609,281af9f1e6b21849,train,train,2,2
005310,500,333,RGB,1.5015015015015014,5ff7d3edac0143c318f72ceb370c04e07367f303d54dce2559c33b9558881294,b0b09258dccad880,train,train,2,2
005311,500,332,RGB,1.5060240963855422,b9b8d4690376eabe653409d7c28990b65aad97ec0ef015cccef65df96352089c,37466ba9eace5c1c,train,train,5,4
005312,500,370,RGB,1.3513513513513513,a4d40868b52ba4fec5e8c9821ea909ee1b7c5c2a85580fb764cfde6487d82736,44189ae767662726,val,train,1,1
005314,500,375,RGB,1.3333333333333333,2936835bba815861b3a86bf837c014dc13b9427b12f4c79d789a4b6d669f50af,a1c5e13133a6a65e,val,train,1,1
005315,500,375,RGB,1.3333333333333333,375fcdaebf95f40ae1fead265f567a42684b49b0ab0d7b18e9fad0de9d96ca5a,98e4c8ec2c58a820,val,val,2,2
005318,500,375,RGB,1.3333333333333333,4b64e867af7e25788312f65a566f7c7e593771a9039a11b984482300b566f136,33b9bd17131b2f06,train,val,1,1
005319,428,500,RGB,0.856,ecb0b4bbe1d327712395f9bfab0f78c7ef88af81df48043420ba85ff5057a4fe,e58603052839321f,val,val,1,1
005320,500,375,RGB,1.3333333333333333,d5e11a31abd6b840630c1c4070d0530c2cd95eb08f96aa7b0cc717e5c14010f7,d9fcfcf9f8fcb8d1,val,val,1,1
005325,500,375,RGB,1.3333333333333333,680da403674896fc9a424a348497358cf92d2e1b3104abf7058eff52e2f305f0,9a231ae890b9f890,val,train,1,1
005326,500,376,RGB,1.3297872340425532,19ccc6f0fff178cd7c297892d3d328555185f5e42f2dffd950c396e38cca5846,7cbfb358c777f880,val,train,12,4
005327,500,375,RGB,1.3333333333333333,c267ea45ed96c0cbb7bba07516056828101038374e96c5b0bee874de03e9845e,20203010490c47ce,train,train,3,3
005328,500,375,RGB,1.3333333333333333,2f1b00e028b5ab33e2c6cf34894d504c35de763bf237238ed9e64d5c5afe256d,d8d2d1592a3a24b6,val,train,1,1
005331,318,480,RGB,0.6625,ed19da320566e56d60749560afe2d3ac83d234b74148e351cb26d97076d31fac,d622325d5f470d2a,val,train,5,4
005336,429,500,RGB,0.858,a48caf171d5d95ef85066a960d6636e2b2fe2677499caf767dcfc2559c496ef2,57c787f693190b63,train,train,2,2
005337,500,223,RGB,2.242152466367713,92befc7cc54bfaf1dcdceb06940ec8324c4c88c56297750c62d544af5ea0eafe,fef468acacbcb8fc,train,train,1,1
005338,500,375,RGB,1.3333333333333333,bc538f77cdf157621ec5add1769df8e61709950bdd477719d8b75bdbfa6c805e,2c3b27264726f7b7,train,train,2,2
005340,470,294,RGB,1.598639455782313,1b23447279faef7e41e6428b7e3f7d3e860a4942731846dfd603d9e189a60061,1e844646e4c686f8,val,train,1,1
005343,500,375,RGB,1.3333333333333333,1ad55eb5db68441da386ab8383972a6b507b24a76db84d46c8068b21ce8c4b27,c73f37abf3f16968,val,train,2,2
005344,334,500,RGB,0.668,62744a8ec1de1584829a74a7846f8c879eb7cc0d4bc4bf631e17561bcdd1f04f,ef918ccc8b8ccdc5,train,val,4,3
005345,375,500,RGB,0.75,34cc313ff5448f956279105730643544e0baead6344d58f2c3c53ce5b1084a12,cec349d9cc39e669,train,train,5,2
005346,500,330,RGB,1.5151515151515151,3afc04bce16cab6ee65a940acc2c3c6fbb2c27176432332bdaee8b9db0f8b752,eec6b666eeebfcf4,val,train,3,2
005348,333,500,RGB,0.666,1ee18197fa48a2dccb67047aa2aa58fdda351d2e4d7f9ea1ca114c1e2395efab,58b933f5fe6c2c2c,val,train,2,2
005349,500,375,RGB,1.3333333333333333,ba8e1df45c2bf5f6356a5832ac5ed240ab2241c80fef78aa7b884d2f90d57953,e6cbf958b9307074,val,train,3,3
005350,500,333,RGB,1.5015015015015014,3f9ab9a929c06ed27b01f5508764097ddaddb571de3137c2e7c5c97a13176a3b,60e8c8cdcc163ef6,val,train,1,1
005351,500,375,RGB,1.3333333333333333,caa2ae88bf3f79ba8e414843913ed4ad5b586859e5ed9fee02d6318d4f997c16,e2c2de5742921125,train,train,8,3
005352,500,335,RGB,1.492537313432836,ba7c393da9a466d0951ed2609071b3b44edec09aa28c49be392c8dd05b3d6e6c,f4e060e0a624b0e0,val,train,1,1
005355,500,375,RGB,1.3333333333333333,42bfe192765652961ac09e2fdde5974120853a8c9f85cb7a50025dcd9b9c2209,f8d6d9c9873f7996,val,train,2,1
005358,500,375,RGB,1.3333333333333333,68e11d82049451fb1f070e1a8761cfaf4028cf0c25b3e5fefe84058b69351c85,c0129691095d61e2,train,train,2,1
005360,500,335,RGB,1.492537313432836,8dd793f1c671460b8ae61dceaa5cfdaa5351948947da4256f8e40a541a9d33d2,e0f4832adc8bf0c0,train,val,2,2
005363,375,500,RGB,0.75,97a2ff56471654d083fe7bb023f53d4dba502f86854e3089d43b3083460d8363,98c06d222b07070f,train,train,1,1
005365,500,376,RGB,1.3297872340425532,6cbb252634cbe79c1add9910ef660d74d026ef2e9814a9e480ce3d971cbd211c,69e48d0d0f322a28,val,train,1,1
005367,500,333,RGB,1.5015015015015014,55c4c2d016ad12b2ece08a37412ec642ef1488b7839e3d0962a7b7ab4bf105e5,194dcb9fcf1e1fb1,val,train,1,1
005368,334,500,RGB,0.668,0661332f517ea4eac977234ac04af4d05e3a8bd07049cb6acdbb7e46832354bd,336c46290b4f5bd9,train,train,2,2
005369,500,375,RGB,1.3333333333333333,0ef98e8ff853e05fc82b686c663ceb5b678817e4f10deb993ff27b3937f3d025,f8f8d0f8c8d0d8d8,train,train,1,1
005370,500,333,RGB,1.5015015015015014,8a533069876a476394ad99587ddba0cacd7629add9d5fffe9cb6ae271a0506d1,fffffec040deff7f,val,train,1,1
005371,500,333,RGB,1.5015015015015014,0e7b3eba860fac2d71e222a0c922a7426504dca038c353da163bc7849b3c2a64,fcf8f83c1c1d4564,val,train,2,2
005373,500,333,RGB,1.5015015015015014,b454b336c24196af78fbc63901c988ec68218baab8fadf29558f581aefc7e0d0,4449c9ebe6d4e4dc,train,train,2,2
005374,500,374,RGB,1.3368983957219251,ce6bcbded5319a42c81b88650987be9b07c49f9a14545f88bc9a8715002fd7ec,4ccb8fcf56cb9b83,train,train,4,4
005378,500,374,RGB,1.3368983957219251,25f14379d6289018aedef031a12a122b5bc6daf3ab6496145fdf6558513c299d,bc6e6c683ab8e186,val,train,1,1
005379,500,334,RGB,1.4970059880239521,c2d8f8454890e825723e0b5b68aa4fdecd6f5916004434ece4d03cef3f78556c,d1c39b6bcda31311,val,train,1,1
005380,375,500,RGB,0.75,c3516be822b2527f4ea9bf9b5391be8a8d427a5c2f20b3d889cb025fb89edbe2,3b1ded5c0c8d4c25,val,train,2,2
005383,500,326,RGB,1.5337423312883436,0fe0bbb4d34ef1ec607f8ffa401ae38513286dd97b55f70c809e1a2494a5810f,d8b4d4e0616170b2,val,train,1,1
005384,500,375,RGB,1.3333333333333333,6260dbdf32baaffd55ad318f172da7eac82df69aa41a6ff3db3203f06ce5e47a,79dc9a98f8e0e272,val,train,2,2
005385,500,336,RGB,1.4880952380952381,fbbf9028f790d7b5960bda1b6a8a7fe03d8914229ad27f7366a632f05e0d3b8f,b3d3b1f1e1c4e449,val,train,4,3
005387,500,375,RGB,1.3333333333333333,83466608a863e2e2a20d3e279a00928f1cfef8862e6e6269e7fd8f959d5f7588,c4e4ee743e5b32fc,train,train,2,2
005388,375,500,RGB,0.75,eb2fe9dcb1a16691452b340d0feed5ac2ee3b46b20a721a67814fdfc0f609fe6,d0a8aca8dfdddb83,train,val,2,2
005389,432,244,RGB,1.7704918032786885,c0822d6a15f8b7c5cdebd57d678fe4bd0946b31135ba916acf474b1d4821475f,06916151591109f2,train,val,1,1
005391,500,375,RGB,1.3333333333333333,e1a94ca97f08b5042b00a5fee02fda7b50bc0e6447002841e6b889b98f7ad6de,dac841338770e0b0,train,train,1,1
005393,500,333,RGB,1.5015015015015014,8b8d55bbbc3be68adc4ba04837081d9ca436fe1f72cf0468e2eab5e45672b8ae,d0682e06f0b0f0f0,val,train,1,1
005395,500,375,RGB,1.3333333333333333,d4b1f741689f2bade638df91459fbdc338ad2515792d4bbbac98b9713b9ca903,f8fcf2b3dcf2c8cc,val,val,10,6
005396,500,475,RGB,1.0526315789473684,71e519dbc83800098639d158c5b905ccd6aaa5b3d9987fdcfcfaf1786ef398ae,f0f0d2d2d0f1e4e6,train,train,3,3
005397,500,375,RGB,1.3333333333333333,07703bf97ca8c8c41ace9d3c9f8f0aaaa2b6ee7d0caa93aa6299aaa61efb1aa8,2336c4e6baac84c2,val,train,4,3
005398,500,375,RGB,1.3333333333333333,8a2b9924b85b0c16a7aba69b62de7acabae4339b2bdf064a623ee00d5e8b8ab4,c11924523b3b86c6,val,train,3,3
005404,500,375,RGB,1.3333333333333333,f00479ffef6ebb280bc1f75cc4c209aa7820b83333df66d60e20d3811f31cfb4,6c6c26a5e0b393f0,train,train,1,1
005405,375,500,RGB,0.75,f1234926e7a393dfc74b2bb173694879ee350c8d5f15e65d07d7bf343f4a70c9,8c478b3a360e86cc,train,train,1,1
005406,500,333,RGB,1.5015015015015014,feb7f1ce27087a590821d2bb34c1f307ba0e7ee34c98d966efab363715be21d3,d0d030e4e4c8e0e0,train,train,1,1
005407,332,500,RGB,0.664,73e181e1e3cf6ffc53cf1e53abff1979222f98eba3ba02a586f7f6568e5a3dfa,6070f0f868e9e4eb,val,train,1,1
005408,400,300,RGB,1.3333333333333333,eb6dd3470aacc5e4a2293bcc1538ea70a53e7943750887ffeea56e96a8728bed,c88060d090d8c2b2,train,train,1,1
005410,500,333,RGB,1.5015015015015014,69b7b61f97590673f31e752206667be518cd7bb4fddb50552b541e8535baa336,40c2c0a1d266a6a6,train,train,2,2
005413,375,500,RGB,0.75,25130b002cdfd294807cdada59ead87282265f70f8976f12063b354eeec0714a,629c5cccac6f4fef,train,val,2,1
005414,500,333,RGB,1.5015015015015014,0be68745f5bd437d6d9748c83ded03c9d0c33e2bd2c6f37e654bc4fdc130556f,6e6ececc4c2b2f23,train,train,5,5
005416,500,439,RGB,1.1389521640091116,79cd27560c94d40e38b15d8a6d500a8a9984c20cd21804597a92b71573e5135f,c60f1d5faf9badb9,val,train,1,1
005417,500,375,RGB,1.3333333333333333,b84c9cb7c028aa7dc714eaa43ea54bb1609933ba399342a2bd7f8281292b3b3a,b979f1f1f1c585f3,train,train,1,1
005418,500,375,RGB,1.3333333333333333,f8dc485f9d70838cf22fee6731df226f4bfead4c04bf1c0e7fac67c1030d4348,f8db288b830f3ef0,val,train,1,1
005419,310,480,RGB,0.6458333333333334,f23ecd07e651d1c4f1a9483d8bd2ddd346b4118745073fa5165c817c41fcb9d7,f0cfcf0d0947cae8,val,train,2,2
005420,445,500,RGB,0.89,003217e238ebf9e0381e99f951ac7377767c578b83126bc491d26894e76644cd,f9c0808080828888,train,train,1,1
005421,500,375,RGB,1.3333333333333333,0ce30828647c614ce8f7bba2f6fb99887c02b0f4335e7862a58f461ed952e542,06276bc94654d074,val,train,1,1
005423,375,500,RGB,0.75,49dadb3cc22f27b45dbd509b04a8b0469ff0c018d72b44c188ba7de086a3c3bf,cc4d0be8f09769e8,val,train,4,3
005424,326,500,RGB,0.652,d1f94c8492b27398e8fe3814f2904a74d5b086dacc7827954f7b3ae5e3955cae,4ecf575ca36d5d5f,train,train,4,4
005429,500,333,RGB,1.5015015015015014,575063864a06a124fb632768faba13fb3d79959e1010c1a9eb3156246f21c19f,d26969cbeeece8d0,val,train,3,3
005430,500,375,RGB,1.3333333333333333,23c45f8f302084ab10f06a34c1d4782d5ab44ad4e5a22a417aaec21237583d97,69a08c81b0ccefa5,val,train,3,2
005431,500,375,RGB,1.3333333333333333,1745fa20afdd860945df0a784ea0cee77295091d6a89cf695ed54e897de5cd89,c080020e0d6000ca,val,train,1,1
005433,500,375,RGB,1.3333333333333333,a9714f3908b701f1ea4f49dc538f823840c43200d80d3a041bc4c096d145cad6,9cffe59e87d6e8f8,train,train,2,2
005434,212,320,RGB,0.6625,a32db0d4adb57f9d7991d89d2c7bdcdbc42796398ab9492c9014dde81891fbb9,36f6edcf8c8f2423,val,train,2,2
005436,500,375,RGB,1.3333333333333333,b4978cb03b8ba80d40fab9faf18b7681a10dfc73d7bf9967292bf552ecf38c14,3bf88533718efc00,val,train,2,2
005438,500,342,RGB,1.4619883040935673,9080ad230f49db8493e75d3f445a26126b6d9cf6d518e678cc90ac8d8ae5529c,a6b696c69696b282,val,val,2,1
005439,500,375,RGB,1.3333333333333333,2d0fa891da513cb7ed50baf4aabd651ad6b7605c8be96b18c7bc4478521b41f1,654c5a43cfaca020,val,train,4,3
005440,500,335,RGB,1.492537313432836,30c25121e414e66a10ec6523fd900045829bec16e134cdfbcd125b8fab29ca48,c4275a7271efb6b7,train,val,1,1
005441,500,375,RGB,1.3333333333333333,552f2ea1288591d835bc80522a4c799145bd86c7318870a33ef1c5e2f64c3c2f,a4d3dbeda9a9dd31,val,train,8,8
005445,375,500,RGB,0.75,5c708fbf43a93448f18388e1d9a474d336ab326850b8a60fd66b232bf20fde1a,e6cedc2e41fc78f0,train,train,1,1
005448,500,331,RGB,1.5105740181268883,ff91158937782e08ec9587a66e0f7829b2f81d21f413f6910b6892604c1b5d52,312c0cdd9d0a909c,train,train,13,12
005450,357,500,RGB,0.714,e6bc37a393fee2ec595904b910eab1834f9098ce516e8399810ba9b72670fcac,fdec1dbe3663677b,train,train,1,1
005451,375,500,RGB,0.75,0bed5c340dbfe434a9828d9577510a2677e48499218a8b8077974084873b2a10,409c91c307256363,train,train,6,4
005453,500,333,RGB,1.5015015015015014,0f70309005097f128baf0527545e681d8b01bc2d5b98ad092ad419873d7a8671,330000a96d69a930,train,train,3,2
005454,500,375,RGB,1.3333333333333333,52bbb97ad55ccb57d8e6abd3a420dc3951f4aa86447d8cc7bee9f8bad181140d,9293c19c96b2f1c3,val,train,4,2
005455,383,293,RGB,1.3071672354948805,8c0c532d3ac4123c03e6d646e3e5337af14b3570755cce53320071610ec39a37,ecacb990929de663,train,train,1,1
005457,500,346,RGB,1.4450867052023122,2d22636616ed2ed0ac83ef3fae39c244a99f31bdcd401225952f888ba79e3c3c,d2c0b2e0338b5ce8,train,train,3,1
005461,500,375,RGB,1.3333333333333333,71f7d731aca701dbda29c8b3b23c412af9537dc4c625ad04bf6e6975e16610c2,1491c1e8aca766be,val,train,7,6
005465,500,375,RGB,1.3333333333333333,e7f2c8aee44361bf9d9ab79b33400c76b291d8a05a0c86cd1a797198e3c78756,ffffe7b2b3c3078f,val,train,2,2
005467,500,375,RGB,1.3333333333333333,04b3933c81fe462ab9e18b2fce7a9998bcfeb12ee6781fbb565e4dd0e24fa95e,d85859918b3bb8e9,train,train,7,5
005469,500,333,RGB,1.5015015015015014,e3771eaa4470cd9d94b12bbb4a96b07623a22b59d61b30c684e4afc3d8042676,024c9c5e4c4d3d4d,val,train,1,1
005470,375,500,RGB,0.75,48180381b03bec7c52e9da51cbfa1517f5ac160e539a30495a9eb41d88350c5e,8281b0b0908cc8a4,val,train,1,1
005471,500,333,RGB,1.5015015015015014,1e3434a342a84d4ddb20afb07b319a80adc3f7ed726d29898d76318be37621e3,c9c84ca4e4c4bcd2,val,train,4,4
005475,500,333,RGB,1.5015015015015014,2b6ca2af169660416d620658d30c1b52d17f37b88c6e8e543519883a04b6a8ea,826766c686148391,val,train,6,1
005478,376,500,RGB,0.752,ecef7d8b12e7c11965194066895b6d3948e3387a531430671ae1a3f6e880961b,9595452723747103,train,train,4,2
005481,500,375,RGB,1.3333333333333333,b19d4372c6b6c5eacec47e87d30ba84059c84217caed9c8ff649ab3048b94952,214bc1bcde2601e4,val,val,4,1
005483,450,285,RGB,1.5789473684210527,d2f7269aafa853068d551b12bb61a4b1bdc28b63aa6237cb511881a73dc669dd,c5a570982437cb76,train,train,2,2
005485,500,375,RGB,1.3333333333333333,a8a6ac643212162838ac144508d1034d2088d62781c9ab627cf0e68c620772cd,c080a0201498cecc,val,train,23,11
005486,500,375,RGB,1.3333333333333333,6b9a7d7c720f988717141add1841bc7bc89ff1b58de566086889ffa78e943abc,c2c2e0db66c9f8f4,val,train,3,2
005487,500,333,RGB,1.5015015015015014,b6cf9abbb5e91a264e579ea995e8d9d860cb9dd3ad5d987ea68e95789e8292f7,784cc432e0dc3ee0,train,val,3,3
005489,500,333,RGB,1.5015015015015014,1f7c81492386c2dca71115eb595b708bca19e79ee9303d13ad958f636f21b712,03fff103f8c4c8ff,train,val,2,2
005496,500,346,RGB,1.4450867052023122,8f04a56e33e3672494493a9285a83549943fbe395470fb4553f792e0655ba190,7eb2a0ece2c3c153,train,train,2,2
005497,334,500,RGB,0.668,178331118fae3ca822e2759983032766722089b6604155c03528f82141b08a90,301070c0c51870f0,val,train,1,1
005499,500,333,RGB,1.5015015015015014,48703c5713e48f1b0da9ada88be8dbba1e04d2efb3ae6c63c4f78e0e09700b20,0dc5f7b7b37858c8,train,val,2,2
005507,500,375,RGB,1.3333333333333333,09dc32e8404be168df7f6c5cddb8a1174511e9709bd8edb624f73948ea0241da,fefe22230c00f6fa,val,train,7,2
005508,375,500,RGB,0.75,51a413c27803007bba0ad659b3c93461bb09c67dad39a2b4250b5fd2e46d3478,bca8acbcba898cc3,train,train,2,1
005509,500,335,RGB,1.492537313432836,85cbecd825b2572e63c5f993eba4ba9c8f72ddb723ec8f5bc0f2142f4f23adb9,e0f27759faf4f2f0,train,train,21,6
005510,500,328,RGB,1.524390243902439,fdd0e8e77e9008c5f8545e9ac069dfce2c9896ca372e60c4970bb00455473a9f,1d8793979e9aeb8f,val,train,1,1
005511,318,480,RGB,0.6625,b5b05bea1897ed20f847eab6c07906804f67eeceeb693985c495dd37eb44c96d,e16c49480d8e9292,train,train,2,2
005514,500,375,RGB,1.3333333333333333,133f9cd1006d998a86514b7e869a914e12ca03785d1dc0dd81fd6a770942f53e,d04f8f9a9242d1cd,train,train,2,1
005515,375,500,RGB,0.75,cee1a3245477bf4b2ee1ccb3e2fcc4d31f6be280364564fc7fea6cf5069f9156,271d93f9bc36ee92,train,train,4,3
005517,500,333,RGB,1.5015015015015014,613ccf4bc847c9414b14504fc7ffefc9b2cf3344d090a6aecb46868dc598fa43,d8656f576d6d2aec,val,train,5,5
005518,500,375,RGB,1.3333333333333333,0cbbc63a824f859d95b40bbe8bae87bbfd3c07e6bae926011aba153ae37ef37e,8820e4cf4ce02272,val,train,1,1
005519,500,489,RGB,1.0224948875255624,536395c3d7b348561c0f2abb9e6c261f5974bf92fda4fdb877bf20627587febb,2e7059d9d8d8d959,train,train,2,2
005521,500,375,RGB,1.3333333333333333,0d88e6000365c048d88a27f6c372171aa42a50fd428399e66dabe047e57fb344,37395b5338e8f0f0,val,train,2,1
005522,500,375,RGB,1.3333333333333333,3d98b8fbff652fee87cdf628f780d915b55bfb6a00a19fa6dd1d744d2966deba,989b9eacb84466a4,val,train,11,7
005524,334,500,RGB,0.668,58a0083bec4f5547278d4281deb59e183d5c14d081d30fb2157095ca9f078523,13d1c5cbbb7f9fcf,train,train,2,1
005526,500,375,RGB,1.3333333333333333,8d4bd5f4e609be9858a745467cf96e4e3dfb66b43469fbec24f651b0bb947271,6041d1908188c1c1,train,train,3,3
005527,375,500,RGB,0.75,cf415b9cf9f614ce615b821e328f579da1509d7a29964140a57b9bde92ec2b0b,3e37509e7ae0f071,train,train,1,1
005530,500,318,RGB,1.5723270440251573,48a6f278a105751a404730eda594fa3bd1f67383e112ac76ae3b6148512080a4,d8f3d0c454fcb0fa,val,train,5,4
005531,375,500,RGB,0.75,2a6de6e669bb46d67bab7e66fc0b1d3ce9f5a31e385c7226a41adfed1acf1aab,8283c1c083c0c0c0,val,train,6,5
005535,500,375,RGB,1.3333333333333333,70ce2d94823817af1bae8f7ec2d3001151cb75363f56e3f4ea0a6058659cef1f,16060bc7c488387a,val,train,1,1
005536,500,343,RGB,1.4577259475218658,dd424f087daa80d42089ba49765c3d675930688e6cc8d8b276dbebe6684c7b21,f0b092ca18d94999,train,train,2,2
005539,500,351,RGB,1.4245014245014245,eae03208f840b1c9182f363dfc121c0e4bfce06800e6f94cce39264b8718c338,db5b3179d0f0b061,val,train,1,1
005541,500,375,RGB,1.3333333333333333,5b244218d926383f408b2c1e266c7f123645bd358d0075d76bca5a9b05f963e1,ccc6c4c6c9c8ebf9,train,val,4,3
005542,500,375,RGB,1.3333333333333333,09e24b1cd14922286b48e0db7a096988913f46a924781d8a6d0eb38cdfe48a41,10c4d8494cecc8ca,train,train,11,7
005544,500,500,RGB,1.0,84b8ae09991fb71ddc23cc2f85374541cd16de18c49c054121e01f01bfb2009e,fef9f13a2e260f32,train,train,1,1
005547,500,375,RGB,1.3333333333333333,a1f69b9933f0eb419efa8dd23d6f2af4d4e4816e53c4e006800e99c056c8aef9,fc7cc87494483b87,train,train,3,3
005549,500,375,RGB,1.3333333333333333,5528a06c72980981b29904e37d4eec9ce529ef54844858c050c13ba501b9377f,60e0e8ccf9f8f0f0,val,train,2,1
005550,480,360,RGB,1.3333333333333333,a36042536f119b21c457ec578e1aec723b1d81cd881e43195ad06b587ff864e6,0800301d1cfce860,val,train,2,2
005552,332,500,RGB,0.664,25e5229f217486d2b42814596d645dfa3f7044bff3de2fa4291aa0509c7ed278,c39c6567fafaf6e0,val,train,3,3
005554,500,333,RGB,1.5015015015015014,8d018df5fbfde0a1902d8e6f7aaea876eeba8748880e9ef4fc0755493bdf98b8,e338aa39313337b4,val,train,9,7
005559,500,375,RGB,1.3333333333333333,50c8fc08b3dd6b056ccbbad2c21c9d6efebe3776b9bed527f0a155cff186312e,060e4d8c08181818,val,train,1,1
005563,500,375,RGB,1.3333333333333333,6e8749e5c512cfc39fd8ca30b1ec68f06bc8a9fd1e1018dc57d756836e92b7e3,40c03933b3a2b2b8,train,train,5,4
005566,500,375,RGB,1.3333333333333333,39727c2e0ca3bcfb2e5a963daef13ea3195a40e6410955bc0a0727ab018fd898,31a0ccc8e873174f,train,train,4,3
005568,500,375,RGB,1.3333333333333333,7437eefac66c876f4e8f09c339765f089154dfe91f264db30e6038af5dd746be,8948328858480c00,train,train,2,2
005573,500,375,RGB,1.3333333333333333,42ab3368d77b75a5efbcc9e7247da999beb2b9c7bea033e280cb93fd4ee5cd15,d399989c9a939e7c,val,val,2,2
005574,500,375,RGB,1.3333333333333333,9f7cf5727613127e19b710cb0ba94323a3de18a95646a764e8af9e4ad72c0728,998b73ba9e939e90,train,train,2,2
005576,500,109,RGB,4.587155963302752,a086be1ad9c2a99fbdb44ac301a9f5229a884f8ad59c56d61ae7aa6483fe92dc,00b0ff1bc7e67d72,val,train,1,1
005577,500,375,RGB,1.3333333333333333,578cc9f5b738d52a026c7b4380b7ca6148a5f62c4976aed1a74e1e2ea3bd8eaf,fc7c7e7a7c3d3514,val,train,1,1
005579,500,375,RGB,1.3333333333333333,605ffa1aad87b30d46e021bdf50acdaf7149f00fdd5a28b0c36db2814948121b,3430303030a464f0,train,train,2,2
005582,500,375,RGB,1.3333333333333333,58455f7bef298cc90c70dfdfbe136b986bbe00f3f82c861a1171063f782bbe43,b6323331c9d9d9db,train,train,5,4
005583,375,500,RGB,0.75,5809c217d2bfa7a7d5dd073cc8949e5c173e265c37df99cde961c7c912a5dc82,cedf7bcfdc7f70f8,val,train,1,1
005584,500,375,RGB,1.3333333333333333,6961bcc5c3fa52da9931cc552b9bd6f805b86d2a83eff05a29fd31694119c346,01434dc684e97119,val,train,1,1
005585,500,375,RGB,1.3333333333333333,5cd2d6aae49797d8b9265a7bf3909026321c04f147ed133c4ce93a03a8f2b763,e0fefbe3c2e24f1d,train,train,2,2
005586,500,375,RGB,1.3333333333333333,d1260fbcff6f3420ca2df3408c2f716ab65b5c2d733399632ef6c89d2b088052,579b4b4fefe75ca6,val,train,1,1
005588,500,375,RGB,1.3333333333333333,2ffb8e420f44d9f1f32f23da7a4911a16e0d7035a3d0ff8ae3a0677185f16362,f8f8fcb2f664081a,val,train,1,1
005590,500,316,RGB,1.5822784810126582,6a603f3454e00c0aedb487126820f2a66263b9c7e705e26a565decc2236a0e14,e070a4cc64c4b622,val,train,3,3
005591,500,375,RGB,1.3333333333333333,042c16756eb12c70b259a7d4a5cf373b846daef0315ad10ae98b76d1a033ce70,4b8d898d4d4d1d09,train,val,12,6
005592,500,375,RGB,1.3333333333333333,2492177bf75f1bce378f843ef3b403bd6d83f6f712c7c25cd9c37b1b0abaa596,dcee7138bb31c0c0,train,val,1,1
005593,500,375,RGB,1.3333333333333333,e50a7368d5af4ec3e647567315d83ddabf2176c8f481792986b17aac3bcdb71f,b329168f8e96e0c8,val,train,4,4
005599,347,500,RGB,0.694,2e8a9563c0f257e7732745c7c1c60631495a8772f690949b9033f0f6452133eb,b7131311939392e4,train,val,4,4
005600,500,335,RGB,1.492537313432836,3506fefba9147b8bf80d8f1f45f1f233ab274aea42f08c590b996d88790f0911,e3fcf85ce8e0c430,train,train,4,3
005601,500,382,RGB,1.3089005235602094,c11a3754251b44ae0e716089b637d199ba98be71395dad84756c2aa5e28c622f,6fb999f171f2b0cc,train,train,2,1
005603,500,333,RGB,1.5015015015015014,424045be3c6196449ee54253b9ef364e49937edb3a333557cc0afc84fa2e1b89,cce6d3cce3cc86d3,train,val,1,1
005605,500,375,RGB,1.3333333333333333,95615d9ebecc88c97988638095c17da46cc69ed87829e3189380b692964c81b7,4262626a6b2d8c3c,train,train,24,9
005606,500,379,RGB,1.3192612137203166,3c27653df275ee59ad95bc0ffafdd4fd1fcbc68ab324c09b786a12dd980e3e29,7d656d6d686c6c6d,val,train,5,5
005608,375,500,RGB,0.75,592711abbbd01f056a75e37e598af5ba1e7c928bf115b9b981df8186706274ef,9797e39d9c8e1697,val,train,3,3
005609,500,383,RGB,1.3054830287206267,169540649e5dbb6ce0bcb0600898f59957a2fdb3d2ef6e67711faac77839ef99,6d8d9c602385c7a6,train,train,6,5
005611,480,369,RGB,1.3008130081300813,2d03c6e3c9ce8473782c72578b538e49a94a2388ace8f4b8b6fcc9fbec19be21,c8cc86853f359595,train,train,2,2
005613,500,375,RGB,1.3333333333333333,72bfd208bb953d3658208984b1d7c70cb81a2f1d27f49be904dbaeb1de995904,9838182c3cbcb8f8,val,train,2,2
005614,500,375,RGB,1.3333333333333333,fcc5824a63f94122cc325d9cf33e6f0b9cccd52e62625e946ca3e09a573e58c8,1024a42c44cc3f4d,val,val,3,3
005615,500,375,RGB,1.3333333333333333,03e0ce76ccf5ca51c0cc91ff4a4b70098b8e1c500d3adef6a6a6251c7560c062,ede96969f494a9d0,val,train,2,2
005618,500,375,RGB,1.3333333333333333,d0b795e18e831a07d2f440e804dfbd6e7b17874cfefdfcb4033ddba563810e8e,b0d859594848c850,val,train,6,6
005620,500,332,RGB,1.5060240963855422,c3476130c9286e7e74d2b2c215d050d5b3d08f13366b0f4af34e0350572eb44b,f0f0d862fac8f0f0,val,train,1,1
005624,500,333,RGB,1.5015015015015014,55dc50f3b4d722341a96e7b03d00c199d2303fe46442fbce8680fdcb76fa7b07,62266624a40f0e0e,train,train,1,1
005625,500,375,RGB,1.3333333333333333,ec42fc9689fa6ef3b511393bf8683d797264c3bc518b6f2af78999fb59f9ec98,d6f2e6f2b2f6f674,train,train,1,1
005629,500,333,RGB,1.5015015015015014,d60a34e352f772099749cb2fc1dec4bb2c4f0b9d226dd9adb8ba1cc65039ae7f,dccb69f1960e9cce,val,train,5,3
005630,352,288,RGB,1.2222222222222223,5bf37552798dd360c2f9141eb81eab42c45f49f66b0ff98f3a2aa3a1b158defb,0680e4e4c4c3c5e0,train,train,1,1
005631,375,500,RGB,0.75,332b703e2dfcf6ad2cad848a3703b07cf74ebca117209a5cdf9e2fae8636aef4,f9ecf8f85c56660e,train,val,5,3
005636,332,500,RGB,0.664,ad09c6dfe9c28dd2de3d0d125e950ef42bf243e48e66cab5beda25fc05408c5a,51d6bd31102ca6f5,train,train,2,2
005637,500,332,RGB,1.5060240963855422,86eb780bc71b615fd9eb4858ee42e4b50afe56cb180b064fd506e272cd0347ce,42e2bb8b0d27f6fd,train,train,3,3
005639,500,375,RGB,1.3333333333333333,a30d8a5ff8e8035de3e5b1868159e5814f0d6856ca305b03c93fdbbe691dd68b,c8c0e6cce1e4b2b2,train,val,2,2
005640,375,500,RGB,0.75,3bc6ccc82df39d31de9aaebbd0fb94f4e863102df86bde8407a225fe1da51a98,ec36f0d922d81290,val,train,1,1
005641,500,375,RGB,1.3333333333333333,000680cdfe9c422b83a4ab30a989b03ef8eff9ae2c137d72ca361b9b538d3e83,bafe6363f3f1f0f0,val,train,5,3
005644,500,375,RGB,1.3333333333333333,54b1b4106ddc09701609fd501dec204a361f716bbf546bd7ce93453fbf5d1954,816161a098303038,train,train,2,2
005645,500,375,RGB,1.3333333333333333,ad9e517ce5e92955dcae11d3f4c3597d0c8a88d482fd37309ef0830e935b5879,d54531dad2878d69,val,train,2,2
005647,500,375,RGB,1.3333333333333333,6564dd86114a4c3f0395f5c56bfc6c6cc8c825c706307c4463b4f182158710ec,f0b0909010301991,val,train,7,5
005648,334,500,RGB,0.668,dd5e16243c176f070ef2a91be0160ad69f0f6d1a95dc45eaebb4f3f759ebbd98,a05a563466d8d2e7,train,val,3,3
005652,500,333,RGB,1.5015015015015014,be90ff8ffa5335b54612302337bda4c24aff864f51b205e40cbbcacd5ca3edee,d9cb4b48d8181808,val,train,7,3
005653,500,375,RGB,1.3333333333333333,ab04da2dddb2960bc484d9bf95ccf7eb8947ee96c1c6506bed59258154158a2b,7a77171fc92ffab1,val,train,4,3
005654,500,372,RGB,1.3440860215053763,9d10929918d016d6a467a4899daf96ed63760276872fce7337db2bf5dfaed58a,1266c70323530341,train,val,1,1
005655,500,375,RGB,1.3333333333333333,aa4c0cdf3ea3716f22f32a476a23ea563933b53f17c1bebc9b32c49e85a9d3a7,e0e0e891b3ebe6c6,val,train,1,1
005657,500,331,RGB,1.5105740181268883,95228981a9f328d2183beff0962ca238a0a7a8553503d619f83eed049c35db8c,39713474343c9464,val,train,1,1
005658,375,500,RGB,0.75,2a8e557d5d0f175f1235c7c9b3095c2b037d01eff2958ca6fc72a45487a9752a,610713d1e32507ff,train,train,3,3
005660,417,500,RGB,0.834,d109e3cef3b8d4bba4923850cd34256a6f44882eb975ffe1567c60a78d3884b3,e8757d783d3db77c,val,train,2,2
005662,375,500,RGB,0.75,dc8fc7b0abd2aa93f0be8083f7d86c8e7d5b41918f7d43474a94c807da5a752d,ec72365e78fee4e4,val,train,13,6
005664,500,375,RGB,1.3333333333333333,db2988493031f1ed3977f2d8b7fef4df8dda324de8acc86745245d5ddb13e0fa,b9be3bb6ee264de3,val,val,4,3
005668,500,375,RGB,1.3333333333333333,47ec7e7e144899c08a4b6d4b91f730aeedd0e0eea1a328963ff1bc53434d4273,60c4b092d3d3c1e8,train,train,4,3
005669,500,333,RGB,1.5015015015015014,a845d287f634d8ec188835b0bbcc0a0593e6cdfb274f75dd002196425d72c05c,7d69795178ece0f0,train,train,4,4
005672,377,500,RGB,0.754,eac4b9ae7020efc769678fb3d750f6392c08247e6893c279272142b7123627f1,9391f792493070f0,val,train,4,3
005674,360,480,RGB,0.75,ddaecde59dcc1f56c2594797324ae6a656bd0139397d846dc66923298d0575cf,ace54cceb7393871,val,train,1,1
005676,500,375,RGB,1.3333333333333333,3b7d3e16cbf52311b1af343219996ed8fca84e964f501c4e74dedf31e482364b,144ce9a9b2321ce8,val,train,1,1
005679,500,360,RGB,1.3888888888888888,f96b309beb87a5bbed00b96c5bca3166ec44369485914c0dbad79cd8b9cefd43,b4b976caf296e746,val,train,5,4
005680,500,375,RGB,1.3333333333333333,db5e5e9ea737ee122b2ef0b0a8dc9931027c8ee28bb2444ac56484eb3072bf12,21988c28c3474ff9,train,train,2,2
005682,500,375,RGB,1.3333333333333333,3fd46b16789afd4af70ddf9b7cc61e5e13af0bb182e21cbc78f5ef7688ad837b,505232929230304c,val,train,3,2
005685,375,500,RGB,0.75,fd3b7cf45d16dd5bb951a91175dfce82e75de8b9c4aac515266ee9592c1b0c79,968c723236366c26,val,train,1,1
005686,500,371,RGB,1.3477088948787062,b4bd97ebced4c0d269bb17297ebe02730a1d7cd822a49059548da9821468f4bd,fc5c4ec9c9f1e9d9,train,train,3,3
005687,500,333,RGB,1.5015015015015014,3ec9cc3e147b3ef743310de40f7424cfd0b9388ff31fd1a9d20295a149e562a4,d8c8b0bcbcbcb0b9,val,train,7,2
005693,375,500,RGB,0.75,fe0acdde681cfd428005b6a52f7d99283e3dd9c593cfa11acd49f80fc0c2044c,402b23331c3c9c9c,val,train,3,3
005695,375,500,RGB,0.75,f2c79e5c19f41eab0cb1e4a5aeb5ec69131655c5008ac67bd0c57fdc741b7e82,da5aba3a381a16cf,train,val,2,2
005696,333,500,RGB,0.666,ca6677e0e4f7b3fdf9db9651cf9f3d76c4e1b0c5e62207fb600a337cc2106e18,00a824307164241a,val,train,1,1
005697,500,333,RGB,1.5015015015015014,2331c501a02378901491902d4ed11956fb7e06a341ef69be9263bc6c083bd29a,9c8c9ccd3446e9f1,train,train,2,2
005699,500,375,RGB,1.3333333333333333,755abc7040b342a74beb5f69789cd9844d486ba34aeb190c5bf93b97fcfeb0be,f0e0f0e0f0cc8ecc,train,train,1,1
005700,500,372,RGB,1.3440860215053763,16df42a7ee70537e5672310110b290965fe4429654a1cc800867ec8493740cc9,f0b0b0d090991919,train,train,4,3
005701,375,500,RGB,0.75,50d1aa680223a2f17fcc3de12939a7746967b74245629ee730943a880575b253,c6d00938b87b6626,val,val,7,4
005702,333,500,RGB,0.666,4e9a0e3c770bbaefc20b1d16b2fc8820389445465a261b81732cb8a50295adb9,132cc6060f130446,val,train,2,2
005704,500,375,RGB,1.3333333333333333,dd3b91028629c18ff11f172a713978ebd18743fd13c1acd6f67611aff7f84d77,e438c7cd4d7c26c6,train,train,12,9
005705,375,500,RGB,0.75,53f0e74756d598e35f901354112d22272d8d415c16bca01bb94d97c9229971d4,d898989c9c0d009c,train,val,1,1
005710,500,333,RGB,1.5015015015015014,affd3067afd9bb460414837ba2f2442afce2315b47a9593109111b215bf7f73f,b090929891858383,train,train,6,4
005713,500,334,RGB,1.4970059880239521,efe80899e05a0681195d29dc04d92ce470b698cc318a35e719561e482f0b758e,fcfcfcfafce30624,train,train,5,2
005714,500,375,RGB,1.3333333333333333,986bf22fb74e274b81c58f6c2077554ceae52214f865a72ebbbecc99ae3c356d,b0f4ccc2f2e0cce4,val,train,3,1
005715,500,375,RGB,1.3333333333333333,df53f9b865e7a09e35bd5b06d72f6ebf4fc092348b1c9c4299133865a65ffaf9,623a36786c769869,train,train,1,1
005716,500,297,RGB,1.6835016835016836,7a6fb14eb2d3c98c812611ca8840e9b4c1962df4a588ef461adbc4e3911583d3,c8d8c8ada9c95898,val,train,2,2
005718,500,386,RGB,1.2953367875647668,64e8bfe241825f829be466c59350089e8013dc9c1d59cba4f948dee3c59adb31,9cfcfcc0c8c8c8cc,train,train,1,1
005719,500,375,RGB,1.3333333333333333,eb1faa0671182f9a186b3127df6cdd241e84d9c2726e085dee559754cab5866f,e4c4b832b6b4b898,val,train,8,8
005723,500,391,RGB,1.278772378516624,47aa7c749614f9558c486bfc0eb6938cc1b7db82e724079168c48da53df35117,f8f8b8fabb6c6427,val,train,8,3
005728,500,322,RGB,1.5527950310559007,620b7f9a956d8b38cc0adbd219633b703f088f586531ed64f6f04b8cc097ff85,c8ee62dc9cb1f0c8,train,train,3,3
005729,500,332,RGB,1.5060240963855422,3114a390162b9df1f9458b0f1702340219984b802947fe5b63ff159c9604fbb9,f1d31f36165a1b3a,val,train,2,2
005730,500,333,RGB,1.5015015015015014,3e780b7702b9c12d559cc013cd2611047feb655de5d4dc61f39fd0874474722c,b8d880e2a38392d2,train,train,6,3
005731,500,375,RGB,1.3333333333333333,cb2fd0b6d7b757803b6d5cb58597fba3c8f3a97241a068e7d3a719a696a61abd,fff3d373732f2f08,train,train,2,2
005732,493,500,RGB,0.986,ad0c3f1564b0513f4e5dc07421e4b0be98c137825107bfd3eb22f2fb93c63cf3,e0e2d35975b52020,val,val,6,6
005735,500,375,RGB,1.3333333333333333,f6f50b5e952da41fe7534aa71b05e0c2fd1aa18ee8b8150666b5922ac476a983,b6b62c69536203c0,train,val,1,1
005736,500,333,RGB,1.5015015015015014,1a70a2a5b9ba5732bddf07d9ba8d74beedc551d8be58c77cd5d25ea361689e09,e7e4ccb86238f1c4,val,train,2,2
005738,500,375,RGB,1.3333333333333333,dd1e4c5d01b6fd0ed021ca4a6c66edec72d31e264c77fe19268d0c5c77e3fc02,9fd3dfd7cf1f3d3b,train,val,3,3
005740,500,333,RGB,1.5015015015015014,9854673813f59bc024315a5e38f5073d8ccc37508a2c5eb4e009aab30dd68fb9,74c5ed67b8b978c3,train,train,2,2
005741,500,332,RGB,1.5060240963855422,7bc4371a11e0047e93137e4d93c5cd3fb0717df0e9cd00b8f608e62c6103efa6,50c3c6660b33038d,val,train,2,2
005742,500,335,RGB,1.492537313432836,53f1a714618ae900e446514bc784053764879492d5791a4a3f2ea8ab6eda812d,582c0c62fceb83ba,train,train,1,1
005743,258,258,RGB,1.0,a895c3d7d98a1b79d6756dd9fd8d76edde6aab6e2d9b47e38cba340505f67903,07c9caac23bf9c4c,val,train,2,1
005747,500,259,RGB,1.9305019305019304,59a5469ae27ca1661c0d251fa1c71ad4be305d0c12841c39292addeb0d103633,4c4478e063e161ce,val,train,3,3
005749,500,375,RGB,1.3333333333333333,f410af1de81ea109b05f0d8bc006f94c3238b0c2f4b829838b1451af07dc08c9,b89a9fb787158583,val,train,1,1
005752,500,375,RGB,1.3333333333333333,634da7329ba7d3f19ae3f82ca5199a9c76987e84ce560c0b280327b9724e4b27,5cbae6c6b6985ce8,train,val,2,1
005755,500,400,RGB,1.25,05662772537175f99f3c2487dba943867f0e644d04c916862358c0e1ef7045ff,0c2e2fbeef593c6e,val,train,2,2
005756,500,375,RGB,1.3333333333333333,03fcba2ef89d24ec14937d4f898aa29fbc70a65906655b409f1ec4fb1c9abba2,508383cc494b13f8,train,train,1,1
005757,500,333,RGB,1.5015015015015014,d9467eac23111c0ce896305d1d72970965acdad8b75ba499d537a9eb449c8b45,4fc2c3b92aaab919,train,train,6,4
005760,500,375,RGB,1.3333333333333333,7d8e4953d1a02622d1b1ce8beabd0009c59b672a6de8f08f5c7665a9723b07be,9cc8184c6733c48c,val,train,2,2
005761,500,361,RGB,1.3850415512465375,80bc59b9d4e5e0aa5a70a20386e6574ac970974ff7abc405b83d48e0ff41581e,d658c8cd9d9f8c99,val,train,1,1
005762,375,500,RGB,0.75,5791c491dd4f3fdaa7194e89026d7283b60dfcc1743a768f38430f470d27f1a7,62e3e56cecc4a1a4,val,val,2,2
005764,375,500,RGB,0.75,0dabe15613dfdb0bd186df4cb02de661114e9366bef570aa395ab12c862a9463,4f93d310c6c7c6c0,train,train,1,1
005765,500,375,RGB,1.3333333333333333,8e3bedd4eaa07e48620b81d83514b165cfab50e2a8a339214c8238de59f53eb5,6269ece4f777666c,train,train,3,3
005768,500,330,RGB,1.5151515151515151,5da47cfd5a76fe84a8827836ffe142566ea5a804310872c519cca3618bc9f1c4,0092666752e6e5e3,val,train,4,2
005769,500,394,RGB,1.2690355329949239,74d1f84e8a064e8fa20ca1744207f423a21c1b9137ee986efbf7db825f6d29d2,8080c09e242f3b40,train,train,1,1
005773,434,497,RGB,0.8732394366197183,fa77675d825191ab1e51b688199d2678e193a3bce54fc26350c1b2acfdd8f4a7,709bcf6cf0d0f4e7,val,val,7,4
005779,500,332,RGB,1.5060240963855422,d5ad2f3b703c241592b572fb446a9bf7be894a74614b8b6bead710beb4a3e624,12b0f8f0b1b3a66e,val,train,2,1
005780,500,375,RGB,1.3333333333333333,44e1134af543cbe7c2e079f2d3bc78ccfc965af1f5ced6566bce05fb1fc40c9f,951bac2d6dbecedc,train,train,1,1
005781,337,500,RGB,0.674,f9009d62f58db5e9da21c887b48f3ef256979e44df310b6f38f534d406836e76,3032e2c15c689b16,val,train,1,1
005782,500,333,RGB,1.5015015015015014,280c74bfc929927f9bd9505bc836b765007ad2faab507562befe1785c387bc17,ecf8e4cc6d23e3fc,train,val,1,1
005783,500,333,RGB,1.5015015015015014,66ebf6955bb05ef52dff2b5caefad9ff2dc1bb3036151a4a225eca2cf96f222f,08c1a26a773323dc,train,train,2,2
005784,500,442,RGB,1.1312217194570136,66176018ee6efa030d49b554346d675e8fd1bd4a108c96895b4f351aae7cff1a,e2f9f9fbc2e68a2e,train,train,4,3
005786,500,333,RGB,1.5015015015015014,a4cdbbfcb3eb3729311ee7aa1d790ae3aa0f3c7754adba797e93e2d4aaef2401,133b69496b7b7979,train,train,6,6
005788,500,375,RGB,1.3333333333333333,1830cbc7628e6127ea45d598e9cd6b1eb018fabf7721b988357c7f8147811861,c8e4f26a38f0f0f0,val,train,2,1
005789,500,375,RGB,1.3333333333333333,22514096d8feb9103dd2357177cb327765c2eca851259f9dfb0235771668d1e6,e0d83860e09084a4,train,train,3,1
005790,500,333,RGB,1.5015015015015014,6454d136317e7682fa3666f86b47e9b7d0dbd605e51b320821d40de4312c6f08,c4c4c4c6c4e64211,val,train,2,1
005791,500,375,RGB,1.3333333333333333,cee1d64bfe86e4026192c5f17c31b48926853ffc140fd8bc90afca82e3d2ed2a,c189b0e26d262b28,val,train,2,2
005794,500,375,RGB,1.3333333333333333,d4919543e877c0314c3a5ab14828b6b9cb696fe81fbcb9eb6eb138d22cbb8978,8c2cdc840c0e069a,val,val,9,7
005796,375,500,RGB,0.75,4bfe7fe2b5922df2788aae4c6f88316ffa40d3dd731578c06a114c0535a4edf0,cb7331163230f072,train,train,2,2
005799,500,375,RGB,1.3333333333333333,df75115d0372727fd4fc7b4175c7405f21a27015e32c70e30084e6d953fb074c,2632262dcfce0f8f,val,val,4,4
005803,500,375,RGB,1.3333333333333333,2c25d4478e531ac8c19944fe1500d5ca72b061ba51b22cc5c735dfaee5a34e8f,60586e3adb973db5,train,train,1,1
005805,500,375,RGB,1.3333333333333333,eb1e091c61ac3bf4ee48544a1b31d37f5b56923283b63b61a1f121e640bb30e7,969c04de4e8a0a0e,train,train,2,2
005806,500,375,RGB,1.3333333333333333,bc50d6822f8fda953afaafd7e595e34193a763d124dccd662fe4bc6609a857b8,f36367e2e6e6ddb5,train,train,2,2
005811,500,375,RGB,1.3333333333333333,f3635dc417abb2d6eaa1a7faca766996d5091f26e0a9516ec00398f0f7725582,1b6f7f9ebe7dfcf9,val,train,4,2
005812,500,334,RGB,1.4970059880239521,7679e648e3eceea4c317e55a67474a92947e6e9ef4711d1f62c7ff7c73614b3f,f9692363968e08cd,val,train,2,2
005813,335,500,RGB,0.67,71d3cce32c73d6f20a31a2758266b60aed0637af852d83642ff7942803638552,714d939393daecd9,train,train,3,3
005814,500,375,RGB,1.3333333333333333,505eec9068630a84bcca050f73d7846e1a78f73b41a7feaa4b67b49344d26b3f,d8d0d2d4e56fbfce,train,train,3,3
005815,500,375,RGB,1.3333333333333333,28e1412693f7ea3daf49c9a04b4a7a5fc84d7e8d28afe9293445beab574d7f9d,78694c3676dafc7c,val,train,2,1
005817,500,375,RGB,1.3333333333333333,0646e25698dec82f1ff8ef50fe91e95f41511f26b4ad4a00bdc4e50a7a8cf557,f0c8cc8c0705050a,train,train,1,1
005818,500,375,RGB,1.3333333333333333,9ccd5ae1be94c844c7a83ea1603833a4f92f91d22a2142c0066192d54ee6aafa,f8df3f161d9d999d,val,val,2,2
005819,500,375,RGB,1.3333333333333333,179e13ec22fdf7ceb2e12714d7f835e8595f5ca751d5482e2bc0cf9bc0648d8a,e1c939303878f8fc,val,val,2,2
005821,500,375,RGB,1.3333333333333333,a2310b6689c969224a4751a51a2f1817f9607c6f06a959f482d0b30b19e73377,a1ba263edefeeef6,train,train,7,7
005824,500,359,RGB,1.392757660167131,7967bec102bffff7dbc5ccb11343fbb1041500519a6ce64799b5b307bb623408,c1f2d2dacccce4b0,train,train,1,1
005825,500,333,RGB,1.5015015015015014,d1539dc60c0f6ffc556e98bc9838836d00a3c401c7a5218d159a9dd98caee244,f35b5fdbf7ef8767,val,val,1,1
005826,500,375,RGB,1.3333333333333333,cc3b520036ba812811f8b4b17ff825129c5bd44acd1328bf5593a1477578e71d,5bdbb3326a4c4661,train,train,1,1
005828,500,291,RGB,1.7182130584192439,88f40e94bd731996ba77e4e401f5db20d9c26f1574e480eec2f32e4092a9283a,e9b6a6261630d1e6,val,train,1,1
005829,500,327,RGB,1.529051987767584,a4edbc6e46f60af2c0671ce6c80bd17c3571b55d9620a323e07643d1214a5508,b0a0e4a6b2227372,val,train,3,3
005830,500,333,RGB,1.5015015015015014,3356f95ec710f6a6937e7e95c1c0199ea0aa47eba4532baf712125a463b45de0,35d358709b93131f,val,val,1,1
005831,500,375,RGB,1.3333333333333333,b32c6565b953c3fc0dd611593da939531a8881308e4446466949ff21fb27da67,2f16c6999cc25323,train,train,1,1
005836,333,500,RGB,0.666,7e65973f244fb56191b3ede31fc6fa052380bdf0f15bb26b044c745e91865cc1,7372734b4d4da527,train,train,2,1
005838,500,375,RGB,1.3333333333333333,a3e4ba687b560651147dc595788b78431e950f2b866a9812a548fb7ddcdd3317,6cf073bb8f23f3ff,train,train,1,1
005839,487,500,RGB,0.974,1c7ded187c716b04a92bea4354467582ba1f088f21100d7c23d7ef108612b694,96e92c46d433332f,val,train,2,2
005840,493,500,RGB,0.986,33acd36ea6334d890295249d82b1cb8b3a3455718d283d283d43110365d25351,1f4bcdfaaea68616,train,train,5,5
005841,301,500,RGB,0.602,45a75d667f23726aa81126ce90e60cee36dd5d9fb518755de6fab1d4168bc184,6953805b1b397765,val,val,1,1
005843,500,375,RGB,1.3333333333333333,0dab00bdf8c2ff5714243c82768ff41dae770fd65dcce0c9f0f6a7de23a6f9c2,0515e3e39c9cf7e4,train,val,1,1
005845,500,349,RGB,1.4326647564469914,8c194017f82b91c1150d2ca8edf7f123192232cd42d8a35c6ea204760abae3a1,7363a39454d6c3cf,val,train,2,2
005850,500,375,RGB,1.3333333333333333,bce86cbf99910341eba996bd3de4bf41508e39e28872419863f2fd282eab268e,860f03130d1c84d0,train,val,2,1
005851,500,335,RGB,1.492537313432836,caaf0baacfe1e09a8e83fca762c16e869b5b81dd16003aca9fe160eaa70e67a4,808100e0c0e060d8,train,train,1,1
005852,333,500,RGB,0.666,4ef7ddd74b094c808a2523b9dd3e052c57fe504fdf149d9b4573c69b6e1d42c1,dced36784d24d4cc,val,train,3,2
005853,500,335,RGB,1.492537313432836,cc6527e72eabd8add75bb8b7e0788fda7d2f3dd3c3ca1bf7ff97787422031612,fc689494cce6e4e4,val,train,1,1
005854,500,375,RGB,1.3333333333333333,a3972027027362155d83d58c02a2631c075ea5e0dfea5906774636e0d1ddec02,19190c0494141c1c,val,train,3,3
005856,500,375,RGB,1.3333333333333333,c257f08d45cf41e521b0afda449479e4cbeb85c4abe1476276d35dd2fe049c38,e7d6b2b3d3f37163,val,train,3,3
005859,500,375,RGB,1.3333333333333333,29b8440f9517b5283a6ca9d0461ba781cc3c6bf392d2d9631174214b5d6029d4,b139a4c6e46061b4,train,train,1,1
005860,500,333,RGB,1.5015015015015014,31d16ac0a491a9d92503d6a668c734dcd15bf4b93a438e2b0daf636b2a6d19b1,4c4c040001150c4c,train,val,2,2
005861,500,338,RGB,1.4792899408284024,6437f98d70d5c3d2b5443c992dd95c393286dd7603bd62faebb82edcf3490525,98cc88d492a2fcf0,train,train,3,3
005863,500,375,RGB,1.3333333333333333,a1f9dc7c3163b4adc733fe5df8af132c4c88e07ad5fc0c8a9c39b9f2e00761f1,9c9a566eba92af5b,val,train,13,12
005864,431,285,RGB,1.512280701754386,c99899a86ac51809dbc6a8b230c0e43fd92f215f163eb548dc3c89d3e12655dc,d8f41c8f4dccce9c,train,train,3,1
005867,500,375,RGB,1.3333333333333333,e85dc91e9c5ba91a565c105b8f12b9f5b1ca9fb4c920ac7e4b4c041c78d3c572,d0e464e6e2b6332b,train,train,2,2
005868,500,375,RGB,1.3333333333333333,550d5eed7e30c01d4f152a35e36b277097de3dc7cc44fef9454764503ec2dd9f,e0e579f0c1531a3d,val,train,1,1
005873,333,500,RGB,0.666,506e6640aa3dede23248b7027c37d16769f558baf70538ba8fd58545e5035323,c6ebe464b4e4e4c4,train,train,2,2
005874,500,332,RGB,1.5060240963855422,2a7e34481f2893d9e5910f8024a25142e078a2d39d7887939c8816c13fce3418,e6a7e7e767574fc7,val,train,2,2
005875,500,375,RGB,1.3333333333333333,eb6c3c94b5ab2917cb346f2f789978da94d6cc6cbe2812c73a123794f9b7cc99,d072b28c41494c9c,val,train,1,1
005877,500,333,RGB,1.5015015015015014,11aee37b5596e6f7507cb4a64b46fa3645e02e76034d45641a5ec6c737123946,7933b3d9d1b1b1b3,val,train,2,2
005878,500,332,RGB,1.5060240963855422,f4395c12e240e1569d73b7204be912b0198dbf6816f89899e9bd144d53d26621,63d3810d3c2ca4b0,val,train,1,1
005879,375,500,RGB,0.75,3cda31b8232e8a02b6eae039bf75766bc96f4ee80ca3c54442304eeff645f78f,d11b67e3f3c78f1e,val,train,1,1
005881,500,371,RGB,1.3477088948787062,ec684e9c62e20305398ca85e2cd40e6152c61cd5242da8a7133884f58abc0035,98c809c16123646c,train,val,1,1
005884,500,334,RGB,1.4970059880239521,cd7eb6184b2b3d7fcc8b1f17f1659280cf29806b7e1323414704a7515c829505,b4b4b68cb8d89898,train,train,2,2
005885,500,375,RGB,1.3333333333333333,c98c82149305eb31f7e9b42d452d8c49d9b3d74f795d22069114ea8ec73e2ff8,318ece33a887cf4c,train,train,1,1
005888,500,375,RGB,1.3333333333333333,8cdda9c1cd6360da8130ad021c30950baa64767f25cc960c77753a2a3b4d306f,ccdd1eb6b64e5cfc,train,val,2,2
005889,500,375,RGB,1.3333333333333333,f998a3eff6c38ebef205c2c35d1ca82c8647ff5656ad1ed01f0818492354a0b7,48a464c8dea6ae9e,train,train,5,5
005893,500,374,RGB,1.3368983957219251,e26b82c3e37008cfdc74a429893f54f17a2eec13baf95867f925a2b8736ce046,7e6e4abfdde69c32,train,train,1,1
005894,334,500,RGB,0.668,6500b89e91a13623a813ed66ed5327d4fbcf62f063c972762f6d2347927b862b,02d0d14131110141,val,val,4,3
005895,500,375,RGB,1.3333333333333333,bc770d2b77349c5dde86ccdf43bd1df97321e3220f2ac7dace560f9fdcb57902,c2ccd8d8c4c6e8d0,train,train,1,1
005897,500,370,RGB,1.3513513513513513,cf2b377c2648e899c658159b714cacba8b3ac2cf0e07b362728ea6c1c1ad1a5d,725e89bab87c98c7,val,train,3,2
005899,500,500,RGB,1.0,346768b187d41f400a5e8e8f78d5b8a0e4b8e0b9f722c26c67e10cdf4240c682,8af14f0d79132427,train,train,2,2
005901,500,375,RGB,1.3333333333333333,6b81274ef2890f2b30ad8cb3886cfa318f1713caf4211dc9235e1444436e4f2e,d3ce36761a3a3393,train,train,2,2
005903,500,375,RGB,1.3333333333333333,28912aa2c043c28f21d1a03d91768e8cf60afd68b8473db90e38d52c2336168f,362f29f139093979,train,train,3,2
005905,360,283,RGB,1.2720848056537102,7e90f332e0577707fa41d492f18da4624cfaa7deedf12d9accff16448ff885a0,337767ededee3f7f,train,train,2,2
005906,500,375,RGB,1.3333333333333333,7fe040e06fb143c4b922f320ea426588015a0cce901bcb2f871c546e2bd0df38,84994fc7d480e0e0,val,val,3,3
005908,500,375,RGB,1.3333333333333333,37260273da661cf2f56d0d670968e6f7976c93e6a2375dfddfa5f70066c565c8,47dacc6cb4f8f8f8,train,train,2,2
005909,500,375,RGB,1.3333333333333333,95bcbc779633a4f2907afb69a65667cdea5afa227a900443c7a950bd084d8589,c9c93111109eb32e,train,train,1,1
005910,500,335,RGB,1.492537313432836,7fc205b652103674c94284eaede7f0a7eed7244070a5316ba077c12bd49b6f06,e8c953d3e2e4f8f8,train,train,2,1
005911,500,375,RGB,1.3333333333333333,f153ea6a5a03b71a384adcc57d79ab71dcde001448f5e516b16eb99ebd2c0b3f,ffc1197d97b361b2,train,train,1,1
005912,500,333,RGB,1.5015015015015014,e25fe2997a67af3cfcd0d95288c54749ef368b12ae009721b46cf5f052b6c4d0,e56c25a684355226,val,train,1,1
005914,500,375,RGB,1.3333333333333333,f06b991639164a29e09d45d63b30c0fbdbdb2fd41d5bb6903525f825d2c9251c,5fdf9e7c9cccccb0,val,train,3,3
005917,500,375,RGB,1.3333333333333333,199ce8d15168c5948a0d7bf7da6a130603a426e6fa90dd5a6f45fc9fedc5bedf,9d53d38fc7fef3cb,val,train,3,3
005918,500,333,RGB,1.5015015015015014,c997b5d2cc4423ede020bdc7ec60ccc40f172071e7ad3290bd41e355368e77bf,c3f3fc703133971f,train,train,5,4
005919,500,354,RGB,1.4124293785310735,f1f70e4f474a102b530ebdd22b7ca238d8cbb64b868a635c2c6c68d23ecdb86e,b4a4a81451892818,val,train,20,18
005920,500,375,RGB,1.3333333333333333,a478ebef6341f548a9d947f97cd997a60794313f027867fe51127c1587da96a7,f0fc58d8d8d9c4ce,train,train,9,3
005923,500,375,RGB,1.3333333333333333,309c177e503d70d5178397c8cdd57928ff150ac39b6c6c7975b0eec2fddf2feb,33abaae8dc9b99d8,train,train,19,14
005928,500,375,RGB,1.3333333333333333,4a39a22f1363e544c775b654cbb2084d256b2d7c7d95406a481965bcba61a869,5bdaf59cdc353c64,val,train,7,7
005930,500,290,RGB,1.7241379310344827,d7d6f319f70bc84ebe1b821bf59aaa5b9f3c48057561defe7a02723940bdbdba,60b1c3b43992fcf0,train,train,5,5
005938,500,313,RGB,1.597444089456869,d97a9fc66e8d38ac94066949839d8333c238b72fe48d5b199fd2782f6940137e,7293716c6ea96969,train,train,6,4
005940,500,374,RGB,1.3368983957219251,8e0b6f445cb0b5dfe7793d9d6cb1e2badf0cfaeb06eecaf1668af8e72f7b107a,0726969295cc4e8d,val,train,6,6
005947,500,333,RGB,1.5015015015015014,e40baf65ad9488636b5593a5d5fc72d7d11fdb50d0bd51cbbf268af0db72cd93,c99dd8d0d2f0b133,train,train,1,1
005948,500,332,RGB,1.5060240963855422,c4b9421de524f007f08298c04d1b00e9b3de60b73bf7eafc3355eb6de7497921,e0e0c00298858684,train,train,5,5
005951,500,375,RGB,1.3333333333333333,d8d1b42745ccc313725b4af2b52d6905395054ee0c1b89834129e39db350395f,e209f1f143d3880d,train,train,2,2
005952,500,375,RGB,1.3333333333333333,e1ff566c1a663672287325610589b0733a4b187bc56f3287f71c807ece3fefb7,f6ce6eb69dcdcd49,val,train,2,2
005954,375,500,RGB,0.75,3dee653b01f3205c5987179012affd8f7eaaf3a835a820f78eac7ca9fedbfcfe,05021414d66759dc,val,train,1,1
005956,500,363,RGB,1.3774104683195592,d63b78d5602282796b1602b1939361c080be7385dd8c9be6ac3a31d0a6d8be5f,27c361784a37170f,val,train,4,3
005960,500,375,RGB,1.3333333333333333,16ab8e3464118ce6f99e2104ec391bd7420203a26e688a2e260b410571e39356,7d795959597b5b59,train,val,1,1
005961,375,500,RGB,0.75,a4b3431047798b77b2c58fedcb173da2aacf692e9d61c35f9cba14f53dc24405,00213028286dc9af,train,train,7,6
005963,500,375,RGB,1.3333333333333333,e90e8997b522315d6e445ec50b95b02fac85bc9b6e54715c091ad9600fcc96cd,9c99166531f1d60e,val,train,4,2
005964,500,333,RGB,1.5015015015015014,8ec3f4c9d68beafd8416ca92071de3fa9a143a480c268286d5aea47d75a9acb8,1911111e1e1c1991,train,train,1,1
005968,500,333,RGB,1.5015015015015014,41f0763da6f98a06175ae3c0518060694ff3348a943a69f968c75a1508683dad,299889cb6aee4a4a,val,train,1,1
005970,333,500,RGB,0.666,214e6368575c871d03ec061c54dd81611c042f1c72740e64f7a251e28e26d502,a7c54d0f87818343,val,train,1,1
005971,500,333,RGB,1.5015015015015014,4a8d1d99384634a515ed272926c57cf1c0976a5e8399cd6364dd333431afe3aa,905050b3cc8e9616,train,train,1,1
005975,500,333,RGB,1.5015015015015014,308b629b2bfa62211b91a33b70f1c12436cddeede571f5bc3413a64b5d31cc3f,08f0f035b7de7cfe,val,val,2,1
005979,500,332,RGB,1.5060240963855422,c9a62a6427d38a0bbf953d150dd6f5fcdaa2d2d9aca175cd8c570e24034cd675,66b51d598b8d4d27,val,train,3,3
005980,500,375,RGB,1.3333333333333333,9cb58a840ca9df6d72a2de2e6ecd1475bc25805c40ed46918d235dad2b2ec349,b6bcb8b4d5c1c080,train,train,1,1
005981,500,375,RGB,1.3333333333333333,a2ee3c553dba360a4d81be9fcc8e50e5692cd4580afdc162d7b034513bffc886,8b95331b1b0b0303,val,train,2,2
005983,500,375,RGB,1.3333333333333333,9242a298c73192ceda2313f3afe0d3d0bd50a7d3591f8ef3aa879910ae7bf0cb,0f1b2f675f7f3f3f,train,train,1,1
005984,500,375,RGB,1.3333333333333333,d968c51c0659dd3fb52ddf8a1319102f65413997f1043d10e7aaae678c7c8f87,b999996e37acce46,train,train,4,3
005985,354,500,RGB,0.708,cc8b3cb01c2e20b897695ce763aa5e0bc210be897c62ace560a703fedbc38a4f,c1c88c84b22348d0,val,train,2,2
005988,500,375,RGB,1.3333333333333333,ec8624933f57b5635f7e45565a98a6f9eb97a4fb2ec14856c7d9536eb6aeb1db,99d9c16161e0c2e0,val,train,6,5
005989,500,375,RGB,1.3333333333333333,8e56a9e20b65654f63689475542a358fb247638826f64d3c59dc231a6577692e,00d8adc6879e0893,val,train,2,2
005990,500,375,RGB,1.3333333333333333,86c24a6f9a2faf90389520fc1bf1a60a475612b21f90c6ec51510be85dcbf1bc,a49383981d1b1998,train,train,3,3
005991,375,500,RGB,0.75,1f481150f16586b27e99e49020b347cba8cb5d1c81009a40772ca58f1faa8aaf,cacb4058d3c7c7c6,val,val,2,2
005992,500,375,RGB,1.3333333333333333,657f1bdb2e24ab171ba74b2aaceef3b2494a05fee18a0d826a7c00e7a1b9e3ea,a57f163cf93b0fe3,train,train,3,3
005995,500,335,RGB,1.492537313432836,6f88fd9000924bfafe7c0ba89e891264699d8b2d926728c66c44bf5f89fff0c1,f8f09c00520c0100,val,train,2,1
005996,500,375,RGB,1.3333333333333333,331f6ee64648c6a310a6720569d22ece0a1a9a6b5062fa0e629e640d9c284b61,8cdfdbf070d686d8,val,train,1,1
005998,500,346,RGB,1.4450867052023122,04a191eb51a31c659e5029b81af7d4ebac020d8831f25259210521ddc0d9565e,606e6dedf13333b2,val,train,1,1
006000,489,500,RGB,0.978,56927727998a748acc97cfeb9b360613d96ef7602b44c2a04b899d52fe0f279d,00c042260f0f8e86,val,val,2,2
006001,500,375,RGB,1.3333333333333333,1cd8923854929b3106084af340e244f6f65901537a4435b1f3ea89994c9fc2e7,8618f2343407e06c,val,train,1,1
006004,333,500,RGB,0.666,411813b496a1afa7799842c6d57028d275db32e642d91b617e9331aad871c12d,171f972367283c72,train,train,4,4
006005,375,500,RGB,0.75,70c7f8a317245894007b074cf52a1b113bbcbb343f612533e8b1f5cc007b8341,c6b9d25333737333,val,train,3,3
006009,500,333,RGB,1.5015015015015014,5794e347ee67e680919d7fb79b3041a1ca8797710e9fb7cde5ce9ae8f3b01f1f,43216a4a61e40a48,train,val,1,1
006011,500,375,RGB,1.3333333333333333,37ceeb98306599f32348474176ec498078725a20afb88b1d1781a2fb2e54e5ba,2503c3ccc4ccc00e,train,val,4,4
006012,500,375,RGB,1.3333333333333333,877a82f820b7adcc6026c94cae1862db6a0453739ea3866f24aa6e3e303856c7,e0f8fc7e748fe7b6,val,train,2,2
006018,500,332,RGB,1.5060240963855422,607c8b446d0cd6d1b83c422b8add4bddf11e8d10c3aede9dffb56fca0f05d189,ab098f19c8477359,val,train,10,5
006020,500,375,RGB,1.3333333333333333,2194ffd66d90412a2a2f1b292a7d223c7615f5ae6d2a4ea061b87d435f3521b6,20301e14e0d2c180,train,train,2,1
006023,500,375,RGB,1.3333333333333333,ded4929d1cceae3878af83b57720e5ac8a0393209af36ef20214d52c84e362aa,c2c20c0c0f1b90f1,train,train,1,1
006025,500,333,RGB,1.5015015015015014,a95e87ca7f9d862219e16438cf4d621ca3f95167b77801d76ed38b145c7dd94e,c0e094d066164890,train,train,1,1
006026,500,375,RGB,1.3333333333333333,48f14804817565a70790057377ce280c7e4f79ea8bbcf6d6ae2b34563b4e9e82,fcf6eea7a7c69b9a,val,train,2,2
006027,500,344,RGB,1.4534883720930232,e7c375ee8796eae67a68cf12918f7c6d7d2f5fb172f34c49312e75aa14a664ea,88c0e1f1929290b4,val,train,1,1
006028,500,374,RGB,1.3368983957219251,f40660d2fa14e1db98d010d986a298f41ffb33fe803eb8c0779da6da0dab9d5f,3f1f4c686a76248f,val,val,3,3
006029,500,375,RGB,1.3333333333333333,cde71ea4cb6059076359b4323d1c346b08a3e3db26bda89279d67127227e2110,291756fc346560dc,val,train,11,10
006030,500,375,RGB,1.3333333333333333,d36c856ca30080b004fc5914778667077a4f5225510e97d3dde32959c85307fa,80062a6b434a1a38,train,train,5,4
006033,375,500,RGB,0.75,24367d39964b5e03717725aa5c9c83da21901cf940661838d9898564ddea3334,6ed3f6478785c3c3,train,train,2,2
006035,500,281,RGB,1.7793594306049823,a8b871ea8100334dadecf7e96c6827989bdb5d10adab03249f319c7b62b29595,8c8c8ccc8c14a4e0,val,val,6,2
006038,500,332,RGB,1.5060240963855422,662bbc95bfb9b2932813babc63af3529eadadf81027e9ff4f73707bebd6e7a93,f0a45a61e5e6f9f1,train,train,6,4
006041,500,375,RGB,1.3333333333333333,7632f4e6c72ee9f77a217551a3dd1ff3556f1e557e7fbdd51712a32a3a145da1,b4b45ad2d3cbc9dc,val,train,4,3
006042,500,333,RGB,1.5015015015015014,407b78bc4d74782b344947adec7827af633300e66d0b0fa6d7648890b1d564ee,3130381ccfe30c70,val,train,1,1
006043,500,375,RGB,1.3333333333333333,35f7d9d3092e494174e0fd44ef23663b60d5960a375992d1c6515455fbc0ee15,e27323a3d16d0d06,train,train,6,5
006045,500,375,RGB,1.3333333333333333,a4eecbe88bd91f2b7ead729486751bf2e2043c1641cab77b040fe62599b33f9b,73636364edb5b9b6,val,train,2,2
006046,500,332,RGB,1.5060240963855422,635051eb93f505b375d71a44ff64ce7c72679b7e401b923c1d5210d09433e282,ecf8a4e073e7f4a0,val,train,3,2
006055,500,375,RGB,1.3333333333333333,1248bea3470fdf6b772b0f842808d384163b16d362f273a4de3e10fec5e813a8,ececccb849490928,val,train,5,4
006058,500,375,RGB,1.3333333333333333,47ea383b241cb6faada4de65474d8828110b6418468382017778dfc3c59b25f7,252588ba666aeeee,val,train,1,1
006061,500,375,RGB,1.3333333333333333,e5d7bbd711c3879e7119e8b327c1a88978d8f63d3732dfba973e8dce4114f156,7191c7c1c8c7e7e4,train,val,5,4
006062,500,333,RGB,1.5015015015015014,abe6b510082de53845a4ba4b1db371c5f79a311e0ed74fd44b2476a3e9f29943,11f2f7cd3723dfa2,val,train,3,3
006065,500,375,RGB,1.3333333333333333,31c97ba8170ceea282cbd9b6060ae3d27ad760c036396169307b9d46dcfb56c0,91b1b9b0b474e880,train,train,1,1
006066,500,333,RGB,1.5015015015015014,ab500fdaf4fc2d15ea1d868c668c7e05fdc14122e39f596082f2bacb4f924943,6b697996b7454dbd,train,train,3,2
006067,500,375,RGB,1.3333333333333333,f2a22035bd3a715d74a5eaec3d6aaf71a3780b79721fc68bc9bc549c341261f6,a0a0a0e02a1bc0e0,train,val,1,1
006069,500,500,RGB,1.0,00b15df4aa6a5b687ce382986d7f3b508a6e5db427df4b2c3d2c91f156a5274d,183838382c48747e,val,train,2,2
006070,500,500,RGB,1.0,88c2cb6eec219701d9110eb6ec3bcf3887b8c289f35a312196b6d13f51705bfe,2580219181919193,train,train,1,1
006071,500,332,RGB,1.5060240963855422,b8d3ad16e4f758021cd8d35879bf0b8cec2783265a54f68b3c978fa202332df9,b8f4ccdb9b8c3c38,val,val,10,10
006073,500,375,RGB,1.3333333333333333,7f306ab9aadb2b157a17c047ea96c77ddc15f8417cfcfc86394cab6cbb040792,7fafdbe1c9adeeb2,train,train,3,1
006074,500,345,RGB,1.4492753623188406,be119c31d2ed0088d8bea1e6b6a10f4d0d23ea4faff3fa527391650438d593ce,e8d89899519858d8,train,train,2,2
006078,500,375,RGB,1.3333333333333333,aceb0504dd85182c8c2e9a0038ee14a914fe8ba744927eda2628892da931f80f,781c3c1ccc4cd0e0,train,train,3,1
006079,500,375,RGB,1.3333333333333333,3ff10851c6ed4ef61c633c95a9a010ff105ae39648648c9fed3c6c3819bbdaf5,26929262a4f8f4f0,train,train,3,3
006084,500,375,RGB,1.3333333333333333,d7eb52f570fb11bf0573f75bac3bdd14026371be996e6a3c778d808f7799a6ce,b0c8696871e86c00,val,train,1,1
006088,500,375,RGB,1.3333333333333333,a211b75df08f1579f771cb95262a8fbf344e1a75d017f3f5812edd51c2915e8a,fc767676484c99de,train,train,6,4
006089,500,375,RGB,1.3333333333333333,73b77fdacb3c2d968ce3ed6694fc0b074933200860e87ae65949953f21ad454f,bf66c8d0486a6396,val,train,1,1
006091,500,334,RGB,1.4970059880239521,569dfea8ad1bec68b3c4ef1a1c2def8ecd45712ef0dbdc901d6d984847708eb2,0844692d8d0e4c66,train,train,2,2
006095,500,322,RGB,1.5527950310559007,4a821880af03b6da3220f7f4644326db8669565eca00e6d7f7553d35a0109f01,dee0bce4e3b1c5de,train,train,3,3
006096,500,375,RGB,1.3333333333333333,d495a8a4a161d3526cb812238e43bb9d99eb6483f28fd7a75598fe42049ce3a4,43632f5933454f3e,train,train,1,1
006097,500,333,RGB,1.5015015015015014,4d5b8e953bd85373fa45fd75cf9cddbf9bc89abef373bc85f2fe66706e545da3,1c14215858e1e0f2,val,val,1,1
006098,375,500,RGB,0.75,96cac27740fb557e0ef5df9ce80ff534327662cd0945b14f4449a558501ff85f,d8b0a49eeca4d4e0,val,val,3,2
006100,500,375,RGB,1.3333333333333333,53f01d5ad651f7d0fda48fb4f7304c959f9e8e12e1ff095cdfdd3d364e28dc7a,33272704b48b4202,train,train,5,5
006103,500,375,RGB,1.3333333333333333,de98129a3725ea72394231cea2c45175de7d2edd75345c9ae33e9ee897f92b61,810b2e3c6a6263cf,train,train,5,5
006104,500,333,RGB,1.5015015015015014,f07de57c5f390ce124bae5fa5aa2f1988db20f4d0fba1d85a88d7b5a9c7d5873,f4d4d8e88c878f47,train,train,3,2
006105,343,500,RGB,0.686,376625180df73c07e98a1fdc3c34576316040db8c7bc87046e50f1ed586b1f62,212933172f3f1103,train,val,1,1
006107,500,335,RGB,1.492537313432836,491451270aaccc9f0e8bce05dc2f2d6bf1d4ffa59aa45dd6a2078b4b36626f1f,24a4b031613b82e0,val,val,1,1
006108,500,353,RGB,1.4164305949008498,c7e1748959515bf9b4080a2333097f218d7d35de10fc2b7f8cc5292659f760ff,e8c2c2c2c0c171c5,val,train,1,1
006111,500,375,RGB,1.3333333333333333,a457a10298bfd218451d3056f8e6a48309f981f679f0336f034fa5db8d21baa9,dcc617973634a4c6,val,train,1,1
006117,375,500,RGB,0.75,ea22f2736e8ceba29571638370f9d0a7128eaaf501bc66229007d58be0b5b008,70800c668d8c25d3,val,train,1,1
006120,500,333,RGB,1.5015015015015014,555f70cb188d42b493d9d0b24815a49f5a6a9026574c4cb6c3e84347cd753c24,1343c07832925684,val,train,2,1
006123,500,375,RGB,1.3333333333333333,d4fdf7ba8b48376dd2bebbca6ff0c0611b4e22f1e87f7cf6f0702d3cf80a8992,e0f0f0e0f0b6b0e1,train,val,4,4
006124,500,375,RGB,1.3333333333333333,d16038af81e459ce0ee934e5fa364ef61c6406761fc3b19c8c8ad93265c637a9,71f01c07654d4907,val,train,1,1
006125,500,375,RGB,1.3333333333333333,a6189b9efb38c1508b051fafb431e63c0d7f5945218e278dd2f51e92c969c723,c6c4e8c810622243,val,train,2,1
006128,500,323,RGB,1.5479876160990713,3633d200c499d2d859f3e67d2896585f5b627ee6b6f8749292afcbcce64decb1,f67e2f8c941517ec,train,train,12,2
006129,500,333,RGB,1.5015015015015014,c11b801f7e1dd398047bf50255fe33e22beaebefe058c87aaf9619750afab694,f8f090656f8c90c4,val,train,1,1
006130,500,375,RGB,1.3333333333333333,073b0ebc01d71d4fd8f7c8fb079a270faa4edf516b52b44452ff4a028acf5fd9,4b496993d94d2d21,train,train,4,4
006131,500,375,RGB,1.3333333333333333,207d4ab83c3b4979701e2516e618a9dd9157ae4e2ab5fd52075a4000bab16746,9e2e24959727d3e2,train,train,3,3
006133,500,333,RGB,1.5015015015015014,945eb9fd1042b622cc18808c65f9367c06aa82aea80497e637ff0e5559f5838e,9b5878f14e068eae,val,val,17,4
006134,500,375,RGB,1.3333333333333333,d6ddfddd0b2cd22ebbdf59d295494c22b1a460f6446c28c4e39ec7725f0ceba7,400e0c24143c88b0,train,train,1,1
006135,500,332,RGB,1.5060240963855422,854cc8f2108ff79d29c65d97da2d2e6a80c61a249168cf3826f87a35a033ec62,b1b9b9dbcbf0727e,train,train,1,1
006136,500,332,RGB,1.5060240963855422,eac6cb47c189e66cf786e5900dab3d0c72cb7bf15d0d786f459b8c511f9eb832,acecd870d8c672f8,val,train,1,1
006139,500,375,RGB,1.3333333333333333,75c6ea4bfd71e78056799ad5d445fa381198e6ae59c84c4bcdc812f8fa6ec78c,7af8ace6b6eee465,val,train,2,2
006140,500,333,RGB,1.5015015015015014,34b213f7b81f13296203a8eb80a99ad2f253b3d1636d1e35226c429ae509a376,e3e0f05050c65a91,train,train,7,7
006141,375,500,RGB,0.75,2f6abe6f9ead7ee92bdc41ee3b3bdbf95e2b093a82b1b3e11f9c92aad205a779,188bc98e2e07ad8d,train,train,1,1
006146,500,375,RGB,1.3333333333333333,4d87bf00d383e3b3241f4239ef4870be39dda3ab0a577fd2ca638391ca4b0370,f4f0d951143622fd,val,train,1,1
006148,375,500,RGB,0.75,7a076fd3b2546353881c82eb37f29e6fbdb63774a0a7a2584b33597234313f1f,e0a0cdd9f1f278a4,val,train,2,2
006150,500,400,RGB,1.25,914590b7de05fcadcb606c54c83ba85af72bfaa7b4766cec44ffe652afdf7925,ccf834f490a4a47e,val,train,4,4
006151,334,500,RGB,0.668,edbb0f92f5388b69709e6adedf2e6e07e30845fd1007bd3bbabc3f3e5006ff05,f0cb23b2fada3d0e,val,val,5,5
006153,500,335,RGB,1.492537313432836,266bea07ce6110c9c9792ba0441dea714d3f0bb8d66bdd0ad29bfbc6b1addb1c,30395a92c53eedcc,val,train,1,1
006156,500,375,RGB,1.3333333333333333,a286bc8faad7d89c15a251476f573d77f26d62f6da25d6e84eb9e5184b9af01d,c4c49696968684c0,train,train,1,1
006158,500,375,RGB,1.3333333333333333,6b543290835afdca2329685c48a5a67dbf7d43be59d5e78defbc5962b4f5cef8,2c38255175bdb8f0,train,train,3,3
006159,375,500,RGB,0.75,0e123cb94c3719fc9fca856c4a2130e2ea320d7158fcb493a42fd1589b214bb2,ffef2f3f3f35375d,val,train,1,1
006161,500,333,RGB,1.5015015015015014,383096f1887c1e503aa63fe0edc0f1ab903f4f512d9bab254ffb10644e4703dc,e8c86222ea68c8da,val,train,11,9
006162,500,333,RGB,1.5015015015015014,f94b3c8d1de7d8648e3ef8090f5be94d5cbc47323d3a439813f44a99a011aabc,ccf4e8d2a5cef5fc,train,train,1,1
006163,357,500,RGB,0.714,9be34ae9485d779e33996617fbd1a1a4d43b59000447dd04aaca7d1ee28734e7,6634110b9e160653,val,train,1,1
006166,500,419,RGB,1.1933174224343674,a04a87684351a782ad02c09bdbaca4f5cf6c88df27cde7c25c83c25062d127c4,f9cd8d0b0d9f9dde,train,train,1,1
006170,500,334,RGB,1.4970059880239521,8d615a3eb677fa615479fd6aa3f50c04048468be5710eac740c137c6a34b4e44,b93cccf0c2e17938,train,val,3,1
006171,500,375,RGB,1.3333333333333333,652d01b6fd6050366899f60a49fb17a514d5b6924aa72735c5b070366938f96b,cff797e38d9dde72,train,val,4,2
006172,500,375,RGB,1.3333333333333333,33729e7a31273712a51302b5b8ed85c614ae60b009d9496c90c7b3084cad9924,e6e419d9d979c284,train,train,2,2
006174,500,375,RGB,1.3333333333333333,7602f75f02e2ced69a75f2b72f6213033ed5ece0850d0a1399bf0644753f6dff,3ba4444b9bb3b2b2,train,train,2,1
006175,500,275,RGB,1.8181818181818181,9c9536db0892725faa10e7ea8a6bc709090bf4cdf970ed056d19399bb529b6e0,ca8d959513d64616,train,train,1,1
006176,500,481,RGB,1.0395010395010396,8d62317c1f17c3f6a42f936fe6e8ee5865894fa99edc2c529be123e5a1d6594e,a406564a4a7a6739,train,train,2,2
006177,500,375,RGB,1.3333333333333333,1cc3a032ec28478e59af7b9e81f3cb8022f6ea114916aaa21a17329fe4e94536,64f232243038a3c0,train,train,4,4
006179,500,333,RGB,1.5015015015015014,1f24fecadf1a17b1c8f32b17ac3ac8dd9814ab364a770d2f8d7e2725c892022a,c3929393c14c3693,train,train,3,3
006180,352,288,RGB,1.2222222222222223,62760a9c622620091a9941f6600f06382e3e960d5e7ff6a9372c00f965a0f61b,199bd36362383918,train,train,2,2
006181,500,375,RGB,1.3333333333333333,2137b43da190557753e05cf049dd91d87f2a473721f1e8d98a70f5af5951e02b,00c4861b29649700,train,train,1,1
006183,360,480,RGB,0.75,64553417e9a6d078dbfeca9fc86e9730a735dab8c3a0afaa695da3b4c86a70f0,c7a644490911530a,train,train,1,1
006184,500,385,RGB,1.2987012987012987,4ce9b2d9e5c00945ec9161c9c25c9ba14b1e3d35a9ca545854b9b183d857e32f,bc8cd6d4d56e6666,val,train,1,1
006185,500,375,RGB,1.3333333333333333,97486278a05b001fd1187155e996739d0eaef7380c41afb0bdfa666fc1705f46,9ffeda5adc8c81d7,val,train,5,4
006187,375,500,RGB,0.75,619364fcf2f17e7995b0bcdd7188ff1635bbdd6577a89ac29c7e517c7f99d413,dfb5f0f0ec6cd8d9,train,val,2,2
006188,500,379,RGB,1.3192612137203166,20cebaedddc9a3c414beea78d127f28cf3e2e15c5c321a1a45f4ccd4fee27c74,ecfcd6d6533373f2,val,train,4,3
006189,500,333,RGB,1.5015015015015014,05b659d388cef5819acdb21debd52dfb65a54b16130b98a904ae17bd4f90a14f,e2e6e3cbe385e5a3,train,train,3,2
006190,500,312,RGB,1.6025641025641026,64ac3daa09a692d096fe900cb3c328c2691657cec60f35d85821207480d06964,a5c5973978ddf070,val,val,1,1
006196,500,375,RGB,1.3333333333333333,7f30375f787beb2fa2b417e001db8a09b87cf8a6ae4f6616fd44d7ca132547d6,d983130e8470b18d,train,val,1,1
006198,500,375,RGB,1.3333333333333333,6849bb5f3e15d796e943e41dadb3c47b8c7027cc5a2e81a91e523d84b2dc4d1d,0d39b2b0f868b8b8,val,train,10,10
006201,500,333,RGB,1.5015015015015014,be899ce523c029ca51d48fa62ca6d11a97ef649089de7473f67a7e760786814b,6f7b8ece9bb2b7bf,val,train,2,1
006202,500,375,RGB,1.3333333333333333,4a433e018d092ed655c62897fcee7f209f72dc1b84fd557f57e8efc781e6b088,33b3a969a8d6f0f0,val,val,3,3
006203,327,500,RGB,0.654,b5178308141eb4354472480b5ee584c0e7f8925596df0f6dc413d4c6fbb45c0f,90989a1d2f391d13,val,train,2,1
006206,500,375,RGB,1.3333333333333333,9bdb62fabfcc66c2ca72093c7b72fab593a420197ef30a36df18b5d495917314,d8c0b9a1a6ba0cc1,val,val,3,3
006208,500,375,RGB,1.3333333333333333,dca0a13e1eb1111eaaa55087220c2048b1da924f189542f1df8f7e580e44747a,784069692920bb3b,train,train,1,1
006209,500,375,RGB,1.3333333333333333,3161d9f254e23dd6dd4d6f35776e593ba8738e2dc384202a78ecd74a68675fae,b221253347657034,val,train,2,2
006210,500,375,RGB,1.3333333333333333,ef31aa2bb432b68002471116c3d762ead8286293f6a4d18f2214d7ac2b9505a4,6b7b9e8e9b3f6c3e,train,train,3,2
006212,500,373,RGB,1.3404825737265416,68afed760aa1b18ee0bc046091701c2298599750d33eb85bff14226c79963477,c3871f238e98224c,val,train,1,1
006214,500,375,RGB,1.3333333333333333,529e932380a2f40dfb0a29cadbd1b3f41165544b76603b11bc24c8e640d53bb7,376674797939feeb,val,train,1,1
006215,375,500,RGB,0.75,14d559e18ff8945bc0e13a4ddf18530071dba326bb96c9401184624f621e3fe0,c812b2925a8dad13,val,train,3,3
006216,500,375,RGB,1.3333333333333333,8c7ef6f39766f1b22641f83af69738072c9439efa6876206fbf56520db1ef04d,c1d4b89a1eb6327a,val,val,4,2
006218,500,375,RGB,1.3333333333333333,6763a15ec9a62344bda454b723b91fc2907bfea22da7f4ae34045c421f7547b6,3c7eb1f0f4f8f8f0,val,train,2,2
006219,500,375,RGB,1.3333333333333333,25dc64f3b523994413d75e8e73bcc17d88d160e8746c89ff40b6fa371b379228,888588f0b1a9a793,val,train,1,1
006220,500,375,RGB,1.3333333333333333,1eabe1ca5cd5293b1d63e2c93cb0a0e7bc47e326ec22b1daf9676dc5effd23fb,d2d29352d2d2f2e0,val,train,8,2
006221,500,375,RGB,1.3333333333333333,72cdad6a08a8955dcdf6fd101c263f39faaa00e66187c82d5aad1af6025c0e7f,c0a098486330e666,train,train,2,1
006222,375,500,RGB,0.75,51d262701cf6de1abc4706dc06bc50f8686d6951f0744db386903ced06a88aa8,14ccf86766cdcb2e,val,train,2,1
006223,500,333,RGB,1.5015015015015014,b12032aed166fdc3823d9b94e4ab4deb6d72e6c31fabfa6b265cf59e98a2d6a4,f0f0e0b4948fe3ff,train,val,1,1
006224,500,333,RGB,1.5015015015015014,93876c4ad94e50dec2a322c61dee8c93a8c416a2f9a2a83a8cdee19a6c1846a5,8cffed3ef080d037,train,train,2,2
006225,500,375,RGB,1.3333333333333333,99f6a15842f9cf3a8b694c21cbf4e726beca474e28b1025c641c931278fbb1a7,99983070e12b0743,train,train,5,5
006229,500,375,RGB,1.3333333333333333,2c5cf3b5ffcc6e498315ebb3fbb9679b61c62d22c9da687e032fd5ff03d523a3,27268e96948a8ccb,train,val,5,5
006230,500,375,RGB,1.3333333333333333,4d2c6fb7136f05b4f14291bee659dda236228d07ea04b31f00aac4eb91e1a245,da33a3a5f0f7cfee,train,train,1,1
006233,500,375,RGB,1.3333333333333333,a0e0437d0ade8394d2249d4d63834915606dbcadd9baaef5abcc2cb9e8de21ef,f0e4e6062638d1eb,val,train,1,1
006234,500,375,RGB,1.3333333333333333,95959764e1bd0b6d52e1004f758d9da43d8584e29bf49ffc4a80dc3b0deb136a,d068c4dcd8a0f0e0,val,train,1,1
006235,500,375,RGB,1.3333333333333333,e6b88b1657b8106c478b6c353b68429259b19cf0bd3b4603f7225d18c3057193,cececc8ccccc8168,val,train,11,6
006236,375,500,RGB,0.75,488956987dd2c6d307d7a8e6b1c8c8b1aeda0e1569449277b9bb88e68f58f6df,b7af8a82272f0f00,train,train,4,3
006238,500,333,RGB,1.5015015015015014,99fb5f1a49c5c151d345f2a021a595d8c1e3f1f992e6618c046669eb2b0b5a8c,6e6a48dad8f8d9fc,train,val,3,3
006240,351,467,RGB,0.7516059957173448,c9feadaf7d09fa954fdae04b0fad4f819cb1fcbad43d1264fca7deb03245b6b6,43414999194ae273,val,train,1,1
006241,500,375,RGB,1.3333333333333333,a0fe318ffe8d8e1e62f9166ea8eae9a7002f78746cdd2dd381a712236f7133e5,0d1e90b49ce0b4a4,val,train,7,3
006243,500,375,RGB,1.3333333333333333,315515df7f5aa271dadbbf74b04e2ee55033953deec245a70803e3315312b19c,ac24244cc863664e,train,train,9,9
006247,500,375,RGB,1.3333333333333333,b57f423e0969b0d70d3d8a675b8ed1a25f985aeee196c9d6db32eaac9bb11c5c,607273131637336d,train,train,1,1
006249,414,371,RGB,1.1159029649595686,46eb5295b847aca4a931a727de3882ed06de6c22524d2bcd6dd265d066893e41,d292c2c296a8282d,val,train,1,1
006250,500,375,RGB,1.3333333333333333,e92e6083368891d739828ece3bad62370105dc3af64e3255a569dad9e0e87578,88a4aefadf1cda39,train,train,1,1
006251,500,375,RGB,1.3333333333333333,b31b8ba33c59a6caf9f037f00037eb40fa7875f7949001df3b968db6b8e54604,a07c9898d4b46890,train,train,13,8
006252,500,375,RGB,1.3333333333333333,c85fcbd71d271e0cf6bf0f62b1158e39734498bf6265eb7d75e442bc5e4e0a9d,3120a624240c4888,val,train,1,1
006254,500,333,RGB,1.5015015015015014,463d0a2e56ae8c7a94bd36b68d006bd666254630ce86d4d35e2924e5518d06cc,a9fcd69f3c766eef,val,train,1,1
006258,375,500,RGB,0.75,05e4f4dfabd40cf4efade6ba009ef95572678f7ace8a60d90f7e8abc6a78dc6c,724f8e34572dac8a,val,train,1,1
006259,333,500,RGB,0.666,fce7740e7ca685fa4b8cf7bb2878cad9d363ebf145007715bf87473ba7802cc3,e40c22c4ccccd0e2,val,train,6,3
006260,500,375,RGB,1.3333333333333333,390279d681260cd60b888a2151fe5d8d4e6522dc7708ef19e8245eb798890ddf,8dcf93c666e19f9f,val,val,1,1
006261,398,500,RGB,0.796,817fac91d80134b77af32da9776571ff5fc4bcd6916f66dbb4659613ade4afd2,2cececb63b1d260e,train,val,3,2
006262,500,332,RGB,1.5060240963855422,26e5fcc0b8e51e08e9aa71516025665b3a4b10bfa0e2d17ec88ded435d987765,0b2bd9b1247039c3,train,train,1,1
006264,500,374,RGB,1.3368983957219251,5899a74a2034c6f40d8a97c552d8f06669993beafa84811edd16b6560c0c3274,f1339999db7a6a60,train,train,1,1
006267,500,335,RGB,1.492537313432836,9ff17a7ecea06444ecbf4f527a44272e7c8668525f8e06703b9149d0fd4c0b12,6ecc90fc8e96f4ec,train,val,2,2
006269,500,375,RGB,1.3333333333333333,ba0d2f9b21d991b87f89f73622346cd3e848221ecfab2eaa6741cbb5c8112566,d98b363e2e263786,val,train,1,1
006270,500,375,RGB,1.3333333333333333,124ef38f0e67985dcd483bd83a113b700e82150bb8c05d141331dae103e3c620,f4fc68606c6478d8,train,train,3,3
006272,355,500,RGB,0.71,f2f578ea7dae19050f75a153a94496c4d8177a6fd8e16e01f9c1253906a56489,99e862e2e0b0f0f0,train,train,2,2
006275,500,375,RGB,1.3333333333333333,5c30d4e130bcdfa81d472da5fe5accdeb88da7a9a75fd4366ce129bd71501015,0d898e9696964d9c,train,train,1,1
006276,364,480,RGB,0.7583333333333333,e1e0e6f4a612499e7fdcd918fed04edb754d7773c5751c5a079d94b0764a901e,1b1dcfc797923434,val,val,2,2
006277,500,375,RGB,1.3333333333333333,fd9c56575c9ce63f9bdc78b9d3b4b1fea8e315d8bf6f1234fed5a40400c90797,04e1b0d8fc3c5626,val,val,1,1
006279,500,375,RGB,1.3333333333333333,ed4ba4411bcacff267004af65e0da558f8ff003a337344535c517e03872a8f01,30b0f4eef259fcf0,train,train,1,1
006281,500,375,RGB,1.3333333333333333,416b5c342fcd7589f41bdfe35141cb55ef165ae4ce1e3a15cab53cb2262dca91,f83b29ccdb535171,val,train,2,2
006282,500,334,RGB,1.4970059880239521,075cccf6673db0bf22b0ba105d05b0597877c9393fc4b6689aed302c44b4f3e1,7a68dcc6ded677e1,val,train,1,1
006284,500,333,RGB,1.5015015015015014,ed96909267974313d77fc2d39b1fc5b7c7e85f2f1db2c26d7f7a900046c076e9,0834b35258392d1d,val,train,1,1
006285,500,332,RGB,1.5060240963855422,428e94e2f719a69b81131f33a4c391bc253e03bb7025d0914e6950b3203822a3,80c05a391696d696,train,train,4,4
006286,500,375,RGB,1.3333333333333333,2bee91b43dc2993ea8f1f7b55941a71c1062ff4fc78eaf15165bb30e78a41feb,570606b731383939,val,train,20,8
006289,497,500,RGB,0.994,0e3c2661787308be0a8e0a35519c2903e2aacc50a6a354ce9d075168e5737de5,dd56735672743939,train,train,7,4
006290,500,375,RGB,1.3333333333333333,6a5fab04c112dd39d1eaaba4b91d64c4a2538f25ae79e8b76256c0fec947c69c,41188bc3650483f3,train,train,2,2
006291,500,374,RGB,1.3368983957219251,1c42d1d4d7a9719826b7a2a6d5e5fe025379f8f01839c18a352a1d090e369476,8e8899391a8392c8,train,train,7,4
006295,500,375,RGB,1.3333333333333333,59d92e0a4da1f230c27bebe0873c5170d03a45a9a9c09917895656c0e8ea54d7,80186b6708912248,val,train,3,3
006296,500,400,RGB,1.25,ac5316143d53180bd313373c4f7cd3068a1d2b043cd3acc3f164299d3f86c93c,c8ccd06470737372,val,train,3,3
006299,500,375,RGB,1.3333333333333333,b601865a799e23f611fe6fe3396e1c2d44ba0f47a6f573cd1250e324db387f2c,6362c38fcd41c202,train,val,4,4
006300,500,375,RGB,1.3333333333333333,e5f8e49dd2c0c1689fd75ed7fea3b9d8a8832caedca08f0240aad708cda1fd5c,e4c3b3b32363cbcb,val,val,6,6
006301,500,375,RGB,1.3333333333333333,ceb7e80e2c7233d9d6365e865ac977d3452f8cb76f24a7d7eb4aded20bf2dba6,09a931519349c0af,val,train,1,1
006304,500,333,RGB,1.5015015015015014,49b745aea41b532f761a4a4944d41e320f8c97f5a817e760d5113bf6166e1942,c0c0f0e0f032b2d8,train,train,1,1
006305,500,375,RGB,1.3333333333333333,ab1cd902580b3ebb34b15da7952f891f0fe9aec43071520f9e699d24a13162fa,c0c8c9d898a4c4d0,train,val,1,1
006306,500,333,RGB,1.5015015015015014,1e0177331b4bff2da2f868cd346cc7672ac75dcc07f92749614bd49824a4794b,9b1b397956f08584,val,train,1,1
006309,500,335,RGB,1.492537313432836,5a26ec84922cfabbd7039d0f2ccf1770dcfa59f9c3a2a329120775fc2e5bcd3b,70fcb49d9d8f8707,val,train,1,1
006314,375,500,RGB,0.75,dfb22c4744de5fb28375d96766a95ee6b49f044768688853871923ea6f0e338f,fc1f7870720ec7e0,val,train,1,1
006318,500,375,RGB,1.3333333333333333,e590733a168dc4c40d33fa6c01c13e88f14f7a2e0b6aadade8bf1476631512eb,f3f3e3c9cbcac8f4,val,train,1,1
006319,500,375,RGB,1.3333333333333333,6ad70bcd7a96804b37bf4631ed7ee28776fa3834476ec5fe2d52852aa7680d09,73f1e1d04c4f4ddb,val,train,2,2
006320,500,333,RGB,1.5015015015015014,a5d8f070c253127115dd2fe0835d246c9eaa3a51837de0a033eb90e9db1f5e2d,954dccb093938783,train,train,10,7
006321,375,500,RGB,0.75,cf8d328710f70a975c70b17d667bf31a89361d6921ba7038f8d7ec3b74f87ee2,f0e060081998daf0,val,val,2,1
006323,500,333,RGB,1.5015015015015014,f0c69351848b0a0e227cb007bf25f10ffa0b358a648ab908e3ed29e29ce587bb,010c8e8fc4d5f5e9,val,train,2,1
006325,500,458,RGB,1.091703056768559,20d91f0e249e63c6b5b8ffad52d1e3a0bc1f71e140caabf8dfcc6824868c504c,788c0d69d0b773f0,val,val,1,1
006329,500,375,RGB,1.3333333333333333,d2db721369194b225f8f3a63b4406e6f85479588a1b44813d579b84fb6aad810,ce5c56fe7804e1f0,train,train,1,1
006330,500,375,RGB,1.3333333333333333,a3bc85ad93c7a288f92f32db783af45781c88c9564b5dcff502391e2a583215a,8687662260c4d3cb,val,train,8,8
006335,500,375,RGB,1.3333333333333333,0c030e16d2343a2717d2a530dbdeee6fedb5a387b332452f9bcce11cc4d931e1,da68a2390826c3c9,val,train,1,1
006337,500,333,RGB,1.5015015015015014,229e70c8047889cb40a1a992805967ef4612091da9becbf0fbc03212c8aa93f1,c2c60471e3d8d919,val,val,1,1
006338,500,307,RGB,1.6286644951140066,e6f94b255dd0bef3091682df8651961c87b0d995d7b738eb274c2cc7caea82ab,1c5ac2c8ccfbea7a,val,train,1,1
006339,500,375,RGB,1.3333333333333333,5973976fcceecf8ec5f81b5a66ee8be4d29e5dc37a47358079b3d84e9c108104,f06373b373577d91,val,val,8,6
006341,375,500,RGB,0.75,ea7d5b0abb42a5b99ff6e27f24581dbbd08d0b8ff67818ac8d2f7e627ee5385a,f8e7e3e6e6c69e9e,train,val,1,1
006344,500,335,RGB,1.492537313432836,eb82e69e1f0441c30fc2a2623f73771d05ebd9d13c43c3feca8431e3614a0698,c00068e8adf81b0a,train,val,4,4
006346,500,374,RGB,1.3368983957219251,301c1e5721c5c76e33d330664fb66e5145fd7930da8bf1c271a32e7b4fb4f0e7,35b6e2d262252434,val,train,11,11
006348,500,375,RGB,1.3333333333333333,43ce3f2c9b7492c283033279dc93cf8ddb44879bc1e342eb439f0b0988cc201b,e1f166265a58c849,val,train,2,2
006349,500,334,RGB,1.4970059880239521,46cc18510ffb50530fd67bdd3a924e41d38f85809f8b06fdb40b0a39ed9aa9fc,8090d9c07c97c0dc,train,train,1,1
006350,500,377,RGB,1.3262599469496021,8334594d98431368d78345e9414a84a28358b0995e454e729803040fc15a0aec,41315d4f27594151,val,train,1,1
006351,500,375,RGB,1.3333333333333333,2b9e1863ba7ae16640d9ab8a3179f58537236a52b850dd8d8f4cb0854c169dd5,b4b8696d6cc999b9,val,train,3,2
006352,500,375,RGB,1.3333333333333333,eb0edd17871f53b3cbf2913e83142a7fff1f0b72a544235d0a733adc955fce0d,7d796a5371353434,train,train,2,2
006353,500,375,RGB,1.3333333333333333,9e9f3e19eb08accf6327d791aee0627fe30ea2a27a0094f3aec93b5a5b924937,bdd8d8fc64b63e3c,train,train,1,1
006355,500,375,RGB,1.3333333333333333,b8f1667504ce8504a735dd068f1b78ba7420fdfa132338d2ab4da2baba23111e,b6fa8c685a933333,val,train,3,3
006357,331,500,RGB,0.662,5c6a0eb7d8ae649600a0a2eeb0014b4286ee9ff9c0c621fc727eee03c6c76570,e0a0d0e6687047cf,val,train,3,1
006362,500,375,RGB,1.3333333333333333,61ca44958559a4f6a7a71e29aaddb07c330f4793046e21520485ad7c9a676d3f,183e2e2c9bb7461c,train,train,2,2
006363,335,500,RGB,0.67,4f799b71c2f681ed2ce32c61ff588b059c13c775116a93c22d123fb2fe43ea85,a0d9d5dc12167740,train,train,3,3
006366,500,384,RGB,1.3020833333333333,68fd68f20e07fdd171b9374776aa21daf3581508c476bed998cbf2cf91a629ff,ca4eb461e6e6ac4c,train,train,1,1
006367,500,333,RGB,1.5015015015015014,b0721b77ba822d5926ac36fe72c2d3751ea555758f2d6c009382f0d4c90e8777,49cccc989682e6e2,train,val,1,1
006369,500,333,RGB,1.5015015015015014,64be9a69ad95078c9b610cf10b994e629124f11f88a770a3f285745ef69ee56b,50d2e606136f7f76,train,val,12,8
006371,500,375,RGB,1.3333333333333333,e826b568bcfb143f94a5e392c0c90edd0057864de04ec9b0345db58377d0074f,3ab233b61e1c27c8,train,val,1,1
006374,500,375,RGB,1.3333333333333333,88d81d7a9b752bb356d640cbf98ee032cdeb5c6e12a218f32ab7443b791ac5c9,90d8b286cfebf4e0,train,val,1,1
006375,500,375,RGB,1.3333333333333333,bff32502a6c76a43d8bcfe8ed7c36206397d580d44381eb3588ef7936a6f9ab6,b0349095cc3030b8,train,train,3,3
006377,500,333,RGB,1.5015015015015014,fa9afca20818755c7e25c46fdd550cb048fda859f179ba36d2aa713c90b75f2a,ecf3a60f0e0203c2,val,train,1,1
006381,500,375,RGB,1.3333333333333333,176c8c6392730a486a67b3985d9651efde4fd1af97150278763aecf6bf417f55,63f37a6feb3a3899,train,train,17,13
006382,500,332,RGB,1.5060240963855422,aa2998db6abffc6261c8622fb350573f488ddd2b8cbc919096ab87cbe8fdc472,00d8e29292d8f0f0,train,train,1,1
006385,500,334,RGB,1.4970059880239521,70e018629b9f1d3d2a09fb56e7d6fc7e83163b86c64a86c985ba20ba3e927aad,e4e4a4d9ca28e4d4,val,train,1,1
006387,500,281,RGB,1.7793594306049823,6e2fa3c7160a2484104baf00645a1246107def20031882ea94226e283735b82b,d222d2d131210101,val,train,2,2
006391,375,500,RGB,0.75,6429df2df90e641f85a802ba9bf88907edd543e4203b9863995051cf61fe3d0f,8d9e333b577894fc,val,train,2,2
006392,320,214,RGB,1.4953271028037383,7c77c6ffaaf4ae5eb8b61c307709d25e613cf14cdd015b5ade06f3dee631449c,a6b666eab2a8e467,val,train,2,2
006395,500,375,RGB,1.3333333333333333,0136f5551dbaf265b9ca01bb6efa4447895ac59c30ebb51e22c427d53329b498,f8f89890674e58bb,train,train,3,3
006396,500,170,RGB,2.9411764705882355,54b603759996f3088ce83424e90bfe22b68c4a666fed043b2fe150e817fe4aff,32f0f073fba72734,val,train,9,7
006398,500,375,RGB,1.3333333333333333,bf030d41eeb6bbe85488a91daa37e71c347d894faca168752d2b101a417a9725,985cd2caedb5e8e8,val,train,16,16
006400,500,335,RGB,1.492537313432836,276cd2e242dc9e7b722da3ad4b1673d7939af4c64d2e16620bb64f3ce0e8c3ab,b2ffbb3c39da0429,train,train,3,3
006404,320,500,RGB,0.64,cb87d6abffc753a697d3c3258001e797c2525ea4c1dbde1930868867185ecf5c,9c9080cc4927450d,val,train,1,1
006409,500,375,RGB,1.3333333333333333,c945cc2b8b5a7407605a4b45a90b2fdf1f599f87580bf4a70c66431aa26b938e,e1d4e1e425d7f7a7,val,train,4,4
006411,500,375,RGB,1.3333333333333333,9bb00491e1cf62f1e37ddf194b6423eeb93a80c29885b1bc6dc7f06dfc76f2d0,f8b07879797c1c13,train,train,2,1
006417,500,375,RGB,1.3333333333333333,fcb9d179cc0d646b86fd1e00c8e39d4582848974fce280bf438be3b9a0eea13c,80c0a23818c7f49c,train,train,4,4
006418,500,333,RGB,1.5015015015015014,0e40f3d4e7dd836ff54895a737b7e8474f339c9f9b5a1fe3be79a614ff001b0b,cf3b3fa7cdc4c2c8,train,train,1,1
006419,333,500,RGB,0.666,180e8d1ce37a715409052099ea9593b99c52e5c97654593b593cc03b6279b955,c7a6aea7a6ae9cac,train,val,2,2
006421,500,333,RGB,1.5015015015015014,07e99bc241014f9343c3c731711de54415c39d080c4e6067f7ee8be130572876,c080e3fe200bfac0,val,val,3,2
006424,500,375,RGB,1.3333333333333333,e682175e07c3d2a8afaf73019bb36c3622eb279a160b819b20e4d34aeb395eaf,d8c8ecec6d6e2426,val,train,2,2
006425,339,500,RGB,0.678,1f4f7e1c3dca49c5091a35b637150053d7811e1164186466dfce07c8530ec680,e9e3d2ccccd8606f,val,train,1,1
006427,500,375,RGB,1.3333333333333333,9e9641f7afd9a62fb4fc5e5abc5afc0ed413d01de21db87a25d9381b6cfd6184,394c4c2c2667ab2a,train,val,3,3
006428,500,375,RGB,1.3333333333333333,a7fab5b538cb1c01af1b303e47e8f7380d1c5b03a4e0dab63ff098fdceb66505,20317073f333a2e1,val,val,3,3
006429,332,500,RGB,0.664,56c351365e397507a3498c076250f0e81ccc08820795705dc005dcf9e8a8bf69,1f21ecb51939b1b2,train,train,1,1
006430,500,375,RGB,1.3333333333333333,67776fa3f8eee702d9e83a5dfe9329c7859763c6ba03245bf8353a3ed9a598f5,e0c4c2a2a5589999,val,train,1,1
006433,500,375,RGB,1.3333333333333333,a2f9c946b0899687506b1c481ab15500d3ac679799bd8faf80ead72ce368ebee,823a2b31e3c8e0e0,train,val,2,2
006434,500,375,RGB,1.3333333333333333,10107eec529edd96696378e18cacfa4ed137bb76be46b93e8a860374a69f0195,90848c948a8e4c8c,train,train,1,1
006436,500,375,RGB,1.3333333333333333,1f2c292106a102e95553cd968f23f44842fb06f94d1d71dd5cb57ffdcf74cb44,e285a460e2b0b0e0,train,train,1,1
006437,500,332,RGB,1.5060240963855422,3e4edf7a2ffdce8c39a344c9939bc80e7b739d2b2a58bec4765ad91b6266e475,e0a8dcc656dce0e0,val,train,1,1
006438,500,332,RGB,1.5060240963855422,5759849fc0b85e293a6a94be614203f18602ac3879ed31481c173401a4c4c8ef,a4b2c69e5a4e18f8,train,train,2,2
006440,500,311,RGB,1.607717041800643,b667307076ffa2bc8a3868ffb669f6e566fee7c5ae62c663a5237349f38117ff,f8f8f4f8f8e2e0f0,val,train,2,2
006442,348,500,RGB,0.696,1d2d7a2adaf0bd56101e4ac98204a7411676b3ebfba162fd96ac52a1e4dd94ff,cac9c414b6be3e3c,train,val,2,2
006443,500,350,RGB,1.4285714285714286,13913b118fef17ee88248251e77b41733f92ad5cf8843bb18089ef8db038dd9e,f3f3f28d8df2eff3,val,val,1,1
006444,500,375,RGB,1.3333333333333333,a7e24caa6131010517a2a461f590d476cb533bd762d0207bab814209f3e0a6ac,13564c1528323432,val,train,2,2
006445,443,480,RGB,0.9229166666666667,b474f3480b0f43b835165464eadf599c248673dc9bb9be2658bba624acd4a08f,d9d1f4211f353315,val,train,2,2
006447,310,233,RGB,1.3304721030042919,eada636d219ff2abd4341abdec922d062bfe6341a855da2bad74233c3dd1f508,e1b8a0e44cc98925,train,train,6,5
006448,500,375,RGB,1.3333333333333333,95dda3b5a4997db845e079e723e1d305b17f01f23f9dddeee043bb5e3e091ee9,96979393b3f03062,train,train,2,2
006449,500,375,RGB,1.3333333333333333,77cc03c80782de9668673fad304a6c0fe8c73fe8ba39b510b2da8a9194a16a49,8c8e8c088ecd8690,val,train,1,1
006450,500,322,RGB,1.5527950310559007,d9316c8856cb491280531bd6832f50c09d86dccd16e12854f948cca39c91c335,70333b2c3c1c1c98,val,train,3,3
006455,320,212,RGB,1.509433962264151,693c363c512e92d620370c0c2c72879369678ee1c1f72634eeb5579aaa24122e,302462088c94d6df,train,val,2,2
006456,500,375,RGB,1.3333333333333333,b61c68a624871540a53a2a3c4e18d253ecc081e5bfa56f6a0d1cebd125f1ed83,b6e6f6ea989cdcf4,val,val,1,1
006458,500,314,RGB,1.5923566878980893,e8eecd9559737965e46e11f7cced3f798a5dde9a650075da140a34f170617e45,c15825311c494d96,train,train,2,2
006459,500,375,RGB,1.3333333333333333,62dfa2dbf0375d25c824b105ab3529a716311993a2e6757530abccbce4dee9de,183c2ce3c7663697,train,train,8,7
006462,375,500,RGB,0.75,99d037d6a7f8b93521705632222f6056aa91ecb71bf70f7d57c176cbae857073,0c0018181c341c1c,train,val,1,1
006463,500,333,RGB,1.5015015015015014,467712461740d39478a4c7e856c101971858024e9e9ea0cc59d42a3d02490d87,536351d9dad86ace,val,train,2,2
006465,500,375,RGB,1.3333333333333333,fba2ebedfed3b0ca83028405cc55b32b909be60c6f529babe7a49ba2c36944b2,ff4d0f27537b9ada,val,train,8,6
006466,500,375,RGB,1.3333333333333333,5eed1f82163b47aa523270d6494aa0ad087006318f713054f002b5aeea04c21f,cc2e6fcdd51d9df6,train,train,1,1
006468,500,375,RGB,1.3333333333333333,a47bd4ab85d9fa6900a55f8a513232a425abd08f2edc4d0b92169f4be0ce19eb,a4273bcee478dbf3,val,val,1,1
006470,500,452,RGB,1.1061946902654867,4503008b7704331c2bb21b5b78c3fc73c1151442759f3540a54b5af3b831c56c,a4b4d8cfccefecd3,train,train,1,1
006472,500,400,RGB,1.25,58e04bf38e9405d8e0336a1ba8ba7d84efaec09304b169977940ca6d99069659,f3f3e2f0f27c3b6b,train,train,1,1
006473,500,374,RGB,1.3368983957219251,6c9be1ae39f5519226b33573d747a42ce3bf5a206a5088afdf28dcc28d038c21,323232515130303c,val,train,3,2
006474,500,333,RGB,1.5015015015015014,b997ec082529e8206b8b44dda6bf9e78fe1b9a18eb06b83296304d8b04a2b489,98e4ceeeecb4fc7b,train,train,1,1
006475,361,500,RGB,0.722,eff2997478d5f8322d0205dd0572e97f6a2c93085dc6b167d06e513ef59f300b,01317733290c3131,train,train,4,2
006476,500,368,RGB,1.358695652173913,03758e07bfb7368d221c1eedd117184894d064147f8ee246e2f6f9252ad0465e,1c99119291966625,train,train,3,3
006480,500,320,RGB,1.5625,55a99e5a0a640e15cc587bbf35f826c5b4a20bfbb266f94d7432c7de10e9ca08,d06090b0d6d99390,val,train,1,1
006482,500,375,RGB,1.3333333333333333,1c878b22a83c811fd07a9680d85a1d8a0fb1211c1b5c32edc7eabd9055a7d2dd,68e465c99988c94d,train,train,1,1
006483,500,377,RGB,1.3262599469496021,af536cbc6f011893908a940d95408024565196c2f9a729dc6881c52a0de6e6b2,c1d1d096a8b858ec,train,train,4,4
006484,500,333,RGB,1.5015015015015014,9bd13f96d02e73a41172e781165139ddc76c08b762b3362146e34e4d60b08ff5,3774e46ae43ce5b1,val,train,1,1
006486,500,375,RGB,1.3333333333333333,47565cfe4d1df5fb484f1254caab10f0e26a9aff922c5b851a654e4baf610b14,f2f4a6aee370d8d8,train,train,7,5
006488,500,425,RGB,1.1764705882352942,ec8de12f8a0620ea950651e5efe79c90f4dbf2cc5be7dd1a0bc1e267fbc1e785,8081a1584a028218,val,train,2,2
006492,500,375,RGB,1.3333333333333333,286c21cde2b51033011304558909918afa07a509e38ba6570871ef643401c368,c4a6c48c24606472,val,train,3,2
006495,500,375,RGB,1.3333333333333333,2896c7525ad9f2147f0c5f532799e70952edc8d89fd13bbd11aeb47c74bba831,7078e8ecf0f0dac6,train,train,1,1
006497,500,375,RGB,1.3333333333333333,aa9900534c75dc8a8792a706dfc52c0a611da5cb9640d9d8bb04bec74190ebf7,d270ecda79e06122,val,train,8,6
006499,500,333,RGB,1.5015015015015014,4e2c13873363fba4c67285540d094c880375845a9f2f561a2c2a4bbc49c06e97,84628d0dcd8ccdcc,train,train,1,1
006501,500,211,RGB,2.3696682464454977,8fd438a20b13d5d62529ded07cd57dd598b3f7ff38ea8be27e6d3de6002f0443,ede72392cab29683,train,train,1,1
006503,500,375,RGB,1.3333333333333333,77239c3cfb66cc740c156ecdda2dae9dae268a83c0acf8c83963dc0ced2cc85a,80c2c2d0f86cea8a,train,train,7,6
006506,500,332,RGB,1.5060240963855422,d79b24e13afe83b82f092f81b515b7756cf66588aeeb5489c51c0339a31df440,1791218bd052d11f,train,train,12,12
006507,500,375,RGB,1.3333333333333333,4dba5ecad00289e31731b216f1ea3ebfbe32cb5d8a4425b74fe0f06f8ae1f684,796d4d5f7b3f1f3a,val,train,1,1
006509,333,500,RGB,0.666,45dc9d44bbe54e840d12e4ea43f200c18a71bd66157a142736f29222c4bd01a2,f0800346bc307c70,val,train,3,3
006512,500,375,RGB,1.3333333333333333,43b967511c35076df2e1d2628febf64eee1c8660edcc8393bf9453a864615679,8e9b31b1f9b1f1f0,val,train,1,1
006515,500,375,RGB,1.3333333333333333,93f70c205aeb4609a106acdbc7ea2f45f30e2eee7ab94277647a427cb361b8b6,b6b733373a5d777f,train,train,1,1
006519,500,375,RGB,1.3333333333333333,a63fe079eefde0915a332651585fe8dc92ee8044ddbb9d3f8ce44f106417a1cd,187252546c7372f2,val,train,6,5
006520,325,500,RGB,0.65,4b4c6c5f616625a0c121a48648fde587cbcfba5a226237ee6dff425956e90cbe,632349f1e1c1f351,val,train,1,1
006523,500,375,RGB,1.3333333333333333,0315e5f272951aa959ae032485a732d0914e0bc0beb7004f21dc88338d1d39b8,e0c0c0c0ccc0c0e0,train,val,1,1
006524,500,97,RGB,5.154639175257732,f5788f9835d78621e7ddc6f71a0fb8698c3c2f8d51f634970bc861e9c2fadef4,165b19369297184d,train,val,3,3
006529,500,375,RGB,1.3333333333333333,e0fc7a4dd10a01544c7498dd35a11935b67c2fad3b9090b91bbf7cfac5c90d9c,cfddebebaeb27e7e,val,train,2,2
006530,500,375,RGB,1.3333333333333333,a45a2202e9b40f3d6233799a0a3dace55fe350fa7f6ba2df1cc572c632cadbe3,864cdc5c3b4f4b59,val,val,6,4
006532,500,375,RGB,1.3333333333333333,6ce22914575af11c92036dc81cab2281a2273a826f9acdca7c74e45e4efeb328,f88892b4989b82f0,val,train,2,2
006534,400,280,RGB,1.4285714285714286,1773d46cb7496866c41c9d057c18adff2d8d96366a67650a54ed365bfa939d03,6a3974cdc9c9cd6d,val,train,1,1
006536,334,500,RGB,0.668,9455a0700ae67038ea13298094bf608c6e588f8a4d8613d13d0a6630aebece28,e0e0d88e0642420e,train,train,1,1
006538,500,333,RGB,1.5015015015015014,0e79a63dd670f3b9ce06d02294ede46f05a5d646616c18889a775ed305d6a0a3,3ee0c38e8c8e8c4e,val,train,1,1
006542,500,374,RGB,1.3368983957219251,c57a1b9ebb64a239ee897de277595512804673516dcb214c90cc759626f506f8,7d7f6f576fdd8200,val,train,16,10
006543,500,333,RGB,1.5015015015015014,c9729c8d44e30e86d905cc04464c065b67f888fec30a61f3a467bc33d20ea321,acac8cccccac8cec,val,train,1,1
006547,333,500,RGB,0.666,8ce05800640c8be6d126803b11556c04a6df091d401c1d471f8e7a939a443bd3,2314840626954d27,train,val,1,1
006548,500,375,RGB,1.3333333333333333,4b6a2ccae52e339c013d6d6037ad6089db63cb9a5e1e3d75dd9e191c12637860,5c585a496ee6ccd7,train,train,6,5
006549,375,500,RGB,0.75,5222d08f814ead7a70b97f2fbbdc00f4f58f89df330144737e5427705fd3922f,efeefeffffbf7f4a,train,train,1,1
006550,500,333,RGB,1.5015015015015014,6f9b79f39160d18e275ea9084de62dc435508096e7fac71f2e72fe6d0b266ac3,601e9b871bb2135b,train,val,7,7
006551,500,375,RGB,1.3333333333333333,a71edb8a0e7fafef553352b60b9e95e768e51203930829f96e1a596b4df681a7,c8ece612b4361381,train,train,17,17
006553,366,500,RGB,0.732,078f45d64dc629ea9d98c92957b6d85395f38a2ecfb46b319c14580439c6011a,b0311859b3c0c161,val,train,1,1
006556,500,333,RGB,1.5015015015015014,380b3f6a16e2d270910ec613d91fdbc2c89044bbaee450fb9cf4664d07ca804f,4b46c6cc6963d264,train,val,1,1
006560,500,375,RGB,1.3333333333333333,48d83f34307d9a012baa051956108bc61668aa85e4f4ba3b069084c58faf48f1,b7e9c8c878fcbcbc,train,val,2,2
006562,500,247,RGB,2.0242914979757085,f8fe5fbc3c25741c7d4468bb37bb29eed1c737b482cea2c9b0d75ad3c7cebca8,f4e5fdaa2e2f2a24,val,train,5,5
006564,500,332,RGB,1.5060240963855422,ab4cb2c1cafb3886efd49d4e22c677682788d0a916de14314a51dce23fbddf3a,f0fc60ba9b66f0f0,train,train,1,1
006565,500,373,RGB,1.3404825737265416,0da4657784ae9645b1ec80714d4cceb5fcf656bf3cef52674ca528ab9e70dbc5,a989a8e4d2c8e878,val,train,1,1
006569,500,229,RGB,2.183406113537118,31c50fd5c7bad1e780eed7c5ed173c42774d0eff73d3dc89faa09457e6f66cb0,b0b0d0e373ce3656,train,train,2,2
006570,500,375,RGB,1.3333333333333333,96aca9e6b666a35a19bacb8915b648f2636a12a5ee6162af9b815a4b6ffaa5f9,e7ab3a5cd890c0f0,val,train,2,2
006572,500,333,RGB,1.5015015015015014,72ec904e51f1e0efc3032056b6190646307490b0422e9439e2e168cc61bdbf12,7b64949c8da3d7fb,val,train,5,2
006575,375,500,RGB,0.75,1d1d2f044163a76cfe1f8aacda6e1294540ba0b10c8b617896dec7d44d19a7a8,071595c2a8a2968e,val,train,1,1
006576,375,500,RGB,0.75,4050a89577b75c31e6f2d208d2e5f87f0fd53d9e7e924db931f86a6b0b664996,db99dce4909a8864,val,train,5,4
006578,333,500,RGB,0.666,0c51707b47daf719a200d9adef4cf1a61e4dc69fdad66376b892ce0cb8296dbc,66861313cb990b32,val,train,3,2
006583,500,324,RGB,1.5432098765432098,4d94a8ca413f313d8685029f65edb9dd9a7e9db6fe9d10bc3ffbc8d404cbd189,c6c8282464369829,val,train,3,3
006584,500,331,RGB,1.5105740181268883,94cd11ff2fb61dd97615a9bb8cd2c41747e1e5a79fff24b7e90634ab78308af3,541195959dc445b5,val,val,10,9
006585,500,331,RGB,1.5105740181268883,dddccecca18ab339d194289d83b9872c458c25dd5d534bcc99c57995a801df2a,f8e4c5e9541c0e20,val,train,2,2
006587,500,375,RGB,1.3333333333333333,7f7c1599ac98df6193620a087d2c166872c7e555907c2d56d0965d9df8015393,c8cccc48cc9b06e6,val,train,1,1
006588,500,333,RGB,1.5015015015015014,264c0caa3c5e92841261f8624885cc854e05c68447bf5c765909bd21e299273c,c89c97830b0b8e1c,val,train,7,4
006593,500,333,RGB,1.5015015015015014,44eb5e39ced1bc471e617889704cd9b18c05a533956d2cd942f202fba07c9ec1,392264f1f3c3c3a7,val,train,1,1
006595,500,334,RGB,1.4970059880239521,6b1547759bbc20a6f4daac71b6bd47ac648ba2ba0d49b7c1ca698b352f3d8053,6962727070f0f0d4,train,train,1,1
006597,500,384,RGB,1.3020833333333333,6210d7bedb1b15d9a699fe7bf6b55ddcacfb05f7b9e0c227a480ee2ff3f67e89,1b0b613919397759,train,train,1,1
006599,500,375,RGB,1.3333333333333333,5f24160e00e62726fa02b101cfd4c1fedf619e89253ccd8403993e32a7a73337,d69283d491a9e5d3,val,val,4,3
006602,356,500,RGB,0.712,f8515c7a3a2badc0b013cc3d279329cf4017dd0cd122561f96e5b80e1ea9c975,ccd89e0f99db799c,train,train,4,4
006603,330,500,RGB,0.66,39c96c7680a48017b31088bfa31f83a6765c56058e3a5222368059a695790b90,4bb6c0c8c8746021,val,train,1,1
006605,500,375,RGB,1.3333333333333333,de132549a678e2a06ce0f113a2e57a7c5de86afc6361e84e97dab06e0d7afa88,6161414941170707,train,train,8,6
006606,500,333,RGB,1.5015015015015014,770da5573f36cf376d330520286e42eed4aac1b5934a62a8b339ab9bb2f44479,f8f0d8b4f8f0c0f8,val,train,2,2
006609,500,375,RGB,1.3333333333333333,0b59c076f61bd9134b55ea0578a109b5a7132f937b0e71ebcc11b2c63e84e6b8,9b3d1933336f95d7,train,train,2,2
006610,500,375,RGB,1.3333333333333333,a30d7b2aead141de5314d23f20e80b792d2d2fd970e6aa967e816bfbbe6eae40,64646064f0ba9cec,train,train,4,3
006611,332,500,RGB,0.664,b9ca3a71e242d278ac49d5fc07058ae42483fb976cc5536ebc7f312864410efc,64ece04d6ccb03e4,val,train,2,2
006612,375,500,RGB,0.75,f5732cdc115f3b7829da12861844a1716ebc5f559d6b59ac95e68f6ca934a967,4c0df2b41e162784,train,train,2,2
006617,500,332,RGB,1.5060240963855422,7b19d452ada2a2acac0d9ccfd9f404fce412a0f88f0971961eae0ee5d8cf1d03,e3d193163cb414c8,val,train,2,2
006618,500,331,RGB,1.5105740181268883,388e3c05e5b602e22434258af3d3879663de2f85f6d06f4797ef64625c7b3325,809f1871179b9bc8,val,train,2,2
006619,500,333,RGB,1.5015015015015014,b4dd4b5f357078375f54e2c867e837f21fe44222bba23764190d55de4ecfd0bc,00100c901404040c,val,train,1,1
006621,500,375,RGB,1.3333333333333333,fdbf1d19b320f1446e1212db2a2f1c575a49ff0330a40244ebd1862a2c9835ee,9b91b0b0b0b8b830,val,val,2,2
006622,500,332,RGB,1.5060240963855422,0c956db30889c304aebfe40cadaf390e7f392d34bd675a16abb2f4b3a8d14cf9,a6b2beba6eec99de,train,train,3,2
006625,500,375,RGB,1.3333333333333333,c95e819efff8f0c2fd605459a2a227b80ebd7e09bed9a17bd465a77fb503ff92,e5ecadd9f8f074da,val,train,6,6
006626,500,332,RGB,1.5060240963855422,e7e873df131f309f7d17a1e755b70390ecc44e092ed454351330d4db1e1ea6b3,b031cbced8c8b4c0,train,train,7,6
006627,500,333,RGB,1.5015015015015014,a126afde343a713da3fc317d0857075f33f24178a28e6ba93e6390b47b26ec97,e7d7dbc7473db9f3,train,train,4,3
006628,500,375,RGB,1.3333333333333333,e70ff69fdd522f8205db67ebb0811151bb6d0f475e78c159ba5a1fdf7c0cca24,6c6c44c3c3d39138,val,val,11,9
006631,500,327,RGB,1.529051987767584,ce727914d5cd0f240d83e87318f5f0e19e5e0812b15305137de65e75906bcdad,9333e14d5d9b0b07,val,train,2,2
006632,500,375,RGB,1.3333333333333333,aee9bf0a3cc6d16bed3d5d240e23ed5dc6917dcd339ead149747eeeffb4427b5,079d3d2dedda1ec3,val,train,2,2
006635,342,500,RGB,0.684,9e6e18f8c3006b370021b4e6d5c990273554b15b83f138bd48769a0a6f8c7f78,e487839b1d14100f,train,train,1,1
006636,500,375,RGB,1.3333333333333333,3337d6a1e90c4c9dc8354453bc21a256a06f8041504783b99411fdbacbbfd04f,546265cd9cdefef4,train,train,1,1
006637,500,375,RGB,1.3333333333333333,b465f75dfde3c416da57498189deb33112b0330f60a658daab97dd749df729a3,d3a94c383a28b9f9,train,train,6,6
006638,500,400,RGB,1.25,ac59586295586115dd37e712f6887ce49e80b14f0c948f74f1303477f357be81,7d3b7b797373a373,train,train,1,1
006643,500,375,RGB,1.3333333333333333,f8f5a0e891fb3dfd08aff071e13d9277cf810139b04651bdaa67bbc2183c75de,727479797c7c703c,val,train,1,1
006645,332,500,RGB,0.664,78e769e40c5ba42ba365a0ec0a4eb245b553cdee7888a29c2318601a4919a31d,a439180401323cc0,val,val,2,2
006647,500,375,RGB,1.3333333333333333,d60f0da75c83c04d65918307d173876d730cb6511235b63b7dfb0fd0bd46e927,d3d2b3b353672668,val,train,4,4
006648,500,334,RGB,1.4970059880239521,4adbd2450895f58ab22803fe0c2e86806ac52f0e53144d1cb3a2358e7e314024,2e6664e4c4e4e4f2,train,train,4,4
006652,500,332,RGB,1.5060240963855422,0bdda2d22e695ca4e5a47028bd0ddda90bbf63d0230b8f4ed046303bd9bcacc4,91b3b3b2c5cc9617,train,val,1,1
006654,500,333,RGB,1.5015015015015014,d0d517408fd277995fc9d8f12131e526fdbf493808de84aa32b14b6cae90e8d6,8ea688e43c6c030a,train,val,3,1
006657,500,359,RGB,1.392757660167131,ce5a77f8fab89b6e2083cf91a8ae7d9f937004b04dfdc61ca126b96fd58c1870,c664ad8ccc0c90d0,val,train,1,1
006658,500,375,RGB,1.3333333333333333,c60b11342c62e60ae4a4d929a18acd5a7e6bf44861d2775b0e99dbb607f1e85c,b37237d4de8b87c7,train,train,13,11
006660,500,400,RGB,1.25,08b232a41578ddbdf855b3e911d3cef86096a93c9867f2298a8e6492a31b0a35,f7ff6f03919b2c39,train,train,3,3
006661,500,333,RGB,1.5015015015015014,64e96920198a5b3dd3cab3165246438a2cc09143ecdcc186092a7a5928977609,b2b2f238f6a6a2a2,val,val,12,5
006664,500,375,RGB,1.3333333333333333,d2ea4a66629324c8ac47aa67779ad8240144263204f4b9d324f97c1c0f892b4e,c0c658183c0c1c70,val,train,2,2
006666,375,500,RGB,0.75,2b93949bbf4163ab8c2ccb458bf72cdd2d7083ed58eef518d272f4e908535850,ec321c0c3cf8e0e4,val,val,2,2
006667,500,375,RGB,1.3333333333333333,186ddd75c0033e1e0c151d843c48a6d757e29823f9aae00b2f5af02e4eba1310,009009cdc6ae321b,val,train,2,1
006668,500,374,RGB,1.3368983957219251,55328e0bff7dc5d28c944f2cd0d8481664d4c94fcc82eef4b44276d5960dbb82,6e7af86ceacd330f,val,train,3,3
006670,500,500,RGB,1.0,57295c8354737719066073cdb45ef87f497d0ce29b587027f772094e8eb69047,0002989e4b03071d,val,val,3,2
006671,500,375,RGB,1.3333333333333333,b7689aa34fb93f85304a5ff6c3efa0d22bca01be0d4fcfbaab0d3c84749829be,f0f0e371343073e2,val,train,2,2
006673,500,333,RGB,1.5015015015015014,f13037835fea4a95d9f09e8977364563d6e8bb550092ffeb689c0a957836d3fd,e0e0d0e864ec9890,val,train,12,10
006674,332,500,RGB,0.664,53b611356834aad08d4d48c93a394677e82c5036cc9c05ada2f8f464a5dbedf6,c0517609adaf9b53,train,train,1,1
006677,413,500,RGB,0.826,df7f37fc7abfbf593b99bd5f9374645f3043e1c8377a7ecfab77b93c2a242ccb,9110391832acc4d4,val,train,3,2
006678,500,375,RGB,1.3333333333333333,4f1e705dcbb58a77189c1c0384ea59eb7bd202ba6d01b94b97e941e9b73d2463,d3f7ec6878f878d3,val,train,1,1
006679,500,375,RGB,1.3333333333333333,7e454194dbafd257c0bb148a033960bf06735df94aca4e4ec25f217697e63bf7,7d3c8de92b2d3fc4,val,train,3,3
006681,500,375,RGB,1.3333333333333333,27a43f33abe38262ac00670dbaf7866d2b9d0a574242a8a6dc286c6060e9dbf3,f486264a4fffcee1,val,val,4,4
006682,500,375,RGB,1.3333333333333333,0e64466f760af4b25da43f0a5181f8e6a7d6785ec7e849c2a39867672e32ae11,f48bf43434343636,val,train,3,3
006684,500,375,RGB,1.3333333333333333,cdc92b0287725bb1367d309e26fd8f33c8d13c3db2f3d5d86f46bb4f84786088,3c263232239bdbe1,train,train,2,2
006687,500,357,RGB,1.4005602240896358,6ec1344e304a813f52c5fa12589f7438e1235f71bb931b5d0cc362f625344b40,a4b1b0d8d2d3f3f8,val,train,1,1
006689,500,374,RGB,1.3368983957219251,31d9dd1f766279dec4df846157091305e664521177cc13781aef2416d4c7b5e1,05829a1a66de94d0,train,train,6,5
006690,500,333,RGB,1.5015015015015014,f179264b37596bca24268745191c35e27bfffadabc0bc256c1e53140f668d4be,b8bcbcd4cc9c9680,val,train,4,3
006694,500,375,RGB,1.3333333333333333,745c55bc02cb2c15f776c77cee853c974ebbadcf30277f0d098fb4d06e17791a,b8b0b8289898a4e1,train,train,1,1
006695,500,375,RGB,1.3333333333333333,b8b2154343574a90ce9baa481242fecdba629e9d37626f6941bf5dfd4e236496,f5e3c3012e363b2b,train,val,3,3
006696,500,440,RGB,1.1363636363636365,8e491b933e5077217de33f68567748fc2d4e2e94055c9c66fc8acc1a161bafd8,f8b1b179bcf4dccc,val,train,7,4
006697,500,375,RGB,1.3333333333333333,0be1510067807e221407d9b673b7e7afdc690d8dffc9c5dc4f8d0292424f52fa,e19333252466a212,train,val,2,2
006698,500,375,RGB,1.3333333333333333,c3633edd989c2bac99eecfb401b916bffc4a59274e24a474999d4a0059b8dce6,6764733b6d68e89c,train,train,2,2
006699,375,500,RGB,0.75,98fd9e7cab65399fff13bea4cc1982a56076e3eee1b187d498e2bea131c342f0,f2ceccd3614ccd4a,val,train,2,1
006702,500,333,RGB,1.5015015015015014,7f29863c6353aa5f950a1c8922eca2989ce6267b3ea329726cc8112455c4930b,c088a6d33135c2e0,val,val,2,2
006703,334,500,RGB,0.668,07f9883ed784843725dbfc0f5ed35ad8e9d71d3e5f86a044dfb6614fb5cacdb0,61697535317c2f0d,train,train,1,1
006704,500,375,RGB,1.3333333333333333,17d81812339060cb05c0f49a4c5c30ef60a34decff3ea7113fb272bcb7750be5,6e6e6c7c7a2b3a3c,train,train,1,1
006706,375,500,RGB,0.75,7aa10bb7942247789b7a763a282ab9b7a657c8bf77345b2e727e40c411d84be7,1cc0f3f71c385b28,train,train,3,3
006707,500,375,RGB,1.3333333333333333,ca1d12a00a7f1a773014cf38c73315d68e74e51af47c5c8fc3a4a7fc199845d7,d65b3390b09c9e93,train,train,3,2
006708,500,375,RGB,1.3333333333333333,7ed21adb465d60d00258293d8635e1e190b766956277592309e03aef5c4f763c,22044646134c4941,train,val,3,3
006709,500,375,RGB,1.3333333333333333,7a0738682b423ffc25f477511dbcb5957594f968284fb933657126cca3d68d16,e2e8c48484608bc6,val,train,3,3
006714,375,500,RGB,0.75,ffbade711eee9d6205d9e528ab7f4d324e50f574e9e1a6dc8f5d830c2dcf4f4c,488f8782c4e76367,train,train,1,1
006718,500,375,RGB,1.3333333333333333,5a1618dd8a490e492ade8cd7e57c56dad9ccca5df713e9296908aa3044b94b6f,e507fc7e6040dff8,val,train,2,2
006719,500,375,RGB,1.3333333333333333,90dd0ac7b4d9b3c9ebafff48291043fce2fa753eac2ac8fca4acf0198257a903,f983a3a7f3fffef3,val,train,5,4
006722,500,375,RGB,1.3333333333333333,8071f5a18d73cac5b07a68ad9f97dd5342c2a532d564a7985114a830b2b92094,244da4a70c1d9aca,val,train,6,6
006725,500,333,RGB,1.5015015015015014,b49331c68937cc92ea44a3c1695f8c97476f69482896eb643d30f06bafec49de,32721a0fcbcf08f0,val,train,1,1
006726,375,500,RGB,0.75,405a4d044e431eeab265d30675450dbdf8d99058ff6c1fda18808b6b024c8ca5,01acacb4baae8e68,train,train,1,1
006727,500,375,RGB,1.3333333333333333,a3dc3fe43d54eed5961911cb56ca9e25060d160842878e42c87ae385a56a2f7b,32b2ae0a13d1c821,train,train,6,5
006730,500,375,RGB,1.3333333333333333,8656746dde4348817aa89335d923a143685bb4d6a3e64c28899e256c6c57d167,37376d70f2c26798,val,train,1,1
006731,500,375,RGB,1.3333333333333333,815afbaceadb681f32ecb35f17a4a3fbbe0ffc26c9760d02d50ecb29ca01103f,e8ec646465dcdcf0,train,train,4,4
006734,500,375,RGB,1.3333333333333333,967add231b5f24b8968ee231f230015f86ce09cb060994dc0d7998fa34f65a09,c2b1b066e323c0e3,train,val,1,1
006735,444,500,RGB,0.888,e7477e9d949c7f004a1d8d41d76b24a6d3735ef37a542f446b1c2d223a6ca389,5190898de3e2e6e8,train,train,3,1
006736,500,375,RGB,1.3333333333333333,d6ff941548b9a3b35ef9ae602a69f48336c7fe83d8f9b7d0945f89f094d531d5,d8f0b2e4e636f0e0,train,train,1,1
006738,500,375,RGB,1.3333333333333333,4150ab64b57723a88433e880132a3077ca4550b51660e2ef2580effd3c6a32fd,e0851a744848ecc4,train,val,4,4
006739,500,375,RGB,1.3333333333333333,db841f1c5e6363324c697649ca4fcb059ffbc3f866a21766eabcab31fb5d3cbf,c9cd86a62969cbe3,val,val,3,3
006740,500,375,RGB,1.3333333333333333,eadba5ca0d4df63c4d41eff2fbc465335d43dd470cc96a77ed63b3fe66d818e5,ea6a63834b431cb8,train,train,1,1
006747,500,375,RGB,1.3333333333333333,0ff131c130f70a54bae2a7a495d606a2cf8b81f5637aa84604373bdd9ddc5e95,91c88c884e4d4f6f,val,train,1,1
006748,338,500,RGB,0.676,db27f407716108663612d644fa246786e3bb46fe9823559eba380bb7c4247335,9e8c3c62212d0dc2,train,train,3,2
006751,500,317,RGB,1.5772870662460567,257d2e04269dd87f3b142276262de2e36a8705c9b8336c2ee3bd9d4527cf2243,ccbc1c34c3a3a3d8,val,train,2,2
006753,332,500,RGB,0.664,7081ecf76efc113877073067022d2997ea40ba67e4ba1096b60870f5a85ef5b9,9a32326b4f4daeaa,train,val,5,5
006755,500,375,RGB,1.3333333333333333,e6b5a61ac5d7a46a13561c98fc7490a3c02d51ff4c274d0571b5d55306ce9624,38d8d8f0b0d82ca6,train,train,5,4
006759,500,375,RGB,1.3333333333333333,8eef004ce3ff14710c4fc5960cf5d4290f070dde0f68a163b76ab8fc0854aa43,e8fc84c33fa787cb,val,train,1,1
006760,500,374,RGB,1.3368983957219251,130ca1eb2bc49f19dd9cd950b6eb65e35a0f85be5067f238a93de91e8fd90776,1818181818000000,val,train,3,3
006761,500,375,RGB,1.3333333333333333,a938c150c42f625294d9a6c7f7c2b077b83a12571461c29d7900aa8d5438c52a,0383870f130ecf81,val,val,1,1
006762,500,375,RGB,1.3333333333333333,b9d02e88e49856f8cda80497e30db379718d60eb0a52e7fbc11bd30d1b01a44d,6c6cece8682c3c3c,val,train,3,3
006765,376,500,RGB,0.752,76eeec3d52f8a8ec86f5d69ee23e50cf8492df2256f846a048f896a6b49d025a,87b1919f92932c6d,val,train,5,4
006766,500,375,RGB,1.3333333333333333,07ed47b72bd07102d5a43962e7ed2815e564c10a866787d673bd03c47dcbae44,f0e8d89dac848c1c,train,train,11,4
006768,482,500,RGB,0.964,934962af789f2dd24d42b0b6d88374b18e15e987a7c692f15535300ddb6555f1,c2860e6666444443,val,train,4,2
006769,500,355,RGB,1.408450704225352,03630480df8d6a439dda43d9217936ff9ccc66a771b8ad52ef04a6d5838d3520,0c9cb4985839b9d8,val,train,2,2
006772,500,349,RGB,1.4326647564469914,225ae8a8777347e2c167be6f9b0d3258806bdbf5556afc18db997fc4b9690dfb,036969696a625064,val,train,2,2
006773,500,375,RGB,1.3333333333333333,ea7b0c4c5c8421707938969c14a046f72f9ec37a99d2558c8be7accbd56121c1,fcfcf73898391f9e,train,train,2,2
006777,352,500,RGB,0.704,f4b5280b72176ffc0e28a0039a5742137ea3faee74202aa765eafee05e4eb7fe,f8f4d49d0c5ce1c8,train,train,3,3
006781,234,367,RGB,0.6376021798365122,43dec3ab397e259ceefe9022249b12cd5cc357a57bdebb0b898819e8d135b6fc,c874d8c180818196,train,val,2,1
006782,333,500,RGB,0.666,09d2bfb9838dcaf99e0b2ea39f434402390ed1b0f9783a45bd2ed13da9485a2f,f8f83bfefffe7c4e,train,train,1,1
006783,333,500,RGB,0.666,ae363c604d89ab54cc537fecdc23256a9fd4dd79f5982dbd43d277c3e16208f4,dcdc9cbc3cf8f8f8,val,train,6,4
006784,500,375,RGB,1.3333333333333333,bbf35e390a9cce47dcd924d3b21401b51f45e98e1195470806ef4de7a419d9b0,9101c35132732223,train,val,6,6
006786,500,375,RGB,1.3333333333333333,798cdad9a76a0821f2c5b4993c41c884a78dabba85929e3ab1bdffb18de29572,e7e3dbd7e7dad3d0,val,train,2,2
006789,267,320,RGB,0.834375,fb80b3b964bac9889f8def4e6c88821740d600e8fe05ffa96318c6cf58bbf42b,338c9c724f2f3d73,val,train,3,3
006794,500,333,RGB,1.5015015015015014,7b1bc57343b554709480fa299729efbd1559d06c53441cb269a23906b9df41bf,f0f0f6f0f0ecf0f4,train,train,1,1
006797,500,375,RGB,1.3333333333333333,21952809035ae09d246e744ea7a8186a99f004e1bc5680ec216d9e927c3b8bf6,cd8eaa2369474743,val,train,2,2
006799,500,500,RGB,1.0,84f9a113707296ed6a363e8f7896c1f983276038a6ba276a9e8311de640b7d75,03b3736971b05c3f,val,train,1,1
006800,500,375,RGB,1.3333333333333333,b695ed41b3f8f7394a41dbdd853f45660d59184ffb71230bd50fde2ae6afccb9,7170f1d929bc9015,val,val,6,5
006802,500,350,RGB,1.4285714285714286,f51eeebc90b5bce165a2833a89cebd33b1a86a3e5f0da5cd21c02647e010954c,43868e2bcb121a8c,val,train,3,3
006803,400,500,RGB,0.8,8fcc730ca97771cf4dc8e5ee2f44646e6477c9a1eaf8165e9a29cae2ee289e02,383e6f1f3c967efc,val,train,3,2
006805,500,401,RGB,1.2468827930174564,79d970221348bddf25da0ff9ce2c1d4d44707326a12c1a1e1f372efe20af70d3,206848181813170b,train,train,1,1
006806,500,375,RGB,1.3333333333333333,45b176112c15493dfaddf369c718fb07132581282e664d116c1ba06e2fafee3e,ef9b1b3337b6663c,train,train,4,4
006808,500,375,RGB,1.3333333333333333,59bd8b726c7e387366e901f5044b2df5302237079fcd4eca02b2044323225a35,a5a480cccccacba1,val,train,1,1
006810,500,375,RGB,1.3333333333333333,b672b9fac6eb593f81a29dabb098a928233d46bbfe15c981191fa4a4ccbd0220,107a6664e6e6e2e1,train,train,4,2
006813,500,291,RGB,1.7182130584192439,95595e3009af1885a9f3c4a948728f16fab3a590332101fbe3948b49cc0ad72f,0303858d6173b778,val,train,2,2
006814,500,375,RGB,1.3333333333333333,e1249ed4d1ea30f2657fa3124a37161664aeae817d171c3e1242164716863553,987059ac989981c1,val,val,1,1
006819,500,375,RGB,1.3333333333333333,d46e114fb99aef543e8bf67d9fb37d15da2d707b4ada88080b91b868203901c3,781c195d5f4f6f4d,val,train,5,4
006821,500,371,RGB,1.3477088948787062,1ccdce4502688c430ad8fa0e86e2c8f78b06037a25fb1c56ec7f00e8dbda0997,b4b4b1bebfd9d088,val,train,6,4
006822,400,500,RGB,0.8,341116da44a42a9868c4cc38e3041172abf67a072c8a05221b16ca095b41e2e9,f0f0d4909486cac6,train,train,2,1
006824,500,333,RGB,1.5015015015015014,b255977b4a6ed352432f19bdb84963310231c2050973a9a7439444e07b9d9fd6,e0e0c0c0e0646523,train,train,2,1
006825,500,333,RGB,1.5015015015015014,742102204b6771fde01727f3534e7909e27484b62ba78899ffbcc8505134640d,4d68dc8d051e9410,train,val,1,1
006827,375,500,RGB,0.75,6402e9e31c924b89b9e149e637a926ec3b1cdfd70fbd326b8f8fcb1c38609510,8c0e1c1686917103,val,train,2,1
006828,500,426,RGB,1.1737089201877935,921c3a01b9365c5e19aff47a415dc9054e02dff67638157d2d5d92a06d8895f7,c4d1cbcbe8ecd8db,val,train,1,1
006829,500,375,RGB,1.3333333333333333,a6f03086dec5d6b3544893ddf3e061f5f3855479a2e2036153a7e9d86bb9ed1c,6fb3b3b331b1e7e7,val,train,1,1
006833,500,375,RGB,1.3333333333333333,114d7a1be9a3bc5892c345093cd778949d57907ac0deb34f64e6cb4e193da343,c1e4e4ccf0edecda,train,train,2,2
006835,500,375,RGB,1.3333333333333333,195de0e3803fc673dd232edfbbf3a8afaabc6a58b29b25b335bc711b8dd82ed2,91f138b0b8d0ec2c,val,train,2,1
006836,469,480,RGB,0.9770833333333333,bb39c83831324686d14dbdf4d6db5a6a4f2d49902e2d2815ba9e0ce6e864bf56,509c8d4f86f3c130,train,train,2,2
006838,500,333,RGB,1.5015015015015014,ac188eef224477e7776a4cd91941459c676f1da48566867e94dede2d9905aeba,e466626262e3e1e9,val,val,1,1
006839,500,375,RGB,1.3333333333333333,46c01f1510a4526eb8dfc971b31f5bd31fefeec7f1519d8128da09760aec2b06,b662672e2f0fc3e1,train,train,1,1
006840,500,333,RGB,1.5015015015015014,313cfc17eda6dd32df429839374afaee9e84b36ddf2ee73da2c06d6fe28a7189,9f1d3d39593b3b2f,train,train,3,1
006841,500,316,RGB,1.5822784810126582,e4c5f9e3aba80a254b24c31d2c65f27747b13e0389850e57bf8b55984efa2f65,2727b2a86f272b1b,val,train,7,2
006842,500,375,RGB,1.3333333333333333,28d17e112fdc6717f80235deb447047cae46b2e9895188ac989e4337be0483f4,02101111718c849d,val,train,2,2
006844,500,375,RGB,1.3333333333333333,8a6ae67e1201fac951fb7713b80d86406f2c0df630dba09926b5953b683983b7,58e6849c72dd99f1,train,train,1,1
006845,500,375,RGB,1.3333333333333333,5496d9706c3888de010471a6ecd32f1c87c0f205c678910f4e2f66e815d4711b,24323e33333818da,train,train,4,3
006847,500,335,RGB,1.492537313432836,1f7e88a3682a2258f6285201222ac0f13c60a9979669887e7c6c1606d65391df,f2ec6b279ed52f6a,train,train,4,4
006848,500,333,RGB,1.5015015015015014,4280e548411750cce1f6aa5c7ce574b577404daeaae5e04a5067b489931910d9,2f9fbebce4ddfeec,train,train,3,1
006849,500,375,RGB,1.3333333333333333,980509cb09f43c69b22f7b88e068541cfa0a3299203b3cedfebb385a2bf237c6,e4c9f9bed9fc9cc5,train,train,3,2
006850,390,500,RGB,0.78,5249e2d9396f0a6b25314650cfde2d18a77cffe18419ce97fd6f4c5c83e66606,2c0a38a565169bf0,val,train,2,2
006852,500,281,RGB,1.7793594306049823,1bc43bfeb1ddc0a985d9d860f0832215f310fa04356b4dbf96ee6305ba816c3d,f0c9cc9a93a15382,train,train,3,2
006855,312,500,RGB,0.624,667a7e97cfb51026aef0d6ddd0f909a89ca7a8c850ce473ff4285ead61c6e964,c9ec2ca5763e8cc4,val,train,3,3
006858,500,375,RGB,1.3333333333333333,9cfb5ad5910048f9fe9c7b354a0458f1c5f78994a7b0ff19f8eb5e2b2ffbddc6,f2ab0e8d9d9c0c80,train,val,4,3
006859,500,372,RGB,1.3440860215053763,809a32c36c7e7bc32ddaaffa90b14f6dccc3a95f8746cba108ceee99197af9e6,c9cd4747a6a721a0,val,train,2,2
006860,500,333,RGB,1.5015015015015014,9c1c69edafc9ae220d7061968d8934a1226200ab77c748c63e22fdf4ea0a9e4f,e0e0f08a8dd164e0,val,train,1,1
006862,500,375,RGB,1.3333333333333333,fa7253c61341d12eb038b074d8a71275c9e813da4d8af8b490c8a118ddb69ed0,08120eccc4d6b6b4,val,train,7,6
006864,500,334,RGB,1.4970059880239521,4f62b5c02c902bc5563bfa79135590f45b6167b41aab57ad497a38d7754d81b7,e46424f4e62431e0,train,val,4,2
006865,500,333,RGB,1.5015015015015014,00d07cd63b77a5fd52723c99547d14a610dc777891fef854046fa1664846a086,fcfc7c6c6c6c38b8,val,val,1,1
006866,480,392,RGB,1.2244897959183674,722b5d1bd067bbb0202a11d02bda3e898595b9d90ee57c3394e8ae1d2a0498e7,3c1a132e6e6e646c,train,train,3,3
006867,360,269,RGB,1.338289962825279,768d7b480e9be9a16501ab20a2ffb7c44d701ce6b6010343d5753495f6b086db,d8b99b3e315672de,val,train,1,1
006868,500,375,RGB,1.3333333333333333,b0386250d99f5cd1e7e4305daa0b87bf06aee192d40edc0126df77dc7d6ed7ed,60f0f0f89c9cac6a,train,train,5,3
006869,500,375,RGB,1.3333333333333333,18e2e7abfd54e84d755ff1c71d5b0109f42afb3947e250a2ac173e7a86713246,e9c95c302400a28c,train,train,1,1
006874,500,375,RGB,1.3333333333333333,70f26c9515b4d79ac98fa59ffd16654850a85393fe97e87d9aba34ae43046df8,c0e2f268b0d406a8,train,train,10,6
006876,500,333,RGB,1.5015015015015014,16c2a5b44e9d418085808832bd417b9b25fb908cd274395d12b1a07dd8321216,c2c8c98992d2c1c0,val,train,3,3
006878,500,375,RGB,1.3333333333333333,a7aed2b17f305649f16897d7fe2b83d61e4626a2bc161df9c4b8e69cff79a78b,64bc6cece4e0e0bc,val,train,2,2
006880,500,375,RGB,1.3333333333333333,4aa7ca3aa49e834118e1eb0ddb653ebcb89c88aa1f2e950b4e40b1ca057dfed1,d89e9e9fb9393939,val,train,6,6
006883,500,375,RGB,1.3333333333333333,3f2fe627650f2761ddd908614b3afba52f80b00b21e80d99e213a7241b8cf86e,38c8be12d0d2e0f0,train,train,1,1
006884,500,276,RGB,1.8115942028985508,4e88eeed504d732d829e1e4be61e6b9c08564d0cfaebcc6443bfdc5c540ee09f,c8c8f87a7a7ff7e6,val,train,1,1
006886,500,254,RGB,1.968503937007874,5476a1711cb385e79db13824c0153e2ee77e339d4abf45c1ecdc1adc06cb3d76,608c9edc5226306c,val,val,2,2
006887,500,375,RGB,1.3333333333333333,e00b2d2b3e56acadca0579f755e929ef8eccb2c07c50a6b866255009a6760eb9,24766a6b690f170f,train,val,5,5
006892,500,375,RGB,1.3333333333333333,7a5dfb60cb047f63eec904a77a9a39839302b3f80a0f6229fbc9d28f6f7e18c1,4a43425250e031b1,val,train,6,2
006893,375,500,RGB,0.75,2875401ca9bd0aa20620f08010a395a98b91443bff1a228115ec1d29726eae91,901e7d9c3b36e8c1,train,train,1,1
006896,500,375,RGB,1.3333333333333333,bcfc456efd0c79b477a309e61bebb3d002b294665cabd67c077a058711275fa0,3918dc1d3970ccf6,train,val,5,5
006899,496,500,RGB,0.992,c87f87a9b4401686045936a93d0729de40f708f73457b3781d7184cc07918742,76f99b0997363649,train,train,3,3
006900,500,375,RGB,1.3333333333333333,c5c0935ee37aebfdc2dcb2ea0525aa836545351635ddb24692f0aa6c20dc9675,d82030597c368ba3,train,train,6,4
006903,500,375,RGB,1.3333333333333333,293857325db29f5781bcf9e36b3ab5fa23e8fcd8a3842e787e3052d1d93e04c4,d878b6dac8ced6e6,val,train,4,4
006908,500,375,RGB,1.3333333333333333,058a30c9191eaedd873452f745df7e831e4ce97ca383bab1c12d40501491add6,8649d8defc6cecec,val,train,13,11
006909,500,375,RGB,1.3333333333333333,22fc3b92d0654cee783572422c47e8e10ad186fc700c29057aeb4b1d425b7a8e,cc1f1f3e3e1cd8fc,train,train,1,1
006910,500,335,RGB,1.492537313432836,0f9dfdfe3a99ecfeb980781e60ec77451a56d913c126d3b9568092a79213d724,f959b9593939d9ed,train,train,7,5
006911,441,480,RGB,0.91875,4e7818238778bdbc113e6d6803c2a3ad5e42d4056e3149b8b35d7f24f11eb057,72a49d9b8a616dad,train,train,2,2
006912,500,375,RGB,1.3333333333333333,cb03654a251cbc1af2ec6976b44814ff523c22393f891448faa15f2597f6f920,cd49cdcce6e44ca0,train,train,4,2
006914,500,375,RGB,1.3333333333333333,5bf899fb789b4ca2586871c8dd7eb98507645134baa1fb31644b2651ec95da50,f0d4d0e2cecdc8e8,train,train,1,1
006916,500,332,RGB,1.5060240963855422,cfd734fe132e23aa5e3ae5c4b52451860176e58b09c2806dc49594a4516d1830,46f9c9c5d63eb3dc,train,train,2,2
006917,500,375,RGB,1.3333333333333333,52a829a031526ece4ebc99c2ce3fd119dcdef2e0137af72e8c4cbafe4ffe1f1c,b0f0f0f06729e9c9,train,train,1,1
006918,500,375,RGB,1.3333333333333333,5bda57a45b53524653b81cdf6d85de44ae8d7b375710987de96de810b6dcac9d,64b4c466e79b8fcf,val,val,2,2
006919,500,375,RGB,1.3333333333333333,7c8378dec8b0bcd93b20bae2593444dfe775aa57ffe9474cbf23d39730442c66,23831961434cc696,train,train,10,8
006922,500,333,RGB,1.5015015015015014,56405ddecbf81dd31e1946295d947fac38e4de43fb9f0bd27ba1ca7473f0ca51,d8587c73c785b2e4,val,train,1,1
006924,334,500,RGB,0.668,739157d730afad64b944324a07b195fcbb53dd43664735ab2c928f1e7ae2f107,081898d9f0b2d0a0,val,train,1,1
006930,500,375,RGB,1.3333333333333333,a2cfb4ec2feb69381eb2f58a5efbb97e8993e5c84448ce404749413bb9dbfcf0,0021220e18303818,train,train,1,1
006931,333,500,RGB,0.666,318743e84edc001aa4bcf15f798ea919c3a0255fe5ff78f7eb0d16ea4cfe6cdb,f0d0c86591dc5987,train,train,13,8
006932,500,375,RGB,1.3333333333333333,e872d548af61e868cc0410a8364f8f16cd9f5109a34be7dd7e2ce74680442af8,c7c75e2ec86c2c98,val,train,2,2
006933,500,332,RGB,1.5060240963855422,9e19254a2c4f945e49448711d8b0cf9ba2b6c841dbd48507a1ecacf218503301,30684c9890923130,val,train,2,2
006934,500,375,RGB,1.3333333333333333,8c42bb4ba45266178136f652f7dd134751eb1a6054fcf13b97fdd8a6d5c20e73,7c38c9c991bdb532,val,train,6,5
006935,333,500,RGB,0.666,242ca924345b91093f7a7a04e94c205d6d9156cf78c3d671c10c48b619cbb5e5,83393163e3631234,val,train,1,1
006939,500,375,RGB,1.3333333333333333,add48fd44eb7770e5c1bfcfbbd8f392eb73294ab93e8697e3709ce404c4d0470,c4d8eded839372e2,train,train,7,5
006940,500,375,RGB,1.3333333333333333,0e1f9d5e209719396a3f00f9e528571bdf487bb8168c9c17c22cc3f5ab8bd1cd,e8f8f8f8f1f2f4e0,val,val,1,1
006943,500,375,RGB,1.3333333333333333,d46c2ec2124d4a9eea489d50aec04f2ad9e20baf8d3887ae83a7f8d9efc7697f,b0e1d1b0b099c8a0,train,val,4,4
006944,500,333,RGB,1.5015015015015014,b67f747227078433fb81763e0b76766a87b7f03ceccb6ff3408912f432c11bbe,8c0c0dcceae76562,val,train,6,3
006945,333,500,RGB,0.666,242894d94c5e846a78e8c3a68cf73b50f06e55bf6604de5f4e7bace44c69d47c,d90c1ada31333563,val,train,6,5
006947,500,375,RGB,1.3333333333333333,dba10ad261cddee3cdbe5aef0839a3165820da5ce9c06801a8dba4b0f4486a70,c283a3b9f15941c0,train,train,1,1
006948,500,375,RGB,1.3333333333333333,2386a2affa0d415e4763b2f70989f783834de1d13ca70e409487225766e32877,ac9c1c1c3c3c7c68,train,val,5,4
006949,500,333,RGB,1.5015015015015014,10d886aaf9ebdaa2910a1bbd4c7ed97362c4c6532623f2707ac32d39e6bf8716,0202864646e7ccce,val,val,1,1
006950,333,500,RGB,0.666,06d236198765dcb6726b1bc2de1d158bced76f691560c5e7abc260cde8ab8194,f8f0ac8e9cf3be8e,train,train,2,2
006952,500,333,RGB,1.5015015015015014,93303c05f6ff0c08ba066123eae27b3ec18fbe68b3e1f728967bd6fec2da3b00,5425b5951d0dcd8d,val,val,1,1
006953,500,375,RGB,1.3333333333333333,7388801e639ec9263aea1bc4f5114d55713e2e3f2cdf72f7c3131155d6bc0b61,a0c0c080c4e4c890,val,train,1,1
006956,500,375,RGB,1.3333333333333333,a7fde2fb009e9604e24e7a3a6cb99ce9b4b132f658e3f0e35a3f9cc60b469d66,b0b0b1b982131b8b,val,train,4,4
006958,333,500,RGB,0.666,ad9da3d2f6f7c3a4ccf61e08af1613e61cf03736c281c7bff92eba25df95eff9,e3c1c0cc6992b068,train,val,3,1
006959,500,333,RGB,1.5015015015015014,6ab7759591bbd8dfe4c1a7ada2ab07ed06a51819209fe45b2c774c1d7570e641,18095ad292f6e6e6,train,train,3,3
006962,500,375,RGB,1.3333333333333333,7e1b38a8a4603358302fddfbf09daa473aab0f9d784fa6cadfadf71db36dc8e0,deb6e5da5dd4a264,val,val,1,1
006963,500,331,RGB,1.5105740181268883,e321279dc782eac0f537bf6aae659b0d0839b3b9f8710a455ca4a6539f1aa428,3930b9b035a1b3f1,val,train,5,3
006965,500,375,RGB,1.3333333333333333,adc589d00981dce80c333326f9fcd8b59f2ce113a3a72fb788c02bcf8c1abb24,c48090df94272646,val,train,6,3
006966,375,500,RGB,0.75,30a0254266611cee023771250a3d91e5291bf23b6cd5a8057499611f74eb82c7,efcec86e4ccc9c3c,val,train,1,1
006968,500,375,RGB,1.3333333333333333,d258c0bc93ebfce54066c9f3debd242fc472bbd0ccbd8c09ff90e2316369318f,5a5a5bdad870a8cc,train,train,4,4
006971,500,333,RGB,1.5015015015015014,605b4f6085c3a982d91b6049d710e64bea8ef059d2c98f63f90f06f3f010aab6,13a6a6e46560f0f1,train,train,1,1
006972,500,333,RGB,1.5015015015015014,d67d1cd8598924d0245c88185dc67b7334a18a63f60b1bb214da784d1a78a71d,6c6db6e6ccecf4fc,val,train,4,1
006976,375,500,RGB,0.75,e331e8713e9fca0289f4ba18fa00f80cacc373b38754066bf367bb705372fe88,f0dad8b9ae5cf0b0,train,train,3,2
006981,500,375,RGB,1.3333333333333333,7791ce72bd00e09794f3445cbdc59380a07c00b1e24bad09828e5bf7dbf37c9b,36392a8a98987cfc,val,train,1,1
006983,500,333,RGB,1.5015015015015014,6487d9f72d89fbdaa99cfe407a6af5a6dba8b677e35f4bd471594f83fcbf2646,f0c0bcccccccc747,train,train,2,2
006987,500,372,RGB,1.3440860215053763,823e0bf916e3185e618af9c1c0372f1a993e92c7f641989cca0ab324282580c4,f9f8b0bc9f53ddbc,val,val,3,3
006988,500,333,RGB,1.5015015015015014,323c2f495d5e618923e85b01a8d5d4c90df50565a99ec41b3aad23b30a3910d9,380c4cd0a0383884,val,train,2,2
006989,500,375,RGB,1.3333333333333333,67669b6f0fd60500a63b2f8f718d5ad7f95f5526973ea59b367585a08a3f68bc,d454d64c0c981cbc,val,train,2,2
006990,500,375,RGB,1.3333333333333333,801bf79df0213713f916a398d2e1af1e689784845568b26d8ac70abe10b338b6,f0f0e0e4e1969310,val,train,2,2
006994,500,301,RGB,1.6611295681063123,b834387aa84c26abd7d6129141a5062dde0fd97d6af2621a9316479e415380a2,861369499cb07ada,val,val,1,1
006995,500,375,RGB,1.3333333333333333,b8f3a51f457ed74de6fa23d21908e5034fff7633b80a565a0fbcda2f51bc0415,ce0c6cc6c6c2c2c0,val,val,1,1
007002,500,333,RGB,1.5015015015015014,6c0cc2afc1c3ba159fca89b8bab1835e92819944e4dd86e230630fa56a2c5ddc,1d394bcd060e2e86,train,train,1,1
007003,500,375,RGB,1.3333333333333333,db2bc933d80877159b308fab3c664293321cb86f2e3a47812306dd460e07aa46,0000e074cc49e382,train,val,5,3
007004,500,375,RGB,1.3333333333333333,db6d3289ecafaec197eddd90569b10977fcc3a04297512c449d40a87fc2c6508,c0dc940dbb737cbe,val,train,6,4
007006,500,375,RGB,1.3333333333333333,75f199a79f804c6b56605c790db7c734b017b34ff113d157070190f4df8621cd,d241c090d280c880,train,train,10,4
007007,500,374,RGB,1.3368983957219251,87925dcd0ae4f151f8350ebe2f1a8cb3d136675350d4ab60afc7bcd7d0be0e5e,9ad9b8bccc6968e6,train,train,5,2
007008,343,290,RGB,1.1827586206896552,308249502af730c519c41d75983c1b064c782284624f76847721f9001149d4b6,b6f369291e919185,val,train,2,2
007009,432,296,RGB,1.4594594594594594,a0b725d57cef7f4dc943b8fd3afda0a1576164c0f5c9888ad7322fb964cdf489,31941663180c5799,val,train,1,1
007011,500,375,RGB,1.3333333333333333,d343e551d4bf042ef7be01aa9a76bc2a12d9e8e42112f0b4dd92b66d82ec57bf,6a6969c8c948cecb,train,train,1,1
007016,500,375,RGB,1.3333333333333333,4d2a0c4d0a20c5f00b280edde20f0d1e89dfaf24890da405a6c1a45ebd91cec7,2b6ce8f938f8f998,train,train,3,3
007018,500,357,RGB,1.4005602240896358,167479d4211a10e231973f4910eb36f8f54c6feea484e9edc5de8299c4273b9c,c5d33131515485c6,train,val,1,1
007020,375,500,RGB,0.75,745617ecd5c23efa69e805e17f1ce51a4c0fee1b57608c4140191b10fd1c5056,fe7f3a2c2a2e6f7e,val,val,1,1
007021,500,373,RGB,1.3404825737265416,8e9e3f7eaf6ef58e894fad3bd0582d431697dd78614cd5826cebbf19cd10c9dc,b0b6865c260688e8,val,train,5,3
007022,500,332,RGB,1.5060240963855422,13099f0df7d631704b5851c3ec5239855a2819427af64eddb9b1c48abc1e60dd,f8f0e8d86c889080,val,val,1,1
007023,375,500,RGB,0.75,b8676aff302fc4ce5adc018b2b46ac40b786b7cdae076a779234ae50bd700974,bcb89e9691b97cbc,train,train,6,5
007025,500,375,RGB,1.3333333333333333,7637fd397df32a6cafaf6e15ecd578cb81741ab5b8f69e890792359e752e3dc3,9190280c4cc4c4d0,train,train,1,1
007029,500,375,RGB,1.3333333333333333,c303def227fde52fd9cd388848efda773468a8f3ede85f0f2723a19740b8b1e3,73cccdcd85e8e0f0,train,train,1,1
007031,375,500,RGB,0.75,7596698ce43ce8447b04fe6935ee7c1231fac29df7e13f4770451a8b0fb7d957,08909af8b899b9f9,val,val,2,2
007033,500,375,RGB,1.3333333333333333,3713c42aa985ee7b98254e2d84df6a4c14acd2958150f81a0575f81f0505b5f3,0911011931438f0d,train,train,1,1
007035,500,375,RGB,1.3333333333333333,7e5cb472ccedfae1f6d7e4f05d391f172f4c452e6684524d4edafc49c2934479,968bcf4f6765c790,val,train,3,3
007036,500,375,RGB,1.3333333333333333,39a050ba4e65c7bfa27d53610ef402282dd21488db1e9a506d474ffdff2952f0,74668484a91c2c08,train,val,4,4
007038,500,375,RGB,1.3333333333333333,67cae27282d92fdddcfc4b965b00c7eae70b4b41dd88e27f9ff7e3d5e629d752,48d8db23636272da,val,train,1,1
007039,500,375,RGB,1.3333333333333333,60a03183ebca3759487ec8522910690b7e95f9b19de41221e0e65354c9e4f591,d9789cdc7c3c9dc5,train,train,1,1
007040,500,425,RGB,1.1764705882352942,f73648e6e17a00fb0ca634d547ffba5661125912df7df38f69a3c71c835e9e17,95baab28488eb890,train,train,2,2
007042,500,375,RGB,1.3333333333333333,10b4adfbb38c8a434dea89f2d9cc97a8681ef65cbd6dc96bd1bb03e374c00af4,7d4c2d2c2a662e38,val,val,6,5
007045,357,500,RGB,0.714,2f472fa59483bc2728b6a15d51331f9ccba04a37afab2e15fe832da06c3dbe23,df7e1ac7c7e63245,train,train,5,3
007046,375,500,RGB,0.75,abf05e9da6062faf2720b2d11cca1d9aa3b078fbdac1c253a9b068430b1e4bd4,66763d6d6707a7b3,val,val,2,2
007048,500,332,RGB,1.5060240963855422,65809695ba504d1ba58ba233131af6a76034b5e4c337640efbeb0b8fd12000d5,d3d1d2d2e4d3c3e1,val,train,7,5
007049,500,375,RGB,1.3333333333333333,1e9548e500df850967d8f3d5b3a0b8f413d3aa6c1b12f6b3e477dead52c66bc5,ebf338fcfcdbdbd9,val,train,3,2
007050,500,333,RGB,1.5015015015015014,e53727f15100905b2217ea7efda37f650d70666583db1877d6df95e1f23779b1,9696923232327272,train,train,1,1
007052,500,375,RGB,1.3333333333333333,b75e3e1736e0230543945cc78d0ae3c15ad1d6fd57bac0f6510e1cd13c25d911,e3e7cd25233f27a7,val,train,3,3
007054,375,500,RGB,0.75,c431a4a5fe6835d7b5760841b1c4d3d6086a291f2918294019b8314f368a5904,9979d99999899abc,val,train,1,1
007056,230,500,RGB,0.46,13c139a97d0bc3930f32da5df9e166154e66f0d95027bc058df5940b4c15da90,d8d8f0d2f0f0f0f8,val,train,1,1
007058,500,409,RGB,1.2224938875305624,5500375377bb3be7d62d3670af66be7616164b7965d4dc94dbd71107099122dd,e1c8c0f0b0c90187,val,train,1,1
007059,500,375,RGB,1.3333333333333333,30d396d6ddc501e922b483eaf5096da5eaf3555dc209addc422f0cd3c56ef47f,40c5c6b365e59f63,val,train,10,8
007062,500,375,RGB,1.3333333333333333,14e3857464283858272ce3c37127e760189318548eb4aeb4f12120dc8e530c22,c0b290300090649c,train,train,1,1
007064,500,375,RGB,1.3333333333333333,5affdec010f9ca749c06d27e428f7ec2a4f8076e88ba52a374544d3e2b716ffa,fc9c1a1864243830,train,train,9,4
007065,500,333,RGB,1.5015015015015014,75a6145378b508ddb6c6878fdba9b7fe1479bfcc1a9ab2c2e0b2f239ca4b400c,79341b984606223b,val,val,1,1
007068,357,500,RGB,0.714,8127a51022ee27465eff63eced69920e5ec55461f596bc3d5b500d0b704ce61f,69599ad8c91f9ed8,val,train,8,5
007070,500,375,RGB,1.3333333333333333,3a59c963a9e7194af64343963ea738467d3f42b66168c12f192f92ea9972c8af,b9b3f3edddad96f2,val,train,1,1
007071,500,333,RGB,1.5015015015015014,0252dfaf86920143e82a0c595c227e58c4b72395b967926a77d41c34fe7f33c7,4969482c76b3b0b0,val,train,1,1
007072,500,375,RGB,1.3333333333333333,a68635b0abe3d63d7ba58db13ece4f20c75288840d8433b4e38f3948739ddc81,b2e86c86c65df5f0,train,train,1,1
007073,500,375,RGB,1.3333333333333333,a1e5dcdd080c4cbf07301ed58fd32a6be0d3cafa33c345d23dd201b8c071a493,b6d4ccb6b6d2cab9,train,train,2,2
007074,500,375,RGB,1.3333333333333333,52118f93c6f7a0dfbf9f6d22e36c8346fb4dedd3669951cb805c6e3d003ec86b,8e383f232cc90f7c,val,train,3,1
007075,500,336,RGB,1.4880952380952381,6c12bffb35223518cee23d1cbb3c7edb06cb9e29092d70e5ec289a5279fba787,e6e47c6b5a488848,train,train,2,2
007077,500,332,RGB,1.5060240963855422,05302210e5430c0a08509062e92c54037ce566a189df19e2452e7efd4a4a296e,c0c0c0c0c0e0b497,val,train,4,2
007078,500,375,RGB,1.3333333333333333,ad40e7a60a29d3803bbaa77f71f4e2a7ad4b81955e0f7adba0e1e2b7bba51ca2,484c8e0262c2c080,train,train,4,3
007079,500,375,RGB,1.3333333333333333,645c4a7d451256f84ab589b28b8a2704209dbd5b3c5665f3f79c4dcb0dd1a38b,d058d898c8e1a1b4,train,train,1,1
007080,500,333,RGB,1.5015015015015014,034107a37643a269f9599f64c4b388291bfa5d2d863a99daa31ae062a8f2fc9c,b3b2b27169c97958,train,train,1,1
007084,500,374,RGB,1.3368983957219251,50010feb0fcb718fa6210f46e9e6f6d470d18ebb990dfe9da66b9ad6e1a18c29,cfbb1c8cc68782ec,val,train,1,1
007086,500,333,RGB,1.5015015015015014,e3854329f1eac0bc3366a1fb405308c55e9edde320d18a0877f222d6de96457b,e0c076d8e63639c8,val,train,1,1
007088,500,333,RGB,1.5015015015015014,2496d440d7405e3815a5916577d9dc06ac8ee43e602b9ea5b008f4b371eec210,7878c848450f8cc7,train,train,1,1
007089,500,356,RGB,1.404494382022472,64c7f2f3812b69834116d5771dfa7392fa47ee0c16cfd03b1da376af5df92b71,344b89bdbbcff73c,train,train,1,1
007090,500,375,RGB,1.3333333333333333,a3701cb0b6f3687aca9b036b1549a00f19ab000697e107c8f0a427afbfb171bb,4b40859d6b63171f,train,train,1,1
007092,375,500,RGB,0.75,8536c5691d0fdf1bc84900c11805182c5217fd0ddaaeab158a570a3978bddb95,9861f7ba3c361a5c,train,train,1,1
007093,500,375,RGB,1.3333333333333333,48c1a833992b9db507f4ba0c21a9ecf2237593df201e3b020daf8ee32074a108,aaa2626c39b3b696,train,val,3,3
007095,500,375,RGB,1.3333333333333333,287419f771a3a068f820d345ca93187042f0a8b08646a02a2c4879af55b858ea,c09982877123c3e0,train,train,1,1
007097,500,288,RGB,1.7361111111111112,fd037e54458c871671b1acfbb168943ca95611b332a24f897598994f1c4adffa,332a4b33a6e67870,val,train,1,1
007100,500,375,RGB,1.3333333333333333,cfcdb2b8e35b2cd3cd24968b9aa934d428b9d567b3f3674b4a1cd9728bb6b640,e4da52327252cc71,val,train,2,1
007101,500,333,RGB,1.5015015015015014,c91c64b9eaca8baa3348f03ce9f9336229785f20a7d70f4bd9e417280215283f,c8cccece9ab6cfc1,val,train,1,1
007104,375,500,RGB,0.75,060aa4e6993b03a4073635917c88becfeb56ed913f23ca440e9cacf0b51c7dbf,00049c9d93470c09,val,train,1,1
007105,500,333,RGB,1.5015015015015014,1f8e798c3d4c217556acaf13c4b44824258569de9ae349edc5e0f2380109e3df,e42d1d91c6cece42,train,train,1,1
007108,500,334,RGB,1.4970059880239521,6591982a0ab2dd9f1b891c3302fdd79addbd09f5301b8a24d18c3aeee239e679,d211846955c2f8cf,train,val,17,13
007109,500,332,RGB,1.5060240963855422,740f16fff679418466a30b3fa4f65c4a07decc6b7ac340b00c18a113abb9c293,6447d3d2b3372aa3,val,val,2,2
007113,127,400,RGB,0.3175,4a062088dc8d647faa62728cba59b707c6ac393c2142adaa8277b8d45b215682,ed632e6783d2398c,train,val,1,1
007114,500,333,RGB,1.5015015015015014,2f1b987e39989e425b1e02d2d7d5b3610f37c89da0d9ddadbce007cc5616d6f9,ec9adb5bb3eb6616,val,val,3,2
007117,500,376,RGB,1.3297872340425532,eb389475501bc20029016344905adc65f8af7f3d4438d06ca068fbe6c41ca54f,60c24626a6469317,val,train,9,4
007121,375,500,RGB,0.75,9f2da3ab73ca50838d7f661633bfca804b5536296a3689954ec3d8fecb59569d,df37e3c8e08b5970,train,val,3,3
007122,500,375,RGB,1.3333333333333333,7973b885adecb47219e3885e80f04b65d0d5f7461fa6358e57eb181c3b806aa8,0117162b6b690dcc,val,train,2,2
007123,500,335,RGB,1.492537313432836,d9d4138465ecd9f8162d41d6e6d04419495fb4257d5c4b17a93628d585d1a2b0,0000d0e0c7db1980,val,train,1,1
007125,308,370,RGB,0.8324324324324325,88196c29bc9a73cd1c9d176948bd565bdc7348877f07802abd63a0cd1280f3d5,ece4e6c774b0bb9f,train,train,1,1
007128,375,500,RGB,0.75,a90a66d76dfdd13d8360f24921192230f1306256af744f71160f0f3c4d2a9509,7161646463e7c3c6,train,train,5,5
007129,500,397,RGB,1.2594458438287153,287e665687ef73e32a08f41f4cee3b80930c124157d428a187dbc075e2cd16ee,9a0b69cac3484d4d,train,train,2,2
007130,500,375,RGB,1.3333333333333333,7e1a2109d5e1f2df4c47ea15dc7a9811031854e482042d3504f71b4faf868ed4,862e2d2143a8eaf2,train,train,3,3
007132,500,325,RGB,1.5384615384615385,8465af3d8b20ad6cd8d87cbd4fb483eed6b84aa9442fdfd1295066cc9eff194b,e5f0f1e2e9e98188,val,train,2,1
007133,375,500,RGB,0.75,899532eeee1b607591e0aceaacd7b5154fa00cd4c8230b586db17f9b7bd991da,39e1208b9335d858,train,train,3,2
007138,500,343,RGB,1.4577259475218658,75c089bf5ceec54267e2b022f994ab257d19e163dd4977a85a278eafe4e972ac,e0dc96970b89ece6,train,train,2,2
007139,500,366,RGB,1.366120218579235,1975c33fe9a7958c21250e748681bee6015860fed21263d539b8c7960f1b0105,9c16f2c26671d8ac,val,train,2,2
007140,330,500,RGB,0.66,7f9d2e74d3a96fb4cf615d523905787f7111e8aae7cb29a74ee14150683c9721,2d2cc9cc36a68ed2,val,train,2,2
007141,500,375,RGB,1.3333333333333333,a61778d231c93f96c641d5c2be25f7479370a76747b3b7dc96e98624c8b1665d,de86d3e363637ef8,val,train,3,3
007144,500,375,RGB,1.3333333333333333,66e28ca4a2ff757a4da84ee1aded62595568d4d3094bf95d3ebfae0d0db7bd61,60d2e0d464bdf8f0,val,train,1,1
007146,500,374,RGB,1.3368983957219251,72d606e1bdbd583f572034ac156be04b017f7174d706ab512f3a8b54af75689f,1bdb0dc745478434,val,val,1,1
007147,333,500,RGB,0.666,8104cc5832947e3279dbd6fe2f3d397c74ebca5a65f3e22ecb2c23529533ec98,1b33e7e4da46c567,val,train,2,2
007148,500,333,RGB,1.5015015015015014,dacdfd9b4fd45bc7f16a4895320c43c97e31cbeb7b05e2637af6d4cb3d6dc877,9a8989850d870d0d,val,train,2,2
007149,500,443,RGB,1.1286681715575622,452da030ca94c3c5a359fa4dc5558f75187e7b80a817fe4079f671deb948fa17,624858b0343579d9,val,train,1,1
007150,500,375,RGB,1.3333333333333333,fe5ab54b7e2a8ba6dc4ca7d777760e35f14abb7d3a8ae4359d78d0ae55d4ea64,dbf4144e4e4b60c6,train,train,4,3
007152,500,334,RGB,1.4970059880239521,118e7a70fafff7b2b2a5e1cdaddec94a8362f308be471bbe2b6b788f1498e452,4c51d86e59666966,train,val,6,6
007153,500,375,RGB,1.3333333333333333,81f89b3f9f040b7c3bacf6d4692e8768aca62c96c64f66b2f51652b0927a6bc2,18b81d11b2260c80,val,val,3,2
007154,375,500,RGB,0.75,e410db78bfb005730b3ec90eff6b9c7fe82ae79b29e18dc05f740182b8284267,8a8c8cbfb7be8ecd,train,train,1,1
007159,500,375,RGB,1.3333333333333333,92c2b3ca833d51e9aa86ab74c625847722ec0c4e39da6497eb93745c4550b85b,1999e9e9d9f9f0f0,train,train,3,3
007162,500,375,RGB,1.3333333333333333,892006539e1f60620bb8ae201f1916a2ea7d095c94ff1cf46bf8360b407bf34f,8c0c6933baf0f8f8,val,train,1,1
007163,500,375,RGB,1.3333333333333333,609e73ff35664ad85a1e04f26009708d65bed7dde100ac716ef70b699a7abe76,c0fcacac2c292921,train,train,4,2
007165,375,500,RGB,0.75,a4fa991cc2f9b176698b6a3456cc2c3f718fbc48f3307ae1fd14af0d14fb16e1,fc6c72e4e9729848,val,train,2,1
007166,333,500,RGB,0.666,f35f009d1eeeeaaf25a6b2b8cdf3eca4f7a86bc499ee275bb67408b10f147d15,87a139db912d29c0,train,train,3,3
007167,500,375,RGB,1.3333333333333333,fc3c95504e4ebac01f51e0a98d731001ca61152ffd9dd814735e9309ea3863bb,90845b71c0073f34,val,train,4,3
007168,375,500,RGB,0.75,22cdba3db65910683263a5cd4e0a938c21850f95ece9078f114f0ad2ccce7161,312e4f9a1e3ddd94,train,train,1,1
007172,500,336,RGB,1.4880952380952381,34e586df76cb441935ce172e3b8065a19b9f1dcb099d537763fb516ab9ecf00b,967ae9939a8b9d9e,val,train,8,5
007174,500,334,RGB,1.4970059880239521,f15c1ccd8afda1637af7b669aa10380af66dc4fb401f00c25594e4c13981560b,daddd9e9e9656cc8,val,train,1,1
007177,333,500,RGB,0.666,4a321b0ed184befda0c6524ae41119bfcf5d9bf0563277e178cfb9f43be2748c,9bcb46c6c470f2c4,train,train,3,2
007180,375,500,RGB,0.75,70ae89ad8733c3f0b724bdc066539210f434eb67310df7c2c60564f55cf3a8be,c133b3b3f36be4f1,train,train,6,3
007182,333,500,RGB,0.666,12055db31d91c01d3ac78ac675db0345a32e14dfb58e387e664db0b0db839631,e6ecadc1e5e7c7f3,train,train,2,2
007184,334,500,RGB,0.668,7a6d226623e770f99cae10cff1645e68e4000d12fec9352562753f8543e4ec45,25e3afad3f63d2e6,train,train,6,4
007185,500,332,RGB,1.5060240963855422,cbd3a883e9cd9dfad4f99b6806ea931fa0c7899f8d00bae264fe51caeb053a21,9e8b8bcb4b0786c6,train,train,1,1
007187,500,375,RGB,1.3333333333333333,922d19f11858900d705b935a69ba2bd00c3acbb1f26e3e32de9f5582b5d715ad,994848cc4ce4f4f4,val,val,4,4
007189,500,375,RGB,1.3333333333333333,68111392c8370671df55b74df9ae5f297a714091703ac1f3e66b05aa55957f12,b5a52567cd4190b4,val,train,2,2
007191,500,375,RGB,1.3333333333333333,6cf504a9f646c640467848a67ceacc34c34782f2a52bf72552427125fde07c99,1a2626368964f8e4,val,train,12,9
007193,375,500,RGB,0.75,134a65299c2c83a05c1d7a345d625702e9d171ccd99a5ea37b815a33459cbca6,4b070d9cc6c4e040,train,train,1,1
007194,500,334,RGB,1.4970059880239521,579f3ec409c9369517b0a040b58ec9e768adf64c109ed61d0b9a64c57af03ee7,0d3f9cb17bbf330f,train,train,7,5
007197,500,334,RGB,1.4970059880239521,7dca70bf72bceae619cc9c0e1a5c8ab22a3cab0992297c862e8d8bd365c49f55,1b6161e1e9e3e7df,train,train,1,1
007200,500,333,RGB,1.5015015015015014,626324b2e01c204f9cab8b1499680db585ab693d782f05b95c11b1e1d96a0273,b232325092616b74,val,val,2,2
007204,320,240,RGB,1.3333333333333333,7896395aee29b928b5b5fd7dc38b1dc14a9117dcc4f170dc0b54134a6d4f19ec,a1400886e8e1a132,val,val,2,1
007205,500,375,RGB,1.3333333333333333,fe26b8b7a919ffc175425e1fe9ace4f1914ade6329ed14bac47cb1770b318c0c,d3e2704b337178e6,train,train,3,2
007208,500,334,RGB,1.4970059880239521,f1eee5fd51c4fe2be04518a25097f93afdc8c4d97465c5d140544ffbea087f21,64e4e3c31589c9c9,val,train,3,2
007210,500,375,RGB,1.3333333333333333,f40b4561850c1db82c9e5ef3ac43de18024c8a01a1eafdf918d90bb3e3b3384e,b3a28cce69cce4f0,val,train,1,1
007211,500,375,RGB,1.3333333333333333,1f63eba85368ac9681d441186543f50956a69717b7d98c7580e4471629532063,bd73f9eeec9dce1a,val,train,1,1
007212,500,333,RGB,1.5015015015015014,d625afe82274642f2284fea4ab9c096163d7bf9d09f7466802025f4aa9713881,bb232382869a9f13,val,train,3,1
007213,500,375,RGB,1.3333333333333333,2c6dbf0c4104b59f59d670993095f1b3849e981c1db57164ce0aa108d9a9de56,e1a7a2b160793170,train,train,8,3
007214,375,500,RGB,0.75,9f9955dfedb2fd886545394c445e8bcda3a425ffdf65cb24f2a0d43f7fa0ecc9,c7124d41015b5b5b,train,val,3,3
007215,500,333,RGB,1.5015015015015014,4a212004441e7166fd688524cd68a6325054d60799d77b264c0d7d179089cd13,e0d0982c8d94989c,val,train,1,1
007216,375,500,RGB,0.75,98753e38104e208b265153bf4f2242498bd674c5fa4ea434e1ccd75565d2cb93,c484cce2e2c6ad64,val,train,2,2
007217,500,334,RGB,1.4970059880239521,a06a926bfff5588c290f412428432474ba4dd7b39c425d7d344a15d4239ec7dc,24f01a86ede56d6c,val,train,11,10
007219,375,500,RGB,0.75,27d5e3441f67a6e0bb6f5dd90a13f0d5cc5476e8a40625ac0ff0e73f45150878,7165754b6373c5e1,train,train,2,2
007222,500,339,RGB,1.4749262536873156,846c0ba53e39762c9bb9a6ce2e781d7c528ccf8be348a218beae32151b45bf9c,5f574545452cec9e,train,val,3,2
007223,500,333,RGB,1.5015015015015014,788200d8d14e70ed99a3e0d6693492c2743bc7c8405ba538858ed105ccb30a1f,ede8f6b383c3c483,train,train,1,1
007224,500,332,RGB,1.5060240963855422,5316ad58d3bac32a74c47b2d54c6b311cf8da714a860706a430ee436d06ac06c,ccf247328ac0d1cc,val,train,1,1
007227,296,500,RGB,0.592,471a6209f74514fd309cac6eacd68e3d59d6f92ca92079cc78c5e33b7f0e5059,ccf3d1a4b0e2d8d8,val,train,2,1
007230,500,375,RGB,1.3333333333333333,ec26e6e70d0184811feca7e18818d9d45c4a8178d83607b07f14cba064dad170,f8e46919bbeff159,val,train,2,2
007234,320,214,RGB,1.4953271028037383,47a079cc91069b8dd729ab58929265669796c4be020ae532e6ef6e1795102c00,4db1b12664351d97,train,train,2,2
007236,500,332,RGB,1.5060240963855422,075dba32a9aaa392f83e0403e64bc86f34f4a98ea7e75ce4acac7a6579f670bc,929e5dcc8e8c0e0e,val,train,6,6
007241,500,375,RGB,1.3333333333333333,f2c579ce716e5889138cbc48040d49f1f6912d793e7dc7cab2564ab169012ee6,d4ccaacad893c347,train,train,1,1
007243,500,375,RGB,1.3333333333333333,0d24aeed64250249fdedf476851cf76ae1b72f6557dc8aa471dfb1579345ca6d,684c1e36360e3636,train,train,3,3
007244,500,375,RGB,1.3333333333333333,0548bc5f1d11dce6e0f798a4071df59dae0e0e50591d7176875eeb6665177da9,90104cce93a68da5,val,train,2,2
007245,500,375,RGB,1.3333333333333333,15df4e5a9c8bbe824a3f60a11badf57f7c317524e369b5ae93c8f058a4512407,f0f17b21a7b7e7ce,val,train,2,2
007247,500,375,RGB,1.3333333333333333,4ccccc1fad15451de8b9226c28f0717620066863cec567eb4c6d739435e7fbcb,f8042687190220a8,val,train,2,1
007249,500,375,RGB,1.3333333333333333,e8bbfe012af1ec8ed74f9070066bef6d68b693d371b5301384df48cdb377510e,00249c1c3cb8b87c,val,train,1,1
007250,500,333,RGB,1.5015015015015014,081bdff6ab485290ee1fcef57cf6eb3ec42b91d6a349ccbc3e94c9f4af265de2,f666627278599397,train,train,2,2
007256,500,375,RGB,1.3333333333333333,f56a2f8ae454c6f5123ac71981099a1b940af49087a59c3d83035b627ed8a4fe,5203a5b521211354,train,train,3,3
007258,393,164,RGB,2.3963414634146343,ceb9c38f8d2d3d94679535505a4e2ef4e694f05e33188396e4f8dac679dbe4da,71757551f0715945,val,train,1,1
007259,375,500,RGB,0.75,b322e12502b25bd66f069147f73b7bb53ffa6fed26de20c0f8d92acccd3786b0,2b2b3323aa2b2b6f,val,train,1,1
007260,422,480,RGB,0.8791666666666667,08ad388e54cfd7a3e469d124eb451b4de338bf270eba3dab7d7fe7c357cc53c2,adcd6e2b1b161292,val,val,2,2
007261,377,500,RGB,0.754,31b4eb545e625e47ffc71ef4257093bdd877185d196ffcb2b9e17f697940f901,1894b9b1458cb630,train,train,3,3
007263,500,375,RGB,1.3333333333333333,afc20215c9612c9272a53b1d4ee56fb0f61c49d2d02eb8e02fa7008a0095d80d,f39899906471d1d8,train,train,3,3
007266,500,375,RGB,1.3333333333333333,02f4edf6ed2a17a9c3413916aef91d9e826d926ae0e7b246f4f08e49b2aac272,2674dc9e0e3d3d36,val,train,5,3
007270,500,375,RGB,1.3333333333333333,6abdeb26cf810cf0ebc05f987690a9820b8f6d2bb36e62cd30f842bf3e53acfb,e8e82c26d89b9890,val,train,3,3
007271,500,375,RGB,1.3333333333333333,00b90057a6c10e7d9ad46aedb825bc34b06040fbad558ecd47bf25edfcc4d42c,60e0503c963f7cf0,train,train,4,4
007274,500,327,RGB,1.529051987767584,69de66710053cd5269948419ba07af62060ae8d9198ce85cc0fdb3994059e3c0,fcdeb19e1fb71f9f,val,val,1,1
007275,300,224,RGB,1.3392857142857142,19cb7548aea59a4c3789a0578394bace0ec416c16e5569e6f59387eaa1e3820c,11138901e1200202,val,val,1,1
007276,500,335,RGB,1.492537313432836,a981e94ed36c55e36c9f29469fb24b41588d77687366c30943714b7fbd9c2dca,99e9a6969482c70d,val,train,2,1
007279,500,281,RGB,1.7793594306049823,0eb025c8c505f201e3dfcdd948c65cf70ecfea4dafa922ff04e4981579c50ee7,9082030b687cb278,train,val,3,2
007280,500,333,RGB,1.5015015015015014,95df2b010b46268c176e0ee0a2dcacaa68c7cf56a39c6b3215a20bffa1e21ce1,e0e088844eb6c2c0,val,train,2,2
007283,500,375,RGB,1.3333333333333333,848a41ac36a76cd7c189bfcb5219721c1a0587a13044e36c6905f5a61eba9a17,e0cc8d294590c9a9,val,train,3,3
007284,500,333,RGB,1.5015015015015014,3e856a42c1a94c403865867eabe7f8e295dde23950ceb6b9da5fdcdc9bd7cd67,b6da8c26d308aa3e,val,val,2,2
007285,375,500,RGB,0.75,21c9fba0f61aac81c697febabc64231f1c950ee522f15c74355048111f563d3c,0612e9e0285c4401,train,train,1,1
007289,500,333,RGB,1.5015015015015014,509b8a51fb8c1f94e03fa27fd95227c2a8ae4e7ece72299520f802132ea1f759,6f1ea6f4e0c2c61c,train,val,2,2
007292,500,375,RGB,1.3333333333333333,9488e8b86e21c3ea76b08fec0122e399494bb097c5327a32117b8a85bc65014d,787326fcd872249e,val,train,2,1
007294,500,312,RGB,1.6025641025641026,3f7edf22fe44cdae6362f88bdaa4082d7b8511f9fdbef25025838634d1989017,e0b4f4f06034e6e4,val,train,1,1
007295,500,375,RGB,1.3333333333333333,fe95ce5b9975e85403254f6bf1bf4cd6fd186b5c553056c722e724b9e97872b3,8249419431301c38,train,val,1,1
007296,500,375,RGB,1.3333333333333333,1993f1ddfbd24a6bac0991c50d347f0807cb44b854065d6f4c4b0ad1beb9beb9,2432b0b0a8b8bafa,val,train,6,5
007297,500,291,RGB,1.7182130584192439,b181a11432e63a8ac621a71d99b1b72a29585dd4747f3650e291c8e56c1c1f21,0681791b93d7c475,val,train,1,1
007298,500,333,RGB,1.5015015015015014,ed8d7efc05f3d49c90f635088df88554bd48e4430f6ebf801bcc23033ba41a98,d06100c188085a1c,train,val,3,3
007299,500,375,RGB,1.3333333333333333,db8c4ed0868709d563ba934d8404980168aee89ff740379c83b3c12e874c2df7,727032cc6b3325a6,val,val,3,1
007300,500,375,RGB,1.3333333333333333,25dcece86cb251267faed163ab235b6fe1ba2371ad504db751c4cd610e8a55c5,686222486fb74d6c,val,train,5,5
007302,500,375,RGB,1.3333333333333333,43ae265e51f1f1417e5d808281dbccce2c4d4f701c803c34344ed86fec65dda0,e0f0c0c4c3c16111,val,train,2,2
007305,500,331,RGB,1.5105740181268883,120b1a9d337aae56f66de44a5180a46a4a2e2603232be125ba9fdcd5d8e5f71c,00f86e9d91171870,train,train,15,12
007308,389,480,RGB,0.8104166666666667,88409fd18a0edf730942af6994ac2c60d561c4e57a598457e0e614c9e8be1906,98c8860e1e2d373a,train,train,4,3
007311,500,375,RGB,1.3333333333333333,808e73b4a0865d58816636c85290c37517b34342cf770bf774247b5745a59b40,b7a72c66f0381b8b,val,train,3,3
007314,500,375,RGB,1.3333333333333333,f2aabf743ee570d100eb032deacd6ca964293fc6be31eab5bbd0e0cfd0540878,a9f0911b494b292b,val,train,9,8
007318,500,375,RGB,1.3333333333333333,6a671fe494929474b3e46d1b45c3996c8cc42d0696374705f51affd0e3da2b7a,c380b0aaeef6b8b6,val,train,1,1
007322,500,375,RGB,1.3333333333333333,74ab7bd23361ba6a5aaa6655020d5193ee2e5c0d96ef42a5c577a2c463f6da77,f0421a9ae8e0b2d0,train,train,1,1
007323,228,500,RGB,0.456,f2162497ed0a407dd614e4190fd95e4c15f1cadee6a553c9a27414fd203f98f4,2f0d858486456745,train,train,1,1
007325,500,333,RGB,1.5015015015015014,8e6754252899e1ec36dc751edda7623794244354d1f6d01b54c37e30b4a88bbd,98dacacb97161602,train,val,12,11
007327,500,375,RGB,1.3333333333333333,307ad0c368222d068f4b972d329ac09e343e9e70a7172ca253f10d50145cdb2b,686643b1b9aa3372,train,train,12,8
007329,500,375,RGB,1.3333333333333333,3efd8ccfd86a775dd2b5e39ed5351e71ae289c53c013cb5c7dee803692a49de9,89d93e3c3c3d3176,val,val,1,1
007330,500,344,RGB,1.4534883720930232,65f8ec9c39e7fd656de739bd4fdb7c99540fc5def17d1f1e3b107a855d20d2b5,123999d998746468,val,train,1,1
007334,500,375,RGB,1.3333333333333333,3546f45173c878fac10245f692aa55850ad78c289f0974b505db9470cf2d1bc5,e4c1c3e4e488d0e0,train,train,1,1
007336,375,500,RGB,0.75,91449ec09bd6a3e4522b34f49a144fc5c8c7194859083bd3211a9ec2891a2140,41c9c533333336f4,train,val,2,2
007343,500,394,RGB,1.2690355329949239,68789392f80a9f51a5a512f514d486367b6fa48c9fa1a91d6da6348f6aa9439e,dc74a4a6a3c1c0b2,val,val,1,1
007344,500,375,RGB,1.3333333333333333,1ca69d1542d040cb8bcaf06e8841d2b4cdb57de181890d206e67459681463e20,1c5e4564f2e3f11c,val,train,5,3
007346,500,375,RGB,1.3333333333333333,7a826c84d4164f60c9c115807b58278419a6ce61f87227890ff4cc01b798aaea,ffbdbd65fcf8e61d,val,val,7,6
007350,480,360,RGB,1.3333333333333333,9ebba37522fb9c8749505cc4f88b8e52a846a4bf0c74b8d872efb1e37a94b842,e6e6cee6f6beb8fc,val,train,8,4
007351,500,375,RGB,1.3333333333333333,40313eb115b3b434aea238c9ff7dba4743c46f3fc4a313f570ba167c225b1a0e,f9ffbf26e7f0f89e,train,train,2,2
007356,500,333,RGB,1.5015015015015014,eea03e786309bc0248fa943c5c41fcb03c8e7feebda3949663b7ca0f3d830d1e,eee971d026e743a9,val,train,2,2
007359,500,375,RGB,1.3333333333333333,22a271e181aaad2fd4073deb2cbd26ec5e115d4bf1dafed57eeca250306128ac,1a30383831385878,val,val,2,2
007361,500,375,RGB,1.3333333333333333,2d4c8708f165364f9d0db5002ec8cb43cd4773d36cab84f25db8c6f79fc173ac,6f5d9b1d5ddddb5b,train,train,2,1
007363,500,317,RGB,1.5772870662460567,d0356aec8703f502a61066f0531fab8b6e68b5e72955f1b1290d6262c17e6017,cecec674144f4ff4,val,val,1,1
007365,500,332,RGB,1.5060240963855422,f8f70a8bec89fad2804a79d505f9f08593bc542d4d70fb310743f3dc5b106161,a0d3da4bfbfbfbff,train,train,5,3
007369,500,375,RGB,1.3333333333333333,f3fc6a5fbbcf17324ad85b499b91bbe44886692eb2bf2ade41fd2f59c65366ea,8880c5ed691e3c3d,train,train,4,4
007370,375,500,RGB,0.75,c9be966e3f25c2875562530aff146213e40876c671863eab11422355e07cc495,41c1c1818080c023,train,train,1,1
007372,333,500,RGB,0.666,3a05af37aca97840a51af9f3bf37e9b6c8c74ade25d3115e5e88356ca5807a17,d37e76f93f26e881,val,train,1,1
007373,500,375,RGB,1.3333333333333333,255d1b4327d5e5ebb5a0fddd41eccaf48b1ce4ca088813ed574bebb69c8458a7,9a206bb0b1bad0e0,train,val,22,2
007374,500,375,RGB,1.3333333333333333,f455a5ec89cc4d5165bc88f576300cef33b452513f64549fcc89ffb81c057866,6060c031234de4f0,val,train,2,2
007375,500,375,RGB,1.3333333333333333,35272750ca6bf1d2e25da1078163b57285ebb7dbf054dc8abc36e27dd99c9f67,2f1f7e3c3c373757,train,val,4,1
007376,500,334,RGB,1.4970059880239521,5162cf9992cf502d3993dc9be8e16cc9b3834bf2f00c9d8ea832d5ee0bbbd1ff,dadad89c0fd0bbe3,val,train,3,1
007381,417,500,RGB,0.834,75a2b47943bf52e09f3270ab990e420b50f85743b2d6954a7e498837549248d3,71494f1f1f0f27fc,train,train,2,2
007383,500,375,RGB,1.3333333333333333,95bb502b9b37e51ce8b1a3c32ee2e527c881710457688460b4e09cd0e412078d,f4eac9d1e6e4f8e3,val,train,3,2
007385,500,333,RGB,1.5015015015015014,be8caee66a7850f127edb26d3430c8a720ac60f61dab1ec0a6ba226c67aa2027,c323535b5be9511b,train,train,1,1
007388,500,375,RGB,1.3333333333333333,6ce714ad01768352b70f7612804825dd19b7a284d17dff649ec14289608b6ca1,4f59b17830b2fedc,val,train,1,1
007389,500,337,RGB,1.4836795252225519,66962eeddaee990ed1eb39d4051ffdd35231a45b8c21304fb9e9d0bf3d7ee655,c8ce4c4c28c0e4a4,train,train,6,6
007390,500,375,RGB,1.3333333333333333,41cb381e284c1ff28ba5043b3351b79aadda4ba2ffcd52e1adb913f4c99a7dfb,b838064d0b8b9eae,val,train,5,4
007394,500,333,RGB,1.5015015015015014,ec17762e9978ed9eacb5edff1f383ee33be0db6d34f735ea2fe2aeeb5736db13,f8e0f0f0c4ecf0b2,train,train,1,1
007396,500,375,RGB,1.3333333333333333,a066b30021267b34179e13b4a02c62157fb5c53fdff7c0aa2e3be5f51203cbff,caca83232dc9c7e5,train,train,6,3
007398,500,283,RGB,1.7667844522968197,455e5f4da73b2218d421df8d6bc5818236a63759e426aa99cd365d0e271eb956,f16603176664e062,train,val,2,2
007408,375,500,RGB,0.75,02533ecf6dee006facfeebb6c9b128197ede26e085d3f089c3e0112492d3ad93,128f276859097ae6,val,train,3,3
007410,500,333,RGB,1.5015015015015014,ff2842f3d32bfe837f93eaff6ebede04064be06b4241c2e028653cca85321123,b9b89296c62e3636,train,val,7,7
007411,500,432,RGB,1.1574074074074074,7056c19b5e4f4fe1b47c5fb09de767022d31b8e957823ddee3c2c7314ca4ff03,343274dcd4848cb8,train,val,1,1
007413,500,375,RGB,1.3333333333333333,ca04494f2b4db0d4bec4c4f0400696bf0a456d21d988701fe5691f23ffd39112,d9b91998a2a2b2f0,train,val,2,2
007414,500,333,RGB,1.5015015015015014,70a959615f30c438062afe38ed67544b9a10f47636ae7e1f8c0f8898e794faed,e5956979c3e40014,val,train,2,2
007416,500,349,RGB,1.4326647564469914,ee345d47ede800c8c9b3b78a90bb21269ff4e4ef040568e05f4411c47939a002,e5c540484864722a,val,train,2,2
007417,500,269,RGB,1.858736059479554,c987beeb0e4eacedba831bd4e48fee7ba0c8c5d206b7b53aeaf2f19c9ec5f35b,fcf49e8de1f2dbf6,train,train,3,2
007419,500,375,RGB,1.3333333333333333,2a072f42843f4f40fe296eccc5297e8a371cfadd01026af889d115e2f3d3f6a3,3c1c1a4f4f0767d8,train,val,1,1
007421,375,500,RGB,0.75,a1f0ab853fcdae97479a72b7e7b3389a08de56fb8ac98ce7e0cd3e59264fc2eb,da9cec64610627a5,train,val,1,1
007422,500,333,RGB,1.5015015015015014,42c2e988abb732037c79e87dd227084d2df70bc7cdbacfc23dfc8e704255b066,e4e0f0c4e5f0c4dc,val,val,1,1
007424,500,333,RGB,1.5015015015015014,0e0ecbcc4bf84e86efdc465855195a1469c1800a2592ac8e2dfdaed31f7621c6,1c3896b2b39329ed,val,train,1,1
007425,500,333,RGB,1.5015015015015014,aa04f0ead7496aaeaa98efb5b7b802f54387ed4c7bc2a78b883f1e40b0b07b5d,b9393938f86bb387,train,val,2,1
007427,500,375,RGB,1.3333333333333333,cb8d809d5c95051ce2e3d3eb1db44d7c518c09abcff5c081b04d7b7089482a94,b8a8aebbda5d3db1,val,train,4,3
007431,500,417,RGB,1.1990407673860912,0ec471c0193c16af947303d9b5b08e56fbed5fe2daef6288b706d8174c180a2c,ffede01f9a922230,train,val,12,10
007432,500,375,RGB,1.3333333333333333,5572219beabec4a971153c490f2a2296a2df867a2208442acf21d7ba8ae68c53,4e4ec6c4c5cc964c,val,train,3,3
007433,500,375,RGB,1.3333333333333333,260147aad21a3cad07efc17cc3a0edbad123c4687c99fdb3907ab3193521b002,3ef3b1d1c1656549,val,train,4,1
007435,332,500,RGB,0.664,6f74e1fec4a8b4637dd5c2400f81b452bd1d3e548eeef0ed3a375a65759ffff3,f212e6a623647861,val,train,5,2
007436,500,375,RGB,1.3333333333333333,f3b4ad60394b296afaec9b1465f20b6c1591aeed8064da0423eca235770e955e,08b1b66664e5e15a,val,train,2,1
007437,500,333,RGB,1.5015015015015014,37b3440a48cdd58771b80c2ddf8c94c7c6e2497afd14940c071b96fcbc81314f,fdf638f9d3f9f874,train,train,1,1
007438,329,500,RGB,0.658,cc45a48e5292826ee1c4dc132a310823ea88092875329243574ff78d8d13c085,cdce972306dc9f14,val,train,1,1
007439,500,333,RGB,1.5015015015015014,774c0c50e960014132bd595624f80ef533a607c6b317cf60fb95cf06ac422d47,b59b194b49199814,val,train,1,1
007443,500,333,RGB,1.5015015015015014,ed0181dcf45c52bb218fd9a98766f9da4c3ba0f9589ac17ebc95bca33d63d1ac,ccc8eaab9e3333b2,val,train,5,5
007445,500,334,RGB,1.4970059880239521,a2053e2311271d937660254fc255e0dbf2c64eb5a141787a832a02449dec78c3,a323832323032324,val,train,2,2
007446,375,500,RGB,0.75,3036749aaf1279ab5515a6e955a212555b9bf84aea57732a26f2b2350b5e9491,633b3b3930383c1f,train,train,4,4
007448,500,332,RGB,1.5060240963855422,724d514c7526569431869b11b53c477351b29e54964db379452330cf658bcea2,89a1b3b3a94e8480,val,train,2,2
007449,500,375,RGB,1.3333333333333333,b96b41048d94f017677f929324522dfd93f80b6a6b44977ffaa66d9d4399eee7,4030b0b0e4857000,val,train,3,1
007451,500,375,RGB,1.3333333333333333,d78eeae421fcba1346ac87d1a37dc24aaf0babf21d1fdfabef0876d1d09ecc9f,87060c0c91d33120,val,train,4,3
007454,500,375,RGB,1.3333333333333333,dbe86d11ba233ec5818d8cc43a283443ccc44ed9efc8b480e36b888a3cb59f81,8c1c3c31317c38b0,train,train,2,2
007457,500,333,RGB,1.5015015015015014,6ca2dc46e007fdbf97adedae8d7911a8143cebbde75c252c78a381800360879c,787078f071b8b018,val,val,2,2
007458,500,375,RGB,1.3333333333333333,f632e4e0f34c3f3f833ec4ab5debd7b347423cb2094d8f0e5a2db3d651caeb84,9a8c2d74ecf2c298,train,train,5,3
007460,333,500,RGB,0.666,ded61539356581789897bd07b19aa70210f4d259270a77d3bee37510a9394f1e,7f777e797d4d733f,val,train,1,1
007461,500,375,RGB,1.3333333333333333,66d45982aca6a9eba59064e07bf474cee0551f163c2a66633f7663c496fc991b,575a392c08920081,val,train,10,10
007465,500,375,RGB,1.3333333333333333,1304af4a2b158cd50548832fd59f7f994e3c8b8aa4e6ede9fdf8884cf235fa9b,21ce8ecc880e284c,val,train,1,1
007466,500,331,RGB,1.5105740181268883,1e5614a102e5d35a71eb204556a99e9206b5279d228f1e1f05650e19ac99ebfd,1e1a525a1812d4cc,train,train,8,8
007467,500,333,RGB,1.5015015015015014,ebc63d7ab8baca51f5d01b91af2dcf341bb4f2504b212e568878183764251997,cfa6e7efe7877fba,train,train,1,1
007468,500,375,RGB,1.3333333333333333,6e4012c0a51eba4d6de06dff51e3eb86ae90c3150fd67eb43966b85ba4fca762,e0333392c38fe131,train,train,1,1
007470,500,333,RGB,1.5015015015015014,523606593f4fb21a7fe6a07154b7a8ca1b234aab788cd77f311cf06cf6a1e681,d0d84a4a8eec6430,val,train,1,1
007474,500,375,RGB,1.3333333333333333,c27c4f0f2146acb015989994ed069aa4991585036b2cb04d775f7ef4c0a71bf0,ba36969697931b5e,train,train,2,2
007475,500,332,RGB,1.5060240963855422,b1a7febeda7e90b3a3b5720729f63c0be3335a4af32fbdbcab557fda3213a6f3,96185971149404cc,val,train,2,1
007477,431,500,RGB,0.862,a4c9955f634eb47375e4d0c2efb071e59221a39111ac616d2c32ba5115f1764b,8374e1c799102908,train,val,1,1
007479,500,329,RGB,1.5197568389057752,5d86d8556a32b94fddfc5b1c088a3576ac5ca92be7da26684118511d861f2604,88a3e341db3b7000,train,train,2,1
007480,500,305,RGB,1.639344262295082,ceed52ccc882a9d657322fd12137acf211f2ad96295c63abe19a844749af67f9,2e371d4e2c34305a,val,train,2,2
007481,500,332,RGB,1.5060240963855422,43ffbbc9305591a633bf8390d65a323a43938dacbe5c91bf4bbef40ea75e214e,6859f1f0f9f99993,train,train,1,1
007482,500,333,RGB,1.5015015015015014,f91e84d21f9c9d65f63526aff82dff62b1aebb0ff4a65ff9a566a72c9c299395,b8b6b2aae393f6a4,val,train,4,3
007483,500,376,RGB,1.3297872340425532,b339e8c9c6aa9e3f655a8aa01124a8c99a5675efb17c137127094b8fa72077b0,c4048cace5cdec79,train,train,1,1
007484,500,375,RGB,1.3333333333333333,b922dccbdb01e966136af5d5c305e28f5abfc78ce45e418ef71c0d6dc934dafe,e4646c5c3cbaad2d,val,val,4,2
007486,500,333,RGB,1.5015015015015014,c87e8d21b19541a50c10d11d9a831afaff43945fbd9a48e0a5687ccb3e4e63d2,e0e0e0a48db9ece6,val,train,1,1
007489,500,395,RGB,1.2658227848101267,98e10d1334d8e9cc1365af4c1f17be5ad4cedd1cfa2448b185335f835fd3f948,70c1e1e18981e0d0,val,val,1,1
007490,500,375,RGB,1.3333333333333333,e95c037f35b9a90f1b8d8ea2469c911935f6d106adad6b3125159f9301b5b47a,52d2d2c2cad30440,train,val,2,2
007491,500,375,RGB,1.3333333333333333,a73fdc29d27ca096bbf6fac3ff3204cc8d50df897b2da7652c33c58946ea42e4,28282820200828c0,train,train,1,1
007493,500,375,RGB,1.3333333333333333,4b147b862f78dec4011a49599c6c853abc9760b76776ebed8d6d872838664a90,6ca06e64347c743c,train,train,4,3
007497,500,333,RGB,1.5015015015015014,aca29a2a4d93a43eb00cf23a11cc813b129767622331597cc5cf51892b6aecf2,d673679d98a098b0,train,train,13,10
007498,500,376,RGB,1.3297872340425532,1f1cd7796d509fe09ebbb89fd63f03219ff916bbe6bb8276183048acd034e467,2aa2278785185859,val,train,2,2
007503,500,375,RGB,1.3333333333333333,1c30f521d0da34e3e02a5b201978460e42eb0918c035ef73bec3783cfc7cf6e3,39edc4a485c560a4,train,train,1,1
007506,500,375,RGB,1.3333333333333333,94b990f71665c9e43046fbb4bceccecba9e2c0d68ff9d1643adda636ac34eda7,47deeedad6e41b93,val,train,1,1
007511,500,375,RGB,1.3333333333333333,afb0587b6ba114d7c725bb4e9d820226b9df4e119beaa93409bf1f275b0669d5,6b4e94b9f1d9c4e2,val,train,8,8
007513,500,333,RGB,1.5015015015015014,5c1693a071785aa02af6728faefb2045df387a6409352d5cc46e5024bea8787d,5c7a3e7e7733b3f2,train,train,1,1
007517,333,500,RGB,0.666,ba25741badee4360cb62c3945463e078248c8dabacda66b8f2934feb2d537650,96a646c9e561e0e4,val,train,1,1
007519,500,375,RGB,1.3333333333333333,b053c8eaba56af50bd1e41102c74e7cdda9b1384371a72e29c18b1f065b8572b,c6c6e6e6a64470ee,train,train,3,2
007521,500,293,RGB,1.7064846416382253,7c1520f80189058cfa308c4f5408426c9300d83295bb9066bf8203553c1ec930,0000000050400000,train,train,4,1
007523,500,332,RGB,1.5060240963855422,5aa5cff6bcaba8e7a15a0c0ebac204c11a8f82810a5bf954fce3b1df05c2ab41,c062838c9ca498e0,val,train,1,1
007524,333,500,RGB,0.666,0ebc13596c29740d81998050ebb93aaf739a3ffb4a46fb6f55b9ad5d42091ff9,181346c793e003c6,train,train,1,1
007525,500,400,RGB,1.25,4697bd22986282f243a21936ad9e8b9ca90675c5074c4fa90e1b0e18ac80ee1b,cad3dbdb3073938c,val,train,1,1
007526,332,500,RGB,0.664,d996c682fe8ac26bf691246fa248d9556ac1b4aa448956772c541435eea70aa3,fbe4044f0349cbf4,train,train,2,2
007527,500,431,RGB,1.160092807424594,5ac74143a444047fe6c42b52e53884161d365dc2456e658d6caae374cff3da02,0b53811993976389,val,train,12,8
007528,500,375,RGB,1.3333333333333333,4a8f6aab92111c4cbbb2bfef9205e0f102feebf65f2956cf2d22b7cead983c27,9669b8e0e0e6e3d1,val,train,8,4
007530,378,500,RGB,0.756,325b25c8d6a4b317768cea5c5b38e5f7fcb4b7a0027ac3c17ae6d8c236cbf7c1,f06632b487e4f478,train,train,3,3
007533,500,375,RGB,1.3333333333333333,c4ea34319c080fd4615a33b68e027f0c218485350909f8dd1bdf380bf01cf449,e86561e059395164,val,train,2,2
007535,368,500,RGB,0.736,2edd7b4e36f5be4deb0f374ffa9ea2e6861002c1a3827e875eec4b9f15fc6f86,0f0f0b2d250d0b2f,train,train,1,1
007536,500,375,RGB,1.3333333333333333,889b9ad40e9483cf655605cc582e2c27e8996aa07ba6030ed4ea6b95375b7e08,30347c3031713971,train,train,2,1
007537,500,333,RGB,1.5015015015015014,0901a43c1b31239b68243d8e818d16655f206a6d696dcad6728d298ce62a6e38,fcf293baa6249d66,val,train,2,2
007538,500,375,RGB,1.3333333333333333,3eb58546198b5f0f5f16d64a6da8a866fc6169a12a577de843b2738ba395d418,044c4d4d0d0d99d1,train,val,1,1
007540,500,375,RGB,1.3333333333333333,af6b90611fa597576c78a6146a822f0ef53a60c696b6093636e530bfb04632fa,cbdbb2664202c3ce,train,train,3,2
007543,500,375,RGB,1.3333333333333333,d4088f822ad59a1444819d9ad435678406e39417b4644f6968317f6f741fa219,dae8a53b332b2bc4,val,val,5,5
007544,500,375,RGB,1.3333333333333333,f714caa445c6db0b8559a03a189cbaff32c8afb6176e440d9df1ee62677a3eab,07d0909448071410,train,val,8,6
007546,500,332,RGB,1.5060240963855422,596ba97fb440962be2fcafddad44070d3b8b3db0b4a585785fe89553ceef2601,e0d8dce657f4e0d0,val,val,1,1
007547,500,375,RGB,1.3333333333333333,a447d94e17d6b494855106ef90a9ca69ab743ec8ec5d28f52d12deb0618df7af,d883ee64f1f07bbb,val,train,2,2
007551,375,500,RGB,0.75,80874ae43c29232dc8f06d225644a10cf3831c70931e8c330ad1ca6cefc413b9,fbafabd3d3f5f6cb,val,train,1,1
007555,500,375,RGB,1.3333333333333333,f65526f14e455c7dc6a400c2176ecac11c94951be32b1520f86a0fd48225386f,33afbcb2b098babe,val,train,1,1
007558,500,334,RGB,1.4970059880239521,c9c8f0ec14309b5635d16290062ef8f89aedbf85657d7001de07ead985daa1ec,3224acb8d2f1e510,train,train,6,3
007559,375,500,RGB,0.75,e2f0df5221ff237c621b4cf6c8bf2ab8f95f6fa140005837111cdac6594c0105,9eadece2e4b4b0b0,val,train,2,2
007563,375,500,RGB,0.75,f31b156333125f96a831d567cb1a9f4f7539bb2a92a0fc1facf01101844c16f5,e0ccee051dad871a,val,val,2,2
007565,500,375,RGB,1.3333333333333333,6b559d14379fc7fd4180ec262d7323f713d959a3f44518434ddf4f49d5ef4b72,cece97035b6b3fb9,train,train,2,2
007566,500,336,RGB,1.4880952380952381,426a63a4e81a13547cd37f4f4af7eecf7bb0dbd2223f463ebeb6c474850d5f69,7666b672f0b67851,train,train,6,5
007568,500,375,RGB,1.3333333333333333,fa919510235d299962ea7d1d5ae53d5c67a6d47d3bf4e0775baedb927af439f7,f2737370f0b0e0e0,val,train,1,1
007570,500,332,RGB,1.5060240963855422,6cd6caacd1feafdcc8f875c78795f23c767ce3b5584d259acad8004f8d310a28,d9498d4d8cb43583,train,train,2,2
007571,500,375,RGB,1.3333333333333333,c07993f48e9b097e81562114ab42a6f9813457d50e0849f8cd3b78413e6e1537,c0f4e357d6d686de,val,train,4,4
007572,500,333,RGB,1.5015015015015014,b06a16c5dc7f887dee34bb977897847cfdf8c568604b6129a7ba96cf60a4e79f,1964e494d4d5d5dd,train,train,18,5
007575,500,375,RGB,1.3333333333333333,9677e78b795f106b6be14e15ed2fd3a408fb37e63c8fe3a101948b6b953c85c6,67cea6444567d1d0,train,train,1,1
007576,480,371,RGB,1.2938005390835579,2cb90eab8ba7cd0406dfb4cc1121d7dc945d85c56b8ccdbb4b5d9a3b4e0179a2,1a0e369a93d3d3c3,val,train,2,2
007578,500,331,RGB,1.5105740181268883,09b3ad194ec076f5fcb1753b460645ce02d20fb79c9363154bcc53b3e1c99f16,30303430347474cc,train,train,11,5
007579,500,375,RGB,1.3333333333333333,5fb9698024bcab6ccd7c070431b90c83d584bbbe0de6f558c571217925e8d1c0,b8989898d8b1b9f9,val,train,5,5
007585,500,500,RGB,1.0,6c16bc361d18b1ef83c16f2cd3e13852f70fc5fd764dadc99c315f5b6839c6b3,86d7e74d52ca63a6,val,train,2,2
007586,500,375,RGB,1.3333333333333333,c2b0289d3effc6b1928b95476437685c6e0d8e6990238abdcd6e0996a7994cf8,3390c8eb379ae0f4,train,train,6,1
007590,375,500,RGB,0.75,548f391c06e46ebd98f6ccd6e7bed14b6a173f250572f81e88f33c3f26d2483b,f03e7f3c9bf7cdfb,train,train,2,2
007592,333,500,RGB,0.666,5080940ee62e8674b6155990f196783d08843fa569572ad785904604c4766087,f159f0b09c6ce8e8,val,train,3,3
007594,500,375,RGB,1.3333333333333333,15dac8fadcb8c96cdeed33f77494cea0c7ca5424393289703106539793b8feeb,0da461696973626e,train,train,5,4
007600,500,333,RGB,1.5015015015015014,b4cd9fc4b50fddbce95d16b1b3fb07e28529067e839ef64f1df40c92257f3ab6,34361f2b3b1f1e3c,train,train,2,2
007601,500,375,RGB,1.3333333333333333,592902b55c9acf9c5a2d2ebab34be6db1bb49504db6cb2e9f2507324e1561942,4cf86d7d1f138361,train,val,2,2
007603,500,375,RGB,1.3333333333333333,d260e401b98196d62c6daf6d7daccda16f457a0b522831745f28ce3a8450a2e7,64e4e6b6f268f0b2,val,train,1,1
007605,500,352,RGB,1.4204545454545454,ccf1d8174051e61c747d0f33bbf3dc0adbb69bbfe734d8fc48ca1a17fcf94cbe,6b6b4c4c6d6d6d6d,val,train,5,5
007606,500,375,RGB,1.3333333333333333,2610c0fca6aa9add93597e4ff16da53a8a4aa082646e3cbfb8bb6aeb5678b335,72f4dcc5f5d89a9b,train,train,1,1
007611,500,375,RGB,1.3333333333333333,60611cc0a57f45acc958173eccce6f37f951fd0cca1d8e6c80ba32da0cb645ff,08d18d48de6d6dfd,train,train,2,2
007612,375,500,RGB,0.75,9658381cded2f2741ad8c7bf74f1ee0dd2872d62338d9cb6dde12297fbd8cd36,e060594b4c57575e,val,val,1,1
007614,500,375,RGB,1.3333333333333333,23d9dc8a490b037aae40132e8dc1ac033b68da1de8925cae352fb4e3a5aba64a,bcf9f17973270f1e,val,train,1,1
007615,500,375,RGB,1.3333333333333333,3df02e85d482344b90a837575b38e481a1fd970e0b4622381f8e1428d76196e2,ccceccedf7b3993d,val,train,2,2
007618,375,500,RGB,0.75,302b0476b461288ac420da096a6770993452646a1602c5f85bbdccacf9726a9f,4f556c999b9e1633,val,train,1,1
007619,500,333,RGB,1.5015015015015014,9fd6fdd5f2e15a9646b54242f59991bdceb62abf29921e6fc4e1d744d6dafb80,729965656171e969,train,train,5,2
007621,500,375,RGB,1.3333333333333333,78f94869721b9b1669644cf446817e90ab31eeaa2fdaed394f079da988fdd861,f0e4d2db08108000,train,train,2,2
007622,500,333,RGB,1.5015015015015014,8e598271fee7b4fe44b4ef5de2c761e80a1fd077ca605d539cba78eafba86429,2d4bcf0f4f983ced,val,train,1,1
007624,500,375,RGB,1.3333333333333333,39f15dfd3a9703ca8cb372ceef6f62ea56b06ad52ee1175b8ccb275c5ce94198,f1e3ebf659cb9c79,val,train,9,9
007626,500,333,RGB,1.5015015015015014,17dd640704392f208c70907d4d57f66adcc7d53920b6cb962637a839c43de510,e0e0c2d8cc546de0,val,train,1,1
007629,500,375,RGB,1.3333333333333333,226da582ad7efcd7bb816e2da5f10d92067601413cfe321eb981efcd1d2fd60e,f5f5f47cfcf8b938,train,val,1,1
007631,500,375,RGB,1.3333333333333333,a3e22619089d90ed421cd8d54768943d2a5b06563db62ab80f4b1f63dea5b3c0,6752727a791c5332,train,val,19,17
007633,500,329,RGB,1.5197568389057752,9bea80ec0f57757a5f99f77cd2776616c5338a4b215203ef256b574e712d84de,0c2c80d28e4bde20,train,train,3,3
007637,500,375,RGB,1.3333333333333333,f17a0f9f35b1227c6b63a5d8a69d0a60c5bef3330c0fb1b7ab2fedf0c071374d,205183060e2faed0,train,train,1,1
007639,375,500,RGB,0.75,371760b315098b00ceaa53e0618a5e8ac5e08405500bf96d5a1c6ab7cc2a1234,5e9ebe1e6c64632b,val,train,2,2
007640,500,375,RGB,1.3333333333333333,605e0b692c02371a653eab023dc964f80d9ea7c8901afc95050c81cb54a2baf0,1594e4c8c8d50501,val,train,1,1
007642,500,375,RGB,1.3333333333333333,f2be9c2c83f69fd779100c6d3fd6df9ed6af3eb9245681f3605299fa96386c37,04241491b0903071,val,train,1,1
007647,333,500,RGB,0.666,bd058a6a1cf4a2f6d57d8e3a56d5a624436d2c9fdc21bcee6dbc5add32e30a5e,c0c6c3696d054070,val,val,3,3
007649,500,375,RGB,1.3333333333333333,b50f80a60f159e4177528157b02348d80aa9a1084e1ba114fe31485aa41ba9fb,d6da5979793b3470,val,train,3,2
007650,375,500,RGB,0.75,d2a5d85712516063b544c0e65681f8375bb8e5ca32fb8817186255c9b3248312,30e0e4e64319e7c6,val,train,4,3
007653,500,332,RGB,1.5060240963855422,2ee32bdbdef20fd042e3cf2be86588c46f60d928859bd6eb33e58c377b804d91,42555554096367d8,train,val,2,1
007654,500,350,RGB,1.4285714285714286,1d0559a5975e2f6a413a719b4cd03e84ef5ae52dc7331bf975eaad39d1e44734,808929d9122c8080,train,train,1,1
007655,500,357,RGB,1.4005602240896358,04b9cc3aefddbe0c139edeb181ea87970ee4c48608b81dd26b285260a62160b4,bab2f2f2f3c76f7c,train,train,1,1
007656,375,500,RGB,0.75,f5b672fbda4b55a841998e58408ccdb5d5e5d793f3769096a08953726abd9eb2,c3e4f3f21a73a5e0,val,train,2,1
007657,500,347,RGB,1.440922190201729,4cdaecdc089b701a190f7c4b993f67c96a176e8b1ed8732f3d8ed81eff2815bb,6262617231b16438,val,train,1,1
007662,374,500,RGB,0.748,9bc4c41308da207e31261c54b7a860cc36951f9208be5600d433c5576686925f,a0bcb0319737fddc,val,train,1,1
007663,500,375,RGB,1.3333333333333333,ef981a44c62b1a06b857eb720088c2f84aeb45d454d6e7cd8c731ba1a217c2d0,0080061b4727d8c8,train,val,1,1
007664,500,375,RGB,1.3333333333333333,f2d2a661970b2d376981e3fee0c3ee72013c171394b0cb35601dcbae28bc4c16,f4e0f87626668595,val,train,6,4
007666,500,375,RGB,1.3333333333333333,5176ed7746becac848996f76acc3b670a63a2f76a694d6bc623819fb5576c2c7,04f1e0c4c0e0e1e1,val,train,1,1
007667,500,375,RGB,1.3333333333333333,93b9e7dcea924a011ad65983b781e6c607b78ec58bafca14759715ebf212c940,fcde921d5e5fd9d3,train,train,1,1
007668,333,500,RGB,0.666,1e2b15954efbd077ee40f1d952679e9903c478028a448b6fcff9b3989c848de0,bdb1b1b85808bcb9,val,train,1,1
007670,500,333,RGB,1.5015015015015014,46df59256b8ab9065e6d5875fb6c7e6c31e48e4ffadbcb40e53c5456524020ef,870da8908bcb6380,val,train,2,2
007671,368,500,RGB,0.736,9ed035019443ac75da3cf44abcded43325d78f979ebbc08db7306ca5aab1773f,226bbcc6eb6b337e,val,train,1,1
007672,500,375,RGB,1.3333333333333333,bc15de1c3a2206b23cb22c368b807ca06c3ccfbf7b380b1fc9d7423cee28fe09,4a686078ae26c7d0,val,train,1,1
007673,375,500,RGB,0.75,8a386b752dbbd213aaaff6319b2c15d040598362c429e01e43855d91bedc0c95,e2e2f273e8b8b8f8,val,train,3,3
007675,500,333,RGB,1.5015015015015014,da902443b600b559dfb380d5220a2be1604fbc5720d528e91e9112c45dfad811,8595808a666666c2,val,train,2,2
007677,500,357,RGB,1.4005602240896358,ad81767dc13d42bb820705408d05724838b42b7b6ce9e6f51323703747a24a3e,454535191f3d6141,val,train,1,1
007678,500,314,RGB,1.5923566878980893,6e4cfa0d390f2a4cca2d09c2bf91050e9463df7f2bfd3f090b987d4759069fb8,e090281b9f38b0c0,val,train,1,1
007679,500,362,RGB,1.3812154696132597,7928fc724ce34b0acfd1651417b5e2ac1b306270103586ab8d3f01c88c08dcec,3838189859564e06,val,train,1,1
007680,500,375,RGB,1.3333333333333333,ec4770e09017fb5138d453bd0566a5d4637184c5e78f372b0f80296d599a8365,8d4f5aa66264a4e0,val,train,5,5
007682,375,500,RGB,0.75,793829e16581029d34fffc329ca49b4b0b1aa721a0fcd8c3475e4ce74ab5128b,f1d38b5347eee0e4,val,train,1,1
007683,500,375,RGB,1.3333333333333333,b2f595cb12fd8b7bb20adbf6aad22536b5fc70ed442a08228520175750d3ca68,f4f6e4e4e4a4c9cf,train,train,2,2
007685,500,375,RGB,1.3333333333333333,07456e826cda6943bbc67838d8c3945e718d762474359047c1621b0bb28a2ae7,c06cc3da2834d500,train,train,1,1
007687,500,346,RGB,1.4450867052023122,ce0db439268513acf6cad9980435a681e3b62900413a7d178cc4383298bb1618,64347aae6e6c6d6f,val,train,2,2
007688,500,375,RGB,1.3333333333333333,88309ba1a8a6bf16c68b3a0070635046ee620887beb08f6385fcc4d8df825f1e,acb0b44810c31eac,val,train,1,1
007691,500,375,RGB,1.3333333333333333,bd0455bcd2242c4d05a611df323aab7493df2ecc94fcbc64f681721cc057d8f7,0000840c191a0060,val,train,1,1
007692,500,332,RGB,1.5060240963855422,ce9c66dd9a9b710e79e44ec7c4289915bf9ab3cd6d59d754546200cbc1dce9ea,98f0f8f8f0e8f8f0,train,train,1,1
007694,500,375,RGB,1.3333333333333333,2ebd23d99f5116e4d9113ba10f69081c46bd3cedf4ce3f7772658b4c52211c97,c0899b2228580008,val,val,3,3
007696,500,375,RGB,1.3333333333333333,23c86d21fa189f7c9694197dbfe7682dd3311ec7070d289541b1103f487fc604,d8d8f17507e07ccf,train,train,1,1
007697,332,500,RGB,0.664,4fd9639ee073faf3f499eff65d51611f24b0dd31000bbd726dfccb247d7b522e,bfb4e46f0f0983cc,train,train,2,2
007699,500,375,RGB,1.3333333333333333,aacd11efbd9ce444380fad144d57baaddd1e4edea61e48b6430778d10bc5fde1,5ad2d961c8997939,train,train,7,6
007702,500,375,RGB,1.3333333333333333,be88236cbbd3359a87536fcfe3fad291fa0be2f6eacf2c9431ae5476acee4c1f,6c6464642c15991d,val,train,1,1
007704,500,356,RGB,1.404494382022472,eac9f552f15e2bcbe5b4cc020199f9d0e16b3565a65ce5f68c6e5ad1e7ec1e90,282b3b2b4952097d,train,train,3,3
007705,333,500,RGB,0.666,29cc71e84e059e37d1b98540b5073d6467b8ca6773ce9ccc4e74dc94f36546fe,2cc93176f61c198e,val,train,2,2
007709,500,375,RGB,1.3333333333333333,b048bdd92740b8c0d10ae2d2293855127e42e4f2a123e5ad823a3e0aea80ac79,96b4491e2f09e2cc,val,train,7,5
007712,307,450,RGB,0.6822222222222222,d73b593c5d6cf8a45c5c2f74d30e15ada7e4c29ab338f0d0058376ea1191ae15,b04c8f9b9c96960f,val,val,2,2
007713,500,331,RGB,1.5105740181268883,02401f30bc42174fd627a5500f6a00ab4d6c57ddcb96fe880b824acd303355af,40b090989c8cd6d2,train,train,1,1
007715,500,375,RGB,1.3333333333333333,82020f2ca2cac5c66b93d54ce1f9dcaf9bd8a65d3c5f242511eb93cfb8e79e0e,cc8e0f6733b6f6eb,val,val,1,1
007718,500,375,RGB,1.3333333333333333,3e8bbb8cfcdae98c8ce6117b3d98593b60da50e897d8fb4a4e8a8e267ab1b5da,92183bbe7867ac2e,train,train,2,2
007720,500,375,RGB,1.3333333333333333,e50204ecdc3fcdff98321fa9e1d5689bf9f585279cca655d13a653747d9a0018,01320a672529b2b2,val,train,4,1
007721,500,374,RGB,1.3368983957219251,cafe04c961bee893f71a983a3b76a0d506cf36a8e3d8a2f50b1d4b4bda9f655c,434776d9c18585c0,train,val,4,2
007723,500,375,RGB,1.3333333333333333,4bab90b15195a58689fb5d8ce185606a16b33e1ba3c723fd2cca98153faf1eab,0be082e2e484ce9c,val,val,2,2
007724,457,372,RGB,1.228494623655914,d4c65f1f991cdcb4d4abb7dd12676e75cfbe3bf70a4c7c4d858657a30793ee57,0607033333233f3c,val,train,1,1
007727,480,318,RGB,1.509433962264151,677d59529b7e0b59105c2145c79e655e5eb992ef060d48c83dcb318dcebdc4da,a84dce66cecee63c,val,train,4,4
007729,500,375,RGB,1.3333333333333333,087d1546ad34a9b9b74677b155be10a58edcf6eb8efc75c34d03edd9adaae29e,0f13939397973333,train,train,1,1
007731,375,500,RGB,0.75,72749dae62a0622e40e1e16271f67c2b19f31c4a30eb5b2f637e3134a37c9dc9,2b2b2b1b379cbe3b,train,train,1,1
007732,500,375,RGB,1.3333333333333333,e791110ad904d5271a67fde38d99c232903c3cf6cf5d986a31723a861e70a15e,074ede5f471606a2,val,train,3,3
007735,500,333,RGB,1.5015015015015014,f74755d095a00a5c5e44da87e5a93c50642e991a3dd89f84176e15c4fa06944b,63626a6ec9c949c1,train,train,5,3
007736,500,375,RGB,1.3333333333333333,25231f7fe268e23e5d0b4806d1f63fc341516c1869da75061a8b66f936f370fb,4200414c4c3c8ec4,train,val,7,3
007740,500,375,RGB,1.3333333333333333,d9b5e3ea9854fb8b6bba421b24770e06d28c69d05ce076de6a2fea85d5925b0b,b0b0b4b4b43c3d32,train,train,4,4
007742,500,325,RGB,1.5384615384615385,2d76c58892a963b80b9eb083ca9f0c37d293f3c86bd85ded80c2cf822838fbd1,b6b0a68664622b88,val,train,1,1
007743,332,500,RGB,0.664,9cf89aafc804d63d98e369229338562a6e659413031143238dad72e2d38a3317,000023b4a5808082,val,train,1,1
007745,500,375,RGB,1.3333333333333333,bd458a263c6edfadfd3f39472d83f53161a36f5c1eebac97e77b6edd5f0c0eaa,83f278785c2587c7,val,val,2,2
007746,500,375,RGB,1.3333333333333333,eca4079427adeab84f73606c0e333ac2bfb0975fabb7790b07daf4c59a041751,1e0e0a1a885656fa,val,train,6,3
007748,332,500,RGB,0.664,d462661d1a8ff044701cb2ab8382cf083d3e6ddfe0fa570d8c9c5ba6fca3635e,830b2b8ae1ec94e0,train,val,2,2
007749,500,375,RGB,1.3333333333333333,8b0cf987333e9194939058325458ce6f5e7534f65f076c4e49d1cbfcd9dfffe6,f0f4e696b0b43018,train,train,1,1
007751,500,375,RGB,1.3333333333333333,32f6ae1e596ce7fd09b34902b9bdde63d4eb0b0813819ac03b1d7023f118ca05,f1c9cc62d2f266cc,train,train,8,7
007753,500,375,RGB,1.3333333333333333,25fb2677cda2eb059fa4f65a4e65f00a0d443ea105233abb513c721600babba3,c4206054a8ec6160,train,train,1,1
007754,500,375,RGB,1.3333333333333333,f2ea20d26d4b47aadf64b104a6498425690e877829aa70cedab4aac6d52af1f2,65631b9591d9e4f0,val,val,5,5
007758,500,387,RGB,1.2919896640826873,99558d5f7e1b685e5df4fae586021fe69251b5cb75299582c7507e0b776e8ac5,452d015159c64c5c,val,train,1,1
007760,333,500,RGB,0.666,d3aee387ec196fb70a8ad28bd2efd28394796380ebe1875837c194393731d655,19c4c3479b132498,val,val,2,2
007762,500,375,RGB,1.3333333333333333,0c701d410f542cb5cf5114fee248ff3d68f049e358fbde83d19e8f0fed7f5644,b6f624e793734307,train,train,5,4
007763,500,375,RGB,1.3333333333333333,4b58ada5b93a539367f22d0dda1ad30b46b70e81811b872b5f3b32b1fa8aa44d,c0c8dacbae26e8ad,val,val,7,7
007765,375,500,RGB,0.75,d6a01e6099da94ccb8367b6b053c129ab36ddd6211891c1b443f19cc8c553368,4464a730479f980f,val,train,1,1
007767,500,333,RGB,1.5015015015015014,c2a74902aa1a2cd7b4111bbc5748eaa96bc919ce89259db609b8aeeb61b66ced,d0f04a6c7a736932,train,train,1,1
007768,500,375,RGB,1.3333333333333333,139b21740dafefbb0621e565f89f1303e8ece76865b24e00d9d06c1cd50b2a9f,f2c0e4e7e5ce77d3,val,train,2,2
007772,500,375,RGB,1.3333333333333333,0d96c66860a00f9ccb4186979188a673b67510dc91291fea60029bb2e1f24078,00120a080a080020,val,train,1,1
007773,500,334,RGB,1.4970059880239521,f40878642c0c50ec4f505e81688939698bcb324f8370ba927e4f659874fd0384,f17030f0f2f2d3d3,val,val,1,1
007775,378,500,RGB,0.756,440023b5bc8f181e4ad9a8367e5432eb6780c11faf555f93925373e0d0e4076b,98ac3c1c5c1cbcd8,train,val,1,1
007776,500,333,RGB,1.5015015015015014,1fe387a51f538817e57bcf1a47fb09bb8784a1852434cd6e2b0e1affef13ef24,00f87888930f3933,val,train,5,3
007777,500,374,RGB,1.3368983957219251,d9f96bbf7ca65e5c37d9b8c143e76a2b7de8e6e6eb64c326352f1b41b9aa9764,6be9e94d939240c9,train,val,5,5
007779,500,375,RGB,1.3333333333333333,ec02286644d2106cb9fd773e4355d422c215b06183e619afee1f42d2cf0c3013,ccecf5fff2fcece6,val,train,3,3
007781,500,375,RGB,1.3333333333333333,a0448bcee4125b8f98561d49484fb905c442198c151f0036bbbe5be7ddb6b603,f6b464709cc4d7c9,train,train,1,1
007786,500,375,RGB,1.3333333333333333,91c7d9033ec4e452313aa513ca3d0da3b1aa0f6d9009272b85e2c2f5c1b357c6,c4c5cd5a57879d53,val,train,4,4
007790,500,375,RGB,1.3333333333333333,a209a9f591a7dd7892b8c39b9edb045b1023cfbb8734d8d7d453d79884d1c1e0,c69493f2d6101205,train,train,5,4
007791,500,375,RGB,1.3333333333333333,bc69af271cc8f65361698c32f27922f6af5ffb412f3028117ed431725adec94f,fcb83d1d94ac65c4,train,train,2,2
007793,500,334,RGB,1.4970059880239521,0aed4a0b6416ec11605791b0caf65ef8f3bc0508d5e8684300e368ba86c8b173,d0aca4e46dc99997,val,train,5,5
007795,500,375,RGB,1.3333333333333333,b823c8a04f28b1ea81aa2ed11084616d16a0678ac7a0bc3bd2f75c2d1c44ebe8,292932ba8898b3b2,train,train,10,7
007798,375,500,RGB,0.75,dd1bb0955564ad2415a659d029de53697564918854487be4423a06f5e4bcb25a,3193d4fcdad87007,val,val,1,1
007799,500,331,RGB,1.5105740181268883,ff682c88b3f735bc858a76e0e68a37de0a47568766d9845550dfd586b41524e2,b1b29a3a33676a6d,val,train,16,2
007803,500,375,RGB,1.3333333333333333,a6f2c04cab0ed2417e15bf14754553868a65fb86fb3437a7fa28c17cc0f5e9c5,fefefef6dbd88cf2,train,train,1,1
007809,500,375,RGB,1.3333333333333333,a4bd1d0e5e7c28bf5fd34ab319a4f03499b3c0b6bb67ef63f8c41552294a94cc,8313020e276463e3,train,val,2,2
007810,375,500,RGB,0.75,224880af2588f4633af8e50d9ca8444196218c541149182ea39828709dec693c,48d8f02ef0522e3c,train,train,2,1
007812,500,375,RGB,1.3333333333333333,393bb9f1c84f7c1331682454edcf0cc0489171ba17149ec63a9bdba976b6e96e,3616060707070f8e,val,train,2,2
007813,500,375,RGB,1.3333333333333333,dfd120e9455b904219887ac10f8aa86b5f053cd04dd8091d6a9b5ceb090ba74b,d0da9a1debce9696,val,val,3,2
007814,500,375,RGB,1.3333333333333333,d485f33d6f5852057e1eedf2364b1c05202d35608c9f7b8c9ccdc224335a953e,d8b4b0f1d99a9226,train,train,9,9
007815,500,368,RGB,1.358695652173913,b23090df64c6c59122e0aee8e0324abe43967d5a0bb82491d2e485511057af94,92f2bcf04e5b36e8,val,train,3,3
007819,500,208,RGB,2.4038461538461537,4cfb9d21886e663af5dfe27f7a09dc56972aadad1573d2de669e8bf9d4ff8c6b,40844b6911603f80,train,train,2,2
007820,500,333,RGB,1.5015015015015014,f4828d1b506a4974642aa85804524c25be5a92811c4e4b9ecb99d2d2fea82c6f,fadcb5b1752ddaa4,train,val,2,2
007821,357,500,RGB,0.714,0fd6e2524e183fac3082b44ffd1c1bb9d723920efb7244c66d71add72b0af3c6,eba7a6a667a73333,train,train,3,3
007824,500,333,RGB,1.5015015015015014,347291470e1ce8379aab8c69985cdddbdfb63250dc74881a5205fdbbc3029d13,4f0e0c6fac3432e2,val,train,1,1
007826,500,375,RGB,1.3333333333333333,09ee18178c92038c92eaf1a8897caeb29f7bd7c57e73ce6ea036cfea1c39d089,c419686c6d4c6e68,val,train,7,5
007831,384,500,RGB,0.768,66a894dadc5cfbeea7aa939d9c322bfd78a7c8645c2e101bee504351736e8dad,4141611131354d2f,train,train,1,1
007833,500,332,RGB,1.5060240963855422,4c13d89eb585febf68a87968ad2145f69bb163aba0366481eb290dc2c0a8eb1f,fdfdf5f9f5d9d9fd,val,train,2,2
007834,371,500,RGB,0.742,fe5d7d19c850f4684d72e350cb13e0e1b9cfdbe0fb3c571b7450efb6eb12143d,ec8e8e96b6160515,val,train,1,1
007836,500,375,RGB,1.3333333333333333,a30aa8483678a0322ffcc001685c1cbd5fe05b6edc70d4f598fda3acd63e042d,c828c46060301298,train,train,6,6
007838,500,375,RGB,1.3333333333333333,5a081e586175a93c023e8877cee58192737c8d301c0ba93d782703728ac0f555,4361c3d3362d72f2,train,train,1,1
007840,333,500,RGB,0.666,a8ffffb5ee5fceacdbb37a346a99a0ea3309b6087988a6595c311aaf0031f89c,67e6c3ce8e2cceda,train,train,1,1
007841,500,375,RGB,1.3333333333333333,f988b90991b3b349cf58f4cdfe1ebc14bce7ea3b6bff88e3c44413b33bb86c81,8f3373332c26a6c2,val,train,3,3
007843,500,480,RGB,1.0416666666666667,1474fddf1ea13f15fd339a32a91bd14fe10c9e60dbb8ae7ed66bdca662c4c70b,9a5c929085e2112f,val,train,1,1
007845,500,400,RGB,1.25,5c03959cbbef27c56fecaa66d643585e2106e5c1ee61bf399b0c31d267c002d5,e660f9dcca626724,val,train,2,2
007847,500,333,RGB,1.5015015015015014,43b4b765b33d51a640100ed18d0f39884438950ec5539f7dd1f3c6c8dd9a87ca,f0b2b27266325347,train,train,1,1
007853,500,467,RGB,1.0706638115631693,af1f5b46beae6594e57e1e545edc104bd74f357d79ec2bf1da963992c7c08665,7656566359da4ced,train,train,1,1
007854,301,500,RGB,0.602,d6d4602ff782553d2164102fbaf0c02707fc12e2678d6e18a94847c43a3bc922,f1ff1776da131338,train,train,1,1
007855,500,375,RGB,1.3333333333333333,60a41f064833b8e6fea31f480a3e39cef244b207c2bb19b662053482b711cce0,e179e9303b1b3270,val,train,2,2
007856,500,333,RGB,1.5015015015015014,f7275a607d198dd9549bdded62e9be175b10cf29713263fb2b3d6beeb650178c,272b2aeeebcfb898,val,train,12,9
007857,500,369,RGB,1.3550135501355014,77f9511694860853a4f4acdde9efc8d5a3dbad650661a1370ffd0b14ed73eb3b,cace909002c68607,val,val,1,1
007859,500,337,RGB,1.4836795252225519,f8bd1d9fcd5e8689c8d2fc1e0aaa6637f8f8afd67240e4342f4600cfa923666a,1999d8f874dc8c86,train,train,1,1
007863,500,375,RGB,1.3333333333333333,6918d71091e2e4e6bb0c7fb84c760d5678a3263ea083cffa0a1873bc324d0e99,3098742626262474,train,train,1,1
007864,500,333,RGB,1.5015015015015014,49bcd4fecb207ad66d75e121aabdc934e344a94bf3be27afc36d659c6edbc07e,a0f0727062c6ece6,train,train,1,1
007865,500,375,RGB,1.3333333333333333,acab7c97567a91bbb17874f43550e1ddfd4f3fda516c70b07ff67190c193e5d6,9d959636163a38b9,val,train,5,4
007868,400,400,RGB,1.0,bc7fa44d41f10d8aa85e0d7cdd7df803d1e80d3d239916d8f1e52bc5008b3d0f,8c9cf08cd1f2eccc,val,val,1,1
007869,500,332,RGB,1.5060240963855422,738a305231b6c996f58a98fa49bcaa64cfa0ef7b489d851762e521e291e4a1f3,a78f32727b3f786a,val,train,1,1
007872,500,333,RGB,1.5015015015015014,baf0bed3cdf7f0554192e28ecb3fcfc803bcbeaa4bb251c6cfabb29be01a7892,f474d5f2e0f0f2e7,train,train,8,8
007873,500,375,RGB,1.3333333333333333,746830f2e2f8d199c4d4515edca1c3bac9255c81573b05840b55a91eb9365520,f3b2b6174dc5f1f0,val,train,1,1
007876,500,375,RGB,1.3333333333333333,bfa5981d55b2ecf0972aa15a43995d91faa2ab5b6f701d492ce43296c579c405,4461e2add1db3af1,train,val,1,1
007877,500,375,RGB,1.3333333333333333,9124970f12e2e08a5609af355f16f99e4730987130211700ac73239a4b0ccf65,30308c905030b396,train,train,2,2
007878,375,500,RGB,0.75,94bc34751121bf88ac31c89beb8ab549bf69a5d7e32f0f7f3a44e4d312582ffc,5252414551e04735,train,val,2,1
007883,500,335,RGB,1.492537313432836,0a1dbd51d1e2302e5d106f927bf6cecf2949fae6fad4727fd904e1c34d4b8091,f1b587c7c7a3e171,train,train,3,1
007884,500,416,RGB,1.2019230769230769,cb6aea01046cfc0ca135736d3211763e69609a9a14829acfc18465481ea065e4,342c4c85a5addb15,train,val,2,2
007885,441,500,RGB,0.882,666b24d9441daa62b5fa03f017ef28e6e7fdd0c8a6e1c896ab332f52a87e8167,5d49614161514145,train,val,1,1
007886,500,466,RGB,1.0729613733905579,e3272042660463f2d7b86cea1d831e785e68a87eae1f88e9f3d1a55e422ddd6d,070a91e7c3d1d878,val,val,1,1
007889,500,375,RGB,1.3333333333333333,9126abed69b63ed0929e706ddd4f646d07ab3a4eba8dc66acc2f50a9b411fc7a,d3c4c0c3c3c2e285,val,train,1,1
007890,500,333,RGB,1.5015015015015014,827fce95daab90578f0dd8aa0f2f9b46c3ad06286e9c7ea030f0b17a88c41533,189a9a9e9ad2f6e2,val,train,2,2
007897,500,324,RGB,1.5432098765432098,f78bba43cb97a7e4b4e89c897a8e8612c563665b48731c109be3c9c9d3570fab,a3bb3aa5b39bc38d,val,train,12,8
007898,400,500,RGB,0.8,aad5639cd5c3db74aa14ecf19ed50f39ac96cec92ef1f4551fdf588503ce913a,1b0f9bd8def8e8e0,train,train,1,1
007899,375,500,RGB,0.75,138c6d6716645c41587a32a07710ea40ee5c6ba8c49e1cd8db114864c3fbf1d6,c6c2d8d0c2c2c0c0,val,val,1,1
007900,500,375,RGB,1.3333333333333333,a726c3dc02ca5eeaa659c2ba8308d9d58d7815f74e30bf1215fb6fa13ea6e82e,1ef7bdcdcc4cc888,train,train,2,1
007901,375,500,RGB,0.75,824d06f6f0a787ebd99041102bb67361b87b459891b39c81855ba91830af3134,a623327970f0f171,train,train,5,3
007902,500,375,RGB,1.3333333333333333,af991a2249d309ead0d6f81c1bb3c66f9c6a8d9ffeb161462911fcda71752d08,f13630b030d71eb8,val,train,4,4
007905,500,374,RGB,1.3368983957219251,f5e6e2b2eca2d494d6a900a986bebf47bd0a3a9d957d5006974f496e32f7fb02,0e024761b1b166f0,train,train,1,1
007908,500,333,RGB,1.5015015015015014,f688ed382aa05dfa42b6092111126fcfa19e819b436ecd0c3fdb1c99211d49fd,585831a242c7a723,train,train,1,1
007909,270,210,RGB,1.2857142857142858,0a22333c4da528f9af52d468343de2c97a959d6883a78289888bd316a1358d44,98c8c88b8dca5ac9,val,train,6,4
007910,500,375,RGB,1.3333333333333333,bd2487fcf55ded9ea323b3ccf43aa82cbe518295eaef3d76239ace4733797afd,64366a4e06a4b4a4,train,train,1,1
007911,500,498,RGB,1.0040160642570282,a89d60f5102b15d7dbc2d80499df6bc5fb28b036396f94f15cebdcf514c1b49f,f92bb4174f490503,train,train,14,10
007914,375,500,RGB,0.75,bad863cca717be2a91fe87b42f9df4b84e12d1866ad7cfcc6cfed0e0da5c8f20,7f3be2071df1871c,train,train,1,1
007915,500,375,RGB,1.3333333333333333,80b74d49face27406c2bca3f52b1cc35f44ecfd1e7a6d457cf7e3f7e58d80dab,d87e6c1c96a696de,train,train,7,7
007916,500,332,RGB,1.5060240963855422,62aaa964e43b123385a04cbc55e87c8079f7f2b80fc00d6f157baebf62a46667,402098c4ec8ca242,val,train,1,1
007919,500,332,RGB,1.5060240963855422,00f4f3904356e703388c558bb3ba776b7d4ee26eea939aea8b8f07fb9e83037c,98e4c40fcda90982,val,train,2,2
007920,375,500,RGB,0.75,491e23cb23151ec88f1a7a6eb6d4f3adfa2dc17a732702398a347a8997f99357,fb7f39ee7757dfff,val,train,6,4
007921,500,375,RGB,1.3333333333333333,88b1c65aff3821a9720e5abc0f41d2b52ce40d741f1e25b37fe7469f13f2e6cd,c69b2e2b218f0b1b,val,train,1,1
007923,500,235,RGB,2.127659574468085,7c26f91e37d83a5b9938edfaa9cddcc6dafc982055e1cdbcaff7be64b2598bc1,cb4d6130b17122b2,train,train,3,3
007924,238,360,RGB,0.6611111111111111,e8d7905f5e1a2920d9299acfefe919d9c2b1c47440e5aa124f2d9c6b463ca815,10188eb35991cdc9,val,val,2,2
007925,500,375,RGB,1.3333333333333333,1d3a05ec0bc30af3408c2c913e342570c7cc6c9f26306b4e9c995de3c6a671c0,5250b5964f153980,train,train,4,4
007926,500,339,RGB,1.4749262536873156,1d357243bfbade7c7d28daa00f83beba30205521fbf0615afb7d31783dc2103d,c7e3716999796d7d,train,train,1,1
007928,500,328,RGB,1.524390243902439,7a7fee1765864cc4a35b2715c804a8b2baa19e8217136c11c2111fb475d56d7c,aa6e5765e1e0f228,val,train,11,4
007931,500,375,RGB,1.3333333333333333,5a72f4b4a18857037b05a62c4106e0562b2b6d3b7d11e78af93c92a91570e092,7761e9cc4c33232f,val,train,6,3
007932,500,333,RGB,1.5015015015015014,89c4e4ad784ee236bfb9a4141183e0c918fb2f1e073476b8bf677f5c7b7ccfdb,d739119013d698f8,train,val,12,6
007933,500,375,RGB,1.3333333333333333,bb9760156e17ccbeccd72deafbcc9c69bc0d95eccca9c6221645462b0c100a4f,e8d9cbd94e6676fb,val,val,1,1
007935,500,375,RGB,1.3333333333333333,69dacf48931f7729d6622349f2883358035764a10c32fa278472656e4e0a8f41,b6f6e6f869f999e3,val,val,2,1
007939,375,500,RGB,0.75,cbf39fe19253da4d7b5c7882a44cfd81ce13b89f47927971fb0516b3c238b7e8,e7e2a4668f876489,train,val,1,1
007940,500,375,RGB,1.3333333333333333,b44b28d39eb068b260bbc17cd9bc41ace9bdb0910259880690637310b4c290ca,920899392c6ce8c8,train,train,1,1
007943,500,375,RGB,1.3333333333333333,3f1640658afb1ccb7281e0f66bff853a845f19c82fefea0e422ba2cb591650d1,6b03c0c9693cb595,val,train,3,3
007946,500,375,RGB,1.3333333333333333,c07e37811544ccd653c61b0bec6d1fa81d86391f090e32b2549b9d3a5075c1f3,503db687474e6780,val,train,2,2
007947,500,333,RGB,1.5015015015015014,f680435d990c9942d99e3e79cd3830e70624d477feafe222253d3c42fa852a05,d5e064818d323134,val,train,1,1
007950,500,375,RGB,1.3333333333333333,d3141ba84ccf249f2681f0519531b9039195f97d3bba04729089f8f3353b5df4,f8f0c8c8c969e3c3,val,val,5,4
007953,333,500,RGB,0.666,8543ce2957a0be90c8dfccf5b6b648c44fd9d0d9d8306c7ed197d30a02bb7339,43c655c547141419,train,train,25,19
007954,500,334,RGB,1.4970059880239521,6ec423cd78d145ebe826710d06b4e47488d49c4d22d8b730f09dbe992c632687,c38b63e5e7431998,val,train,1,1
007956,500,375,RGB,1.3333333333333333,86277460cf9e3b05391f203663380356328912eb4203b2354edc2e8dab7d663c,a6a7a7a7a3782787,val,train,3,3
007958,500,375,RGB,1.3333333333333333,7c9bc10beae14dfc861459fd08f0d3021a41b2dc64ca6e0f2527f235db3bde7b,6f6b5f576e2c98f8,val,train,2,1
007959,334,500,RGB,0.668,a80a96d3f51d6a66188d145c0d9b4f1ccf6768456457819336dc713408a5b693,e532633d9c597127,train,train,7,4
007963,500,375,RGB,1.3333333333333333,68a7c2e61c3ea53a96a7f9faf515e2a74205a30a2812a8279478ce170d9a0751,08b7f35454935f7a,train,train,6,5
007964,500,333,RGB,1.5015015015015014,150a8d6de319d7f9592ba392ce7ec5f4851cd06e9056f0ce9349d61fe8bcef67,6619dc1c5b1b2200,train,train,2,1
007968,500,375,RGB,1.3333333333333333,fc74fe7cbb7bd0a5e8e2e1f0b20d6fb0f88fbf5728bf0afed573de5b74ce3dc5,9f97178717874f0f,train,train,1,1
007970,500,375,RGB,1.3333333333333333,47930f2482887b693c0b9ef6d2c71531a82279d983d518b9db8bc1a03f332002,032a2636363e9dc0,val,train,3,3
007971,500,333,RGB,1.5015015015015014,e060d962be4ba163daab377bef3a4005b0282c259285d9e642bb40c270ad9e6d,676a6ed7b23232b2,val,train,2,2
007974,500,375,RGB,1.3333333333333333,49fcbd078eafdaea048444094a326b9865da706beff7caed42601ecc806762c8,cc3f7e6debd0f2f3,train,train,1,1
007976,500,375,RGB,1.3333333333333333,19a3a4f327b4025cbb0ae95b9058e491a50adf93c65faf4d82893db0c5adb7a1,781080e0e4b0f0f0,train,train,5,5
007979,500,202,RGB,2.4752475247524752,c1bd708dc15be74e3d28162205d5b3d4898fde00f2041f239048e382bd3bc0ec,6078ec50929397c6,val,train,3,3
007980,500,329,RGB,1.5197568389057752,2ce0a2860be46a31d074b02d276312d79368040ab640e4fb3c28d97d39e5d27a,fcf4f4d2b0b0f4b0,train,val,2,2
007984,500,374,RGB,1.3368983957219251,bfd1c1b223a49ce26b9f390ce11d430d3a47dd9f9f8c77886a40bd9581dbce08,b252362c36361646,val,train,9,8
007987,500,375,RGB,1.3333333333333333,04b03f6d808327439dedd7c61a7990e67ceb6f47db491479c5ceaa65726db288,0c82922347c56162,val,train,3,3
007991,500,375,RGB,1.3333333333333333,bc43693afacc209be1103182a632648b095fb4594a8e82e593461252583e6ce6,b938b646f6a792b2,train,train,1,1
007996,500,333,RGB,1.5015015015015014,22b3bb5a126db04dc206e37b23011bc2b80237658e73a88e0f56b1e4034c9089,e6cc6d37b7d6d941,train,train,10,6
007997,500,375,RGB,1.3333333333333333,5987406eee218b562818b70aa7ab2f50090ceecf2177b05aa70ea26d1385a4b4,f8d6868d990360e2,val,train,2,2
007998,500,375,RGB,1.3333333333333333,2264cf86aebc956264c0d91c7e9bd339d7d82d826784a6a3105a001b303bca37,edcdcecfc7b2bbcf,val,val,2,2
007999,500,375,RGB,1.3333333333333333,4fe165e6d6ef0f7464b2c695ac91c95cf12d328ab071ff6cb1fa0ec667fcbee2,fac9d97123a6b593,val,train,4,4
008001,500,353,RGB,1.4164305949008498,23b060697dcbd6eb857e0175243043b586658d06fbdae106159a462ba1d048ae,18313bdc98787eb8,train,val,4,3
008002,500,333,RGB,1.5015015015015014,2d9f5723d7ae208cfd4d8c0bdde4c61339a0c656fc4258e3187be588a35af1ba,e1e1a96d75b1b1b1,val,train,6,5
008004,375,500,RGB,0.75,aa9271a0629a314f99c5e4ff3672926ec9fbb8a3077c005dda261363999fbec3,0783f8c7633399cc,train,train,1,1
008005,500,375,RGB,1.3333333333333333,7261a2b5df1591e1d34a7370feceb09050593408860fef72e6398438e48873e8,4814950f3938fede,train,train,6,3
008008,500,331,RGB,1.5105740181268883,2548ab81e355669b206141135535e674657e36fb2c75b3045c9939f3a6f594a7,d724e6ce4c0c3498,train,train,3,3
008009,500,375,RGB,1.3333333333333333,8b1067a059e55c0c5424b513d45a7fa25581d99eba078a693ad8f9df8eea4e1a,b3129ad3c2c6c442,val,train,1,1
008012,500,393,RGB,1.272264631043257,24c1a487da6bb6fd8227cf52927a196b9d865787bdc1f48be87b84c9d42bbb53,86387c74c6c62c38,train,train,1,1
008017,500,333,RGB,1.5015015015015014,c4a2a5afa62a4a0c168a256c7e335892aa3acc30c26b9472ba7a5caab2c9816f,93db86c492b6f38f,train,train,1,1
008019,480,318,RGB,1.509433962264151,9abf557976a050f9371c7a68e429bfdd58e62bca9d285d3a10a993874e3eb7c1,61c35c1c9cccce9c,train,val,4,3
008023,500,375,RGB,1.3333333333333333,ddc00a4e1b62666eff8cff3af15697b487f934985ee7d0febf00de3a34481e4c,d0c31e726869736e,val,train,5,4
008024,500,375,RGB,1.3333333333333333,313cdca582d9f742ba0726cf11e9f1721a499465851f1d92ba4add0bcba724eb,fc746b2d2c2f43f6,val,train,2,2
008026,500,375,RGB,1.3333333333333333,bf4518f7b9b2d30b37d9ad4e45691b9687e6d0f511706ebae70877034151eded,033e626d7266c1d2,train,val,6,4
008029,500,333,RGB,1.5015015015015014,0c7976b10ef396e83035b371bf5651a7d2efdeec5c09a7e829cf0062706cf0a2,6474745452934fb7,val,val,1,1
008031,500,375,RGB,1.3333333333333333,1511417707af03f12550c6d0465f09f8eea38ebbd3ddd9cc87c4e3442099b21c,e0c85c5eaccd8c9c,val,train,1,1
008032,500,333,RGB,1.5015015015015014,d799198cbf27c158032c51a2a74cf8bb4446e45d87d674c47c047e0556d62dd1,c3c39c8ce6f1e6ee,val,train,1,1
008033,500,352,RGB,1.4204545454545454,7997993536c73bb09cd65c5aa20b2675a54a85bf1d792e2588f6e70d8c6db258,066ede96b335b569,val,val,2,2
008036,500,333,RGB,1.5015015015015014,7eb872233b7bdd4fc90dba4548aaf831442421d6adf06a7ae72c1fd9838320f1,e1065ebeba98d8e2,val,train,1,1
008037,500,333,RGB,1.5015015015015014,c67b798b833b55a68301c7372c378a5f86b4dfc14df3d83c42bf7704de097233,dbdf179e97fd6d91,train,train,1,1
008040,500,399,RGB,1.2531328320802004,c899d5933bdd6e6ffe29223260849b51a53a8022d05c68f38cfe02894e6bd289,684bab6849557ff8,train,train,15,15
008042,500,375,RGB,1.3333333333333333,7ec8633237f890f62b9ffceb07171ac647c88b5d59f95073f4a21834dcbb2aa6,13139bafccb9380c,train,train,13,8
008043,292,288,RGB,1.0138888888888888,663bc8a9d0ace4368ce477542ec5a4a8e1b67fb07ed09be4f49c49f7e1bb0491,8e2b32623230d0f0,train,val,2,1
008044,500,336,RGB,1.4880952380952381,46b2ddbc592706e21ed2f3bd0d81a25f114ecf9ea5771e2359cd03ee74b59185,f8f4c922f8fefef8,train,train,3,3
008048,350,262,RGB,1.3358778625954197,fe00370bb182726880f52be0a2f5507c89120b5b3f6df8108d51525f1dba035d,b878aba8a6f4d899,val,train,5,5
008049,500,375,RGB,1.3333333333333333,137e677351bf70e3917a6a83450068e9734b7af12c9a1e4cd473778735cd1991,86879392534bbcbd,train,train,1,1
008051,500,375,RGB,1.3333333333333333,01e057ebe98eeb6571a795d19c247066ad26f3a3657a5b1f0a88cd7efa83b4a2,20d8e032b0a2e174,train,val,1,1
008053,244,500,RGB,0.488,2b6082eb13574cc6b3d7f7e0268a89873edbf0b19cf7f05d957475fb9ad9b054,cddcdc36b6527575,train,train,4,4
008057,500,333,RGB,1.5015015015015014,56086b7a7733fa5d7373f25b66aa508caf22f75aec01e1f18879fbf46a53d9cc,800020cc2436c906,val,train,1,1
008060,500,375,RGB,1.3333333333333333,2b2cbb7d5a42e284e7ea3806ad9e7ac8e77b01d3fc8a13ed4db571eb4b5608ee,3cbfb4dc78c1273e,val,train,1,1
008061,500,375,RGB,1.3333333333333333,3da3d4c6ed7208056ab26b1d083789d0bc7b3c2f3f07f1ce7ff9285789eb1ad0,5c65406268a4b0d0,val,train,5,5
008062,500,375,RGB,1.3333333333333333,14a09f72aeece83d6fb2502fa44c0b9274d452fff26a65ae26e8b999b14765b2,1d92882571343032,train,train,1,1
008063,500,375,RGB,1.3333333333333333,ad6ed6464cdfaa8b2afea84514a4a63a285165c8ac034c5b90071cf896450f1f,8ca04d4d4b6f6ff0,train,train,3,3
008064,500,333,RGB,1.5015015015015014,ce0203f854facb44185a546ca9af2dd884f82afcf7bb7cadc9b523dfe9b02ac5,371b1b9fcfe3cbca,train,train,6,2
008067,500,375,RGB,1.3333333333333333,d8fcba241cb215f594f99a821de593e0d8347a36a65430db9856668f1f59d7f7,ece425859f9df0e0,train,train,1,1
008068,500,374,RGB,1.3368983957219251,fbaca721b419511cc42114a6fabad656fdf37d2e10df3b42ba7f591e8b4a3314,d874e0caeacaa066,val,train,1,1
008069,500,375,RGB,1.3333333333333333,65263bbc7e4c2ca234c22c124829f52f75697089c38263a8da481a288ed07d76,aa53d2d8fe7abdb2,val,train,16,15
008072,450,325,RGB,1.3846153846153846,4a799a40695c78a3f9e3b889850f3c336172fcc9e246297afaf7caa089ba0d09,c292902765d8e8e4,train,train,10,8
008075,500,375,RGB,1.3333333333333333,b6233b4de18b9643da46a6124f37b5aaa68d73515203c974e59d514ffa4affb8,60d89230b8e06661,train,train,1,1
008076,500,375,RGB,1.3333333333333333,1bda19e14eafc4759a97e470570e49dad3132aa6ff2e9e5e2724bd76263535c1,fc696469414d1c39,train,train,6,4
008079,500,335,RGB,1.492537313432836,8ff6efb8b05f78ce3a205c930d9cde2cf4e8073ae1b496297db1b3d444616074,f0e8e9a7e3db9be6,train,train,7,7
008082,500,333,RGB,1.5015015015015014,48872bc6869c4671ef2af132048a9d71ff56b1ac53c7d4161b9240941d24ea67,21242493122b73e3,train,train,4,3
008083,400,300,RGB,1.3333333333333333,217fef3e352aa1caa56040094688b009e77f12b8c09bfb4dff3cb7308fd0fe20,c090dc5cde9e3eba,train,val,3,3
008084,338,500,RGB,0.676,5ac5a84db51611bf3aa4d573e10cd2c0d569b9e298ade20c058554db934a92cd,868c8c848b8eac94,train,train,1,1
008085,500,282,RGB,1.7730496453900708,55c125803eb38ec7bf83fd1e17ec1d6cc646ad1f0e7a5da36cfeb4fd0ed53eca,c8b0f98c8f29c9e0,val,train,1,1
008086,500,333,RGB,1.5015015015015014,53404bb0397015f2a92f4804234e9e624bbe434fdde04cca4eebffecfb943e61,a2639616968e8f8f,val,train,2,2
008087,500,333,RGB,1.5015015015015014,b7242c5b14610c046821c7f9344d1aaab04c14709a51101f18bc13f5da2b1217,9f1f330cc3692d92,val,train,1,1
008091,332,500,RGB,0.664,4b5c8974074b22c8ec80190412b9d3a86f3f2a5fac520bfaa62dc6b4c4f54f20,3d33f25a5b1b3a36,val,val,3,2
008093,500,375,RGB,1.3333333333333333,fca50c40259d566311bff333a6bcb7e83625333a380c780f9d0874c0c8e73fd9,079e34e628483c1c,train,train,1,1
008095,500,375,RGB,1.3333333333333333,a5dbbc44820ca0e5e39e6635eb3f030d64efe148c92d7468246364e89013de0d,6027dbdcfee8f8f0,train,val,2,2
008096,500,375,RGB,1.3333333333333333,bee21b5a7351e0ba9833d9c7a7747453d8986b60e314cd250a884ea97d75551e,2070c0e0a090e0e0,train,val,2,2
008098,500,375,RGB,1.3333333333333333,a7021e769d9b5786cb0c38465d7de186335b421e0eb3111165fc7a46b743f1ea,ece2622531c6e1e0,train,train,6,5
008100,500,375,RGB,1.3333333333333333,db0bf23f2a79039580f48991f29b01afcc0f2d285b36e45dd4ce16ed532c8e72,6fc6e6e7e0c8eaea,val,val,1,1
008101,500,363,RGB,1.3774104683195592,206c5ac24e9edfd567e1035bad19aa668ccf5babd23f5949bca1bbbd26968bed,87e32787918e80d8,val,val,2,2
008103,500,374,RGB,1.3368983957219251,1fe4c9a3ce0ce8f1f607b44446be723e3465fe3ee6289bf833df2498f7c89875,68e8e8a4e366a6a9,val,train,2,2
008105,500,375,RGB,1.3333333333333333,387555d18bf1575975039885c9f062e27bc96e9b6bb8514badef2ac44244c257,95d293f87c394947,val,train,23,9
008106,375,500,RGB,0.75,523f538e0327e998be98f925cc81b2e8b2b0b6b8817ae6a93214e0d00186b8b2,cc4c8ce6a7b53d0d,train,train,4,3
008107,500,333,RGB,1.5015015015015014,38b8109733711e7daee7be938a5dafc8740ca0b5c22ce65f4428546eda38ec8e,e03063cc6ca318c0,val,train,1,1
008108,500,375,RGB,1.3333333333333333,0cacffe9c9fc9f534d48fc3381aea5b99b387bfda20fa2ed41d67949588a4718,c7424968e86547a7,train,train,12,8
008112,500,298,RGB,1.6778523489932886,cdfeec2e7294392751048f9f388ff9bc0d74dc9892380c2fdac8238702a4579c,b2b24848304c20c4,val,val,2,2
008115,500,333,RGB,1.5015015015015014,15ad8477250a1c336186eb6a6f1b6068c09bbf17af1f189b46b4b0de54f6980e,2d793329896c8cfe,val,train,6,6
008116,500,375,RGB,1.3333333333333333,8e9e54b6b0f627bac60fb2a71e8ce12926ff8c63f5400533008c3bdcb7b3c508,63c3b40aca2bc347,train,train,5,5
008117,500,375,RGB,1.3333333333333333,bdee68476c2f3b54f4d77f49af11901d6cfa9fa254567b34af29a8631ac248a2,f4785a968644e264,train,train,4,3
008121,500,375,RGB,1.3333333333333333,1fbde16c345355882d65127db4da321b3f6fa8166a4c090843ad16e66c6d2ce1,5d3d1f3f3ebef779,train,train,1,1
008122,500,333,RGB,1.5015015015015014,dc79a082735702c844b3a1b799fbc74176e87c3e19679413f44641a09de8c839,e2a6b63230b0b2e6,val,train,6,4
008125,335,500,RGB,0.67,b70101fdfd6e04edfc3cb6c8a48cb75f4c0c3d083741bccaa0e90ef6107672d3,c6d0f1c1192d60b0,val,train,3,3
008127,500,334,RGB,1.4970059880239521,c50259681a3e30ad1aec884f597283b69bed270569a1e7e5417b341542de8bd0,e4343435656c3479,train,train,6,5
008130,500,375,RGB,1.3333333333333333,9ebdef30cf5d71c4f6631b0ce1dc1d80fb815981f4be6a3422c6a2e182bbd190,ea73338bedb8de3d,train,val,2,1
008132,500,375,RGB,1.3333333333333333,e98141299ac5688f36a5b40a2e18149485dd1e85c637c67f427db565eb3599dc,949cde90d8e54559,val,val,6,2
008137,375,500,RGB,0.75,140d8df7a8ba83e8f7d91bf1834b193cf7c32bd9eb344de77801ee60f445e46b,9ecaeae830d8f8f8,train,train,2,1
008138,500,333,RGB,1.5015015015015014,e2e8cf80bffb4f7f8ad345b6d4ad2959afe5789f5e82dca39050fe4bc4159915,c2e6e76e5c8ecbde,val,train,1,1
008139,500,411,RGB,1.2165450121654502,bda711944b42d2ad72cac9ad572edcb4d43cd169414276db17b51b7102350d55,23262505343303c6,train,train,4,4
008140,500,375,RGB,1.3333333333333333,37124187772bd6db8aa9b3b411078ab241c63351e4ea6f20238635b283aa8b1f,f9b393938d0d9f8c,val,train,3,1
008141,500,375,RGB,1.3333333333333333,a833d01bb05c72e457d29c207bf5c28d3edabd7fb23b8b4a3bffbf2291b84b04,cc96d173731268e8,val,train,2,2
008142,500,332,RGB,1.5060240963855422,35d89ce44f96977c28c21b757a4b241594e31dc0dd7f850713f47a6d7bfadd80,0646a5a58c49e0e0,train,train,2,2
008144,361,500,RGB,0.722,4bbd0c55a9bb2e030dc12ff52afb2142d1028c2eb187d0ab80cb7445793afd90,07a6a693cb49710d,val,train,1,1
008150,500,333,RGB,1.5015015015015014,a227f344c0dce2dede3184b34aded5067dc77959ee7c17dd38a23faa46862761,ffff0947bbba7f2f,train,train,6,2
008151,500,375,RGB,1.3333333333333333,63e0244925da0a6c970c33d59730d438724dbe78891b5e18c6c6c4a4f1208110,f1684c6da7e5e5e3,val,train,3,3
008159,375,500,RGB,0.75,4d4ffa7af3ffb50edfa02188e5778e04946d3474783e7d6110437ca36ab568e1,fcf4e0c88e87f878,val,train,2,1
008160,500,375,RGB,1.3333333333333333,8082a821b0a11f14c40f39d28a7eee204d76f90b1682a65fc2c4adec36a367ae,4a4868e06a4eb6e4,val,train,4,4
008163,500,327,RGB,1.529051987767584,cfeb186fe8af18e43abb0766bab31ceb8214b2cbb66bbfb3512029d33f21c6bf,60b1c34749cb2e2b,train,train,7,7
008164,500,375,RGB,1.3333333333333333,ea160e77edfdd498a6c02cf754acc86ca7d0bdbf67c0344b8602699cb2b1f0a8,0c14661419307959,train,train,5,5
008166,500,333,RGB,1.5015015015015014,c71f9d7f80a5d27f48f4c53f3e74a299a61be697b72f8d64c72dd3f6c658b227,246061c0011fe2a1,train,train,2,2
008168,500,375,RGB,1.3333333333333333,8fd277c7656038678637723627f0e482d96f6367e7cfe1e1de970acd102adf20,cece6eeecc3c5c5c,val,train,1,1
008169,500,375,RGB,1.3333333333333333,849dbe1c6c1537d0354c74f74cf92b65d60e7f8f22b06f97facf23618256d240,a6044cca884c8c19,train,train,2,2
008171,500,375,RGB,1.3333333333333333,183868e4a5dfab8f76a157865cd2e1c0e618637a5c9812016ee287c4c63834d5,60c09848480c8c86,val,train,6,6
008173,500,333,RGB,1.5015015015015014,fb8dc879db70190463c9ed3713f9faa134b2974d3928775248707d755afbe97e,dcdcdf7bcad6a3d2,val,train,1,1
008174,500,333,RGB,1.5015015015015014,b57679c82cf60a4edfd32fca5113ed9899ca78a794400f91b3846a5ae96af842,ad41233464250783,train,train,1,1
008175,500,375,RGB,1.3333333333333333,b3f13c2f3d437b715f26b29aba945273ec93bd76a98bd6278b210169fa446bc1,f0f4d8909253c8d0,val,train,3,2
008177,500,375,RGB,1.3333333333333333,ce5060da4f5f41e4267fa578f66687a7cacb770cc1b58b072f5b49328209f436,151d8d8d61081098,val,train,2,2
008180,333,500,RGB,0.666,f76747e32b6f8df9b5ce480d7906e1ebf685f44baf7dc62603a668215bdde91f,4c4f9b362d18d9b9,val,train,5,2
008186,500,443,RGB,1.1286681715575622,4bc94173c7747b9833f9c442f09d1dbdd4fb5bfc282b8b483f9043d22b2c20e6,6864f0a82c2c6c7c,train,train,1,1
008188,500,305,RGB,1.639344262295082,c84959acc710977ce5efd0ed4e76686044defbf9dc882de7a1378c774cff0588,fad8f299d9755507,train,train,3,3
008189,500,375,RGB,1.3333333333333333,42d4aae3bfc1410a830161571d8582787419e66b447a6542e3b9a689218c598b,63e76e7b9b993c96,val,train,2,1
008190,500,374,RGB,1.3368983957219251,f7ebff98af90a2042a226ee7f733a4651d3c519bc4f36dbc05d5a7866e9ceba3,565bdb2b5b7b3919,val,train,9,9
008191,500,375,RGB,1.3333333333333333,741e1589bf2e358226a1e28739f688dde686de39c68518ce9b6a2d64d06933b8,9a84cccaacb4c290,val,val,1,1
008197,500,335,RGB,1.492537313432836,8d327fc89326f8a3e946826aa346d27471724ad4db550d694eb8506575906a3e,dad2c2cdcf4ef0c0,train,train,5,2
008199,500,375,RGB,1.3333333333333333,21e79881fa70ea219820a06add2e92e8fe6388cdc3c6bae6145fd8439b880c80,61616260b9b96565,train,train,5,4
008200,500,375,RGB,1.3333333333333333,5d49e01b90176a5b523cd22def34c55780974b7d1c72f34e272c7b4df25f8011,a38b873293c870cc,val,train,1,1
008202,500,375,RGB,1.3333333333333333,a44d07b87419c9a7847e5f95e24098eb3ea772dba58d6012c90e07ec22a3ed26,85b09098ca4accc6,train,train,7,2
008203,500,375,RGB,1.3333333333333333,f3cdd90de7a033f8594d12d94a31d6c2aa8fb9f5e467e34e8a6d7f08843d5798,6cac8da96b4b2b0b,train,train,2,2
008204,500,374,RGB,1.3368983957219251,5cd339bd4ac4c1a15b01f808f479d1fb19507a695e726355b8cb578efb90792e,f0f0e89b9b808084,train,train,3,2
008208,375,500,RGB,0.75,122719cd80dd7f332b77818c97eb72e55c101cfbbb1d278843db443ba61d11dd,98b9fc5df9303ace,val,train,2,1
008209,500,490,RGB,1.0204081632653061,423d2ddefa2e0cfdfdae8f60e9320332b081119633b14e289a00dad81a3181af,5858cafbd1822ffc,val,val,3,2
008211,375,500,RGB,0.75,da505d0647ac45607963fc7842acdb8f03b2d61b0bee340ba9f4b74dc89f8ee0,0c0c180c6c6c648c,train,train,1,1
008213,500,224,RGB,2.232142857142857,511d2b68af1011b117733402b36b252d51001c32ed49edfe12c9f710cb6061dd,495b494972566646,train,train,4,2
008216,375,500,RGB,0.75,28cfa6c8bce2faabe47e007d148a118187fa06252f663c73536781d40bf1b311,69f37133b6373a89,train,train,14,10
008218,500,375,RGB,1.3333333333333333,21af570c7612c7aad65c1ec1f6e95f8730d8e41f9b4a7b48ad58e6589f7f4ed3,ee5e3379d9da7e3c,train,val,3,3
008220,500,333,RGB,1.5015015015015014,160b930af58bf57d44d2741071eaaa9d4f9c6ccc10d2fece7cb389902a9fda16,46666232b37950f4,val,train,2,2
008222,333,500,RGB,0.666,620c16cc6e7dd819042a88cbe74075e4801ad4fed5f195a9b6d27abce2ecdef9,d83636cd72634213,val,train,1,1
008223,500,375,RGB,1.3333333333333333,b54c614ed03bedcf2dc20308d8b548001e4255e5c4a42114914f3512043f3a75,b3397959cf8f4f4f,train,train,1,1
008224,500,375,RGB,1.3333333333333333,ba0ee5ace01f2be747a474e8f037f1de6db672d399440f2fbce46822bcd48315,54b0fcb63d98df06,val,train,7,7
008225,500,385,RGB,1.2987012987012987,36217daa7c98cea675aaa78589bf7c98ff16ca4066936b677ed6bfa50bd81267,7d75193d1d193531,val,train,4,4
008226,500,375,RGB,1.3333333333333333,e394d26371bc574e2d3834fe5131d794cfc0856991c0e75ad0adfe4694d2a361,62b2d798d8c0ccdc,train,train,1,1
008229,500,375,RGB,1.3333333333333333,52711f8be425c4ae45f1edb9d4e5d43cea4eee5158f303d38336122de268697d,b41418989c593b3b,val,train,2,2
008232,500,375,RGB,1.3333333333333333,2f743065b4bef8eacf2456f7923f3767de0a1f6e9170ccb364f13fc2596b6f38,c4c4e02e5b694c61,train,val,8,8
008235,500,333,RGB,1.5015015015015014,ad48f300ccc2bdd4205bf21e3af7293612a7e370d3edd4524daefb63f65ddf78,82b062961c583098,train,val,1,1
008236,500,375,RGB,1.3333333333333333,2a2416726ff8e479402d4927d2d6c47fbc800a1b522db2dfdc031b9d1a07f528,c000f0c8c870e282,val,train,2,2
008241,500,375,RGB,1.3333333333333333,332ec1ff774e23e749c8f309ddf80e62cc89300fdd3c22efc17e0bd435bf2283,0d0323aef4f61c59,val,train,6,6
008244,500,375,RGB,1.3333333333333333,757fd22e75a23891e5e7f91712be1bc3de38c7c889f64eb2c8a7621d380614ec,e0c38c9c9781e4f7,val,train,1,1
008248,500,375,RGB,1.3333333333333333,d996cd9a51ec45d3327fc2f80de912a623cbe487c44657085e7925532cced535,60f17165e6e5c185,train,val,3,3
008250,500,375,RGB,1.3333333333333333,caebb9955196b06c3d214d2a6d9436ff3bc704da2c6355a54c6810be908b9592,1b1b19195b216db9,train,train,2,2
008251,500,260,RGB,1.9230769230769231,081560493c2dd290015380f2d7f3aced30cd0e8b29fa7868696007860272c5ea,36ac4dcb8bc3c5c5,val,train,1,1
008252,500,375,RGB,1.3333333333333333,d493bc75104015e0b3a24706e339a160782b6c464ab269aa32f3809d1e5efedc,e02020302491b868,train,train,1,1
008253,500,375,RGB,1.3333333333333333,8907a6fb4bba0bccbd3a5af9d1573ab29a5d57ede75c1b6ff798cc1fa8c093a9,41424409b1671d3c,train,train,2,2
008254,500,333,RGB,1.5015015015015014,e5ca46c23f56bb48f5f8f5a9cfec0be5f8bd79b95ac6614cdd81a3d1a506ba0a,e6e68b1e173632b8,train,train,1,1
008258,408,500,RGB,0.816,c2439a9cec6a539d92038bf7ee4ea0a4fb2afa60c5b7b2a7d87458bb3d4c8158,f32b1e8e86878387,val,val,1,1
008260,500,375,RGB,1.3333333333333333,a00bb01320bafb5d3a6ba7e6af65e569a5d5c49ec42e25269c3fca2b714159a7,48481a54e065d184,train,train,2,1
008261,332,500,RGB,0.664,d02c4c5e5b3c41ca058bf3a25075ce891cef2e259c23a5d51229894cc92e6864,666261d971e0e0e0,train,train,2,2
008262,500,375,RGB,1.3333333333333333,1d5ed28dc3373460d07325d4bb9efebeb57bda18a882b988121dbf962442764d,38cfd7497c5c7d3b,train,val,1,1
008263,500,375,RGB,1.3333333333333333,b1e5689f52856db21065cd6577e12ed434b62f1605ee0a401ac640f4e4baeada,9e9f9b1c94334e54,train,val,7,6
008268,500,334,RGB,1.4970059880239521,79ba44637ebb804b4fdb15feaf71eacb063b7804f687c11205be380c37b8427f,23a7205adcf9391b,val,val,3,3
008269,500,335,RGB,1.492537313432836,c922842b9acd53b6465020ad86d2f4920702087ddfe84761b2b6e37527cf7e6e,e8f4e6e7e7e6b25e,train,train,1,1
008272,500,375,RGB,1.3333333333333333,1d6b6beeff712bc8fa11ed562965483d69d0c053fe6f93f550d0631e11b2b239,c6969f4f8e88e171,train,train,4,3
008275,500,357,RGB,1.4005602240896358,864c69f82b03a0309c2b79a95cc1aa4adebddf90fa361e99b71194b0854e3f57,d163379c162781d9,val,train,1,1
008279,350,500,RGB,0.7,bc05f565cba59f03b786a72612e8a431839b4e869395ef0d6fee79ce571c18aa,a1e8ca8ec6c18286,val,train,7,5
008280,500,335,RGB,1.492537313432836,2c3fe1e8b6af8f9518026e0c24f7a6c28f4d9396b87dbcac361dc7d3e0a7f615,825454621368a8e0,train,train,1,1
008281,375,500,RGB,0.75,66809c498d7a7ee973508c7be00a1bec9c10e976ac6f470426b77a1bb65bc69b,6cecec8d06024323,val,train,2,2
008282,500,375,RGB,1.3333333333333333,adaf6ee4bdcfd5df03685ed63c71b680125a288df54b7374866f231adf5d0192,0b184a4a5b7762b3,train,train,3,3
008284,500,375,RGB,1.3333333333333333,6fa1112b5b55e3df05d38adb49494d4d1a112db6171517d19a70192ee2110990,f1989f03cef8d8ee,val,train,3,3
008285,500,375,RGB,1.3333333333333333,6803e058cda94e5b9c6e14b2f136a7dcf694ee7e65659bd81228b05d00d7b9f0,9c9d943427e3cdcd,val,train,2,2
008292,500,375,RGB,1.3333333333333333,157774a56bf6743f9823e0edd19b4a347fd0f26cc3cf9042bd132ecf2ebd2d9e,71f9d9d175e2f198,val,train,6,2
008293,333,500,RGB,0.666,4f60b0b8cf40b81bdbb10b631ebe925ec05a42a36b459fa5a751a23fee229cda,7c0db6e6cec68dec,val,train,4,4
008294,500,331,RGB,1.5105740181268883,84b70902ceb716bd06beb264a8f3411b3ae65a4e5bd0636906e13244f96beee7,89363c712d8dee25,val,train,5,5
008295,500,321,RGB,1.557632398753894,fbaf92c62c98572015bde5a49f6c4a5030c1b7f06147bacc5636540e73b60970,381f697c7c667ef8,val,train,1,1
008296,500,333,RGB,1.5015015015015014,fbc84316792078d814c6374bd44256e3202eb904d54b5ec7e1e38a5c8eed6e74,b0da60961c2e3b85,train,train,3,1
008297,500,375,RGB,1.3333333333333333,81511ff007445062f596a041a8da8edb28b4fc00fd3dd7e23215c97e156498bc,071743b53537169e,val,train,1,1
008299,304,404,RGB,0.7524752475247525,4e90646d03906caca8f89b4b0fa709991a95a65f829bfa970351fc6c46ee3063,b8b9dbc44949b8d9,val,train,1,1
008300,500,333,RGB,1.5015015015015014,d2b13a67c3e83ea00555e9fe7d49f2fa3fd905b5f69dbd757f53252cd0d69735,9cc6e2e7e7b4b030,val,train,1,1
008301,375,500,RGB,0.75,d5e81dcc8ba729e083c429d58cbeed43bacaaa124040a8cd9b1e1e72b07a176c,e6e4e7c5c9cb8b8e,train,train,1,1
008302,500,375,RGB,1.3333333333333333,a25c1eb7782729fd0b043e0c4d6c5449d3c07e58cc4a3bcf972737e1476421c9,3031736343ecec8e,train,train,2,2
008306,500,324,RGB,1.5432098765432098,c0b43817cfa003c5d9c67abfaf33c309974e86d43b22c6bf75a6b7ae42a7b1dd,2040a0a7c58bcb8b,val,train,2,1
008307,480,367,RGB,1.3079019073569482,66b7fa0fe0c92b630314e9b1763b0053048409ccc17f8d5f99adea9b5d697aae,1316173bab2b6b96,val,train,2,2
008310,500,335,RGB,1.492537313432836,e44b66f2feacdd9ee2f934719158cd25af7a47c8a41322239616e0b23658de31,1ebebfa6b63127a6,train,train,1,1
008311,500,333,RGB,1.5015015015015014,cf7764201cf1e72fd5efe8fa55c4c33c6bffed37efc7995dab24eb18496f1e7e,c0c08262e64c6ea4,train,val,1,1
008312,375,500,RGB,0.75,b92df30ee182ad77baae7e25d7f9de09f28c6d41c0157b8c42f645acee62db2d,8619706ccc463f7c,train,train,2,2
008313,500,375,RGB,1.3333333333333333,34a9d207f8eabb1a788e46c16651c8c9bc0d77b94b5d3bf8f6b53db925693ddb,b263435b4be36372,train,train,5,5
008315,500,375,RGB,1.3333333333333333,f47396afdff6cd56af694f3b5efd95092db4663ec981875a1de09afa2544571c,7f5ffc36be980b0b,train,val,5,4
008316,500,333,RGB,1.5015015015015014,cd0b55aff8718a012e803f335b7c52ed5e8d81fe4c1bab2920d56bb1a5ee9561,5c3a1b1e8ec6c7c7,train,train,1,1
008317,500,375,RGB,1.3333333333333333,24193b2911189ff215ad2e714d98f7510060c18d84aa70485e67858c64963788,f0e068c8d898d090,train,val,1,1
008318,500,375,RGB,1.3333333333333333,f3e8928453efe878192ce6a16e762b205fa27d514384a7c2a8b44fa74194657b,e0e1516860603370,val,train,2,2
008319,500,375,RGB,1.3333333333333333,c31b2bbb1e7c21250869ec60f929a4491050de252d2ab03f05f9a5ab5190b238,f8f0f0d820d8e2e0,val,train,28,23
008320,250,198,RGB,1.2626262626262625,155b7ff8061ffa7a3b9c7fbfd4bfdfef3ae39ea18a089f35db00e2539bc4f05b,d81b072f139db532,val,train,1,1
008322,500,375,RGB,1.3333333333333333,5f852607b7a33930c0b97e14e21acabd66501eca1bc83da118b1c11729df9873,e0c4c6c3d0a09080,train,train,2,2
008323,500,375,RGB,1.3333333333333333,ed79fff53dce4dec069b7f4e0c0f61e88cf1a2c99751d2fe452ed892aae9908c,f09e8f0c0f4e3e9e,val,train,1,1
008326,500,333,RGB,1.5015015015015014,767186e11784dc37c1db953a0a3d72d2e514d672d21960c68c94aa4e3eb06c7f,f4fefdc5cc689090,val,train,1,1
008327,500,333,RGB,1.5015015015015014,d7f7d07ac5193f227155b1755d85f98e6bff90a0561f60f54d85fe2c7108cbe9,731309190d0c2b29,val,val,2,2
008329,500,333,RGB,1.5015015015015014,5ac157f19cb3a18772850df0a731e4cceec09b5539e28e6448538e9c3f7e203a,81f3f7cd3727de72,val,train,1,1
008332,500,375,RGB,1.3333333333333333,bceeaaaa86370b275d4f1ef9d6206852d1aa8a39832afcb59c314c5f7f9c8c70,f82cc5c8d8d898d9,train,train,2,2
008335,500,334,RGB,1.4970059880239521,be59dff05fb1abaa1e8e6291f6506d075c861354cae3dd0add00d2a2b5dba1cd,6dd2762f2b669ec8,val,val,1,1
008336,500,375,RGB,1.3333333333333333,c620bfca0874b9a5934832d786c08656739a8e43e919fec9d0405417b7ee5cdc,e8e8c031169cecd3,train,val,5,2
008338,500,168,RGB,2.9761904761904763,e9f09d06ad966b0603fc93957e95ed1a4b0be2041b81775eeafac2b5c90fbeff,b47453c4e9e9f954,train,train,1,1
008341,500,333,RGB,1.5015015015015014,070fa52960eaedc40d9aabed7d49efa00863f31044e76241534c61f66500d5b2,888a2714c9c2d4cc,train,train,5,4
008342,500,400,RGB,1.25,341bf613c965c32e04784d7b09eccdcdd3e1725a2c0b786fc07bb506a7eef8d0,008888999dccec46,train,train,5,5
008345,500,438,RGB,1.1415525114155252,b20be28df45d4f0e60897a836dfce055a554da74ffe805461d33c1e7da05c2d6,991a495c189a589c,val,train,3,3
008346,291,500,RGB,0.582,1e208419682f0e0fad75d404e8de545c8dd89f6a3a0bf9a54f3dfc907b42064b,6470d4dd499b8aba,train,train,1,1
008349,500,375,RGB,1.3333333333333333,ed922b972ddc28fa9d2b6df0064f438b00393962da305f455eb6d7e871307b58,10ad6d4a9b4c0e05,val,train,1,1
008351,500,333,RGB,1.5015015015015014,5b7bd04db7e8d14da7c4e8a7f26eb4dff01b133265ad1abc797beac19a516052,c6069e2f3801a218,train,train,1,1
008355,500,378,RGB,1.3227513227513228,54d27cafc8a3e7841d5893c216b790bb7341069bde70c0ee271038abc12e150b,2122b1b3b3bbbbbd,val,train,1,1
008359,500,375,RGB,1.3333333333333333,b17f8bf2438aa8e3adf7cf0f0753f9128b49db1adf29e1415b631e6353a366a7,494b62f1676d4ce4,val,train,4,2
008360,500,375,RGB,1.3333333333333333,d805d156be18bebf895e42e41fc9153670762d1541c48bd8304f1fcdf85b0038,d86ec6a6b3defff7,train,train,16,2
008364,500,322,RGB,1.5527950310559007,672ccec5e4a5a8923a94f523cea28b07e846f052ef8c8c5438ea97b0fb134503,d6e3e5cfcdcdc7f3,val,train,2,2
008365,500,332,RGB,1.5060240963855422,89ec59a5a4f6ffac3bf171dd850a8af104e5009c0b09fdf8f20df341e4438ba0,7e3e36bc29be9c04,val,train,3,2
008368,500,332,RGB,1.5060240963855422,60107315dbf953b355e858e25e4886d625950f3605abb7e7be0b9cbc1976e599,6beb7bddddfef69d,val,train,2,1
008370,417,500,RGB,0.834,b073005b967c143ed262697e109dee2adef018da80ffcedb54642c67171e2064,1c96b5674e4dfbd8,val,train,1,1
008372,500,332,RGB,1.5060240963855422,98b1fb9aa432aec35b7329cdf997766410ae00e4ab67215975cbf86f12c51012,e2f8a6c6d4f0f0f0,train,train,1,1
008374,500,375,RGB,1.3333333333333333,e395a34d46580305df781fe81d6fffe4f64064458304a731f01f1d0282230252,40c0f0c0c4c4a44b,train,train,4,4
008376,500,375,RGB,1.3333333333333333,a932abc368e26a53f5852218c01d396e90efcb6055dcbe74c02798cade38a022,84626170bc98d343,val,val,5,5
008381,463,500,RGB,0.926,29a9f9a00de7cbe3916a37626dbc3857e8906ebad6f5801b9ebe44b8f080fbb5,80e1f87464ccdcf8,train,train,1,1
008384,500,335,RGB,1.492537313432836,af927c89a4cd75e7e15743c983d2f41e6e6cc83dd6616c84e1d7d29c8bea2b51,81e1e8cc0969d8f4,train,val,1,1
008385,369,500,RGB,0.738,5e67b94946b9be2854c6ed7f67845c213b6bb69a5b02fb923a4f5a0613a4f707,89c1c18d0b99f9d9,train,val,3,3
008386,500,375,RGB,1.3333333333333333,6ee60bd21c605e63aff38af894c9f07d576a1fed0855131f62a93a4ce05bdd6d,bdfbeb2b7bcfcf6e,val,val,3,3
008387,500,375,RGB,1.3333333333333333,446c4cfa448b361ca06e74aa5f76572fed3fb3776b6a59937ac6892bbbd12720,f1916176929a9a78,val,train,10,7
008388,450,338,RGB,1.331360946745562,fea4742db077424b629170aeec7906d62a7f2603c5c96257ecf6f1293041cda6,86e0f0f430e0c9c9,train,train,1,1
008390,375,500,RGB,0.75,82b9dd4aebb42ecae3021ad2e1d1908f5ea6224a3a5ceffedd0e2aa41b28c0af,6f4f4c4e760b1323,val,train,3,3
008391,500,309,RGB,1.6181229773462784,96ccb07789ede82b249b744fd5fe4d7b8c3b5b78eac8378be15f7321898680c4,013287a588c8c821,train,train,3,2
008397,500,375,RGB,1.3333333333333333,87c174eb7b34747b3bcc4e3af5bf9038611d12240262d67a0aed49422a342b12,8686e6e4183c7632,train,train,10,5
008398,500,375,RGB,1.3333333333333333,669364b1c9abf1bc7eed6a9d4892ebe6260dbd2ee7b2420470fcfd3e000a364d,fc1d95e4c7c9cdbf,train,train,10,10
008403,499,500,RGB,0.998,9188e897c6e75926cf5b4d08d6f94028212897f0046e114c749ad8f93a431dc7,eae3c381a7a198e4,train,train,1,1
008409,500,375,RGB,1.3333333333333333,2728047fa0fe5257c6fbc3da14d50fc26faf6df785d74fa6d70daf0fd252b313,4b1b1b13134b4b73,train,val,2,1
008410,500,375,RGB,1.3333333333333333,e00d7a7438c8fdcfef0a49bdece465026195729f65b583b144b3ee9a8822938a,f3f3f32bb3e363cb,val,train,6,6
008413,500,375,RGB,1.3333333333333333,214f5c2fc63b1987431abad2a23a18fe750c2ce0094da7ff999151b57a6ac323,92c1c4345c9cfc70,val,train,4,4
008415,500,349,RGB,1.4326647564469914,b7d5e318ed796441ba167c0b6ee326674bd4332d443eb76046c8101ceeb810c4,a203336666d6d6e7,val,train,2,2
008416,500,333,RGB,1.5015015015015014,4c35f4bb6ce82fc2685fff664228b809ad01c7db50cc001a9e8777a127078f57,140c0c24240c41e5,val,train,2,2
008422,500,375,RGB,1.3333333333333333,91e39b5eb67e814703383da50eb797a15d12059204303b88ff4db54f9d27112d,3c3333286c6c6464,train,train,3,3
008423,500,322,RGB,1.5527950310559007,56516e0a5a42762ce509892b279795829a61e512b5d4138014142d5bc45c4aa8,cdd3b121a262c294,val,val,1,1
008424,333,500,RGB,0.666,0610475137ba36af996bd871aa6ef32778469eacfca993902331d6e0c451755b,e8224d581293c6a3,val,val,6,6
008425,500,375,RGB,1.3333333333333333,8e215add03d062e15e968c3113d6bca4988e2ca70ea1c9f1321f0380a44b2e06,2f0090f0a4c1f1c1,train,train,1,1
008426,500,398,RGB,1.256281407035176,f08ad0dff0e8186f9ff3468d1cef1248d8bd913600e445fea1401fba45896cae,a0808c96969f4e31,train,train,1,1
008427,500,333,RGB,1.5015015015015014,a434504bbab6072756e4ff6a53e602d12d05eb1bc587680969ce6924160dad93,9692e3e3cb43c3c7,train,train,1,1
008429,500,339,RGB,1.4749262536873156,2fafa9cb61c95f682575509f90b8af7e84dfb8d212189f84cc9e278f891c103b,e05972f0b4e8c9ce,val,train,1,1
008430,500,333,RGB,1.5015015015015014,fb8c6c2f4b54d6919cf6bf2f96100c53d031dcbc6dac771ec5881dd7f2fc397f,c6f2e3c332dbebc7,val,train,1,1
008433,500,364,RGB,1.3736263736263736,364d6c050ebc49ed6ac2ae1501ca95d2283ca242e03c983e9eaff2e2a36b7829,349e899b1a14e161,val,train,6,6
008434,500,313,RGB,1.597444089456869,7c26ab4d6558c78f6f5b3518fd06fb89934a6840283e78c94c3f8f791194badf,9010800409906260,val,train,1,1
008437,333,500,RGB,0.666,c19d9b535ad8b7b0012a7841cb378a9d90a779ba15c75fb629f1be9bf3cc0166,c664e9850c4b77dd,train,val,2,2
008438,500,333,RGB,1.5015015015015014,975186fdaba19980739e4bd205d3dfea921b0268eeebec3805ba806e25f9dcb4,746868d6d66e6660,val,train,1,1
008442,500,375,RGB,1.3333333333333333,b33c1ba4901a22d5b495f5fe27205b6dc37a83bccacd4cf703522279104101c3,1212121038f0e0c0,train,train,1,1
008443,500,382,RGB,1.3089005235602094,50f902caee77d498c07b5b085be9b8044b2cbbd54f73114e4b4cbd2680566bbe,0d1fdad8d8c26395,train,train,1,1
008444,500,375,RGB,1.3333333333333333,3736c2f12740595205b1c3975fa005cbc9a5cfcfdd46fc9765f196acd892cb0f,e29dae7935715307,val,train,15,10
008445,500,333,RGB,1.5015015015015014,adad32c46f9be57b9268adcd63d15a90081fcb0b35674cdea37093be7cd0e1f1,d3fe673b2b2723f8,train,train,2,1
008449,500,375,RGB,1.3333333333333333,00a8809e0002f115359894500fb09fe1fc5b29bb0c395ef148fa15e94064d000,c8c4c4da7ac4a0a4,train,train,5,3
008450,500,333,RGB,1.5015015015015014,551ed74426f8ae9bf1c1277111cf8f70cc36ae2fba1b3aa19c1fd0a55ad8bed2,e0e04ab6b5ca7040,val,val,1,1
008452,500,369,RGB,1.3550135501355014,6ba3a2d752d937f07af4014f9a15c9ebc0472aa7c65ab883b76e41ac02661cd1,797979651f0f1f79,train,train,2,2
008453,500,400,RGB,1.25,102dff557ab5ffaa61a1a77725d8bee44342e6cbbc65f5818999b19855df7794,ac84cc4c5a5b1a0e,train,train,3,3
008454,375,500,RGB,0.75,fbfe089711003b7fedf703882a8c3ed0e89ea197dc2be9db38c154edabf0371b,02166901f21f1e03,val,train,1,1
008456,500,333,RGB,1.5015015015015014,e2f2eef61e347189e768ed96921bc6bc444d30ce226356250f6ae1ab09b8f9b5,cdc96c69e0c0e4e9,train,train,1,1
008461,500,333,RGB,1.5015015015015014,c6f46b939e22fc4fb682ac606225b81986abb96112ebe441004e303663fc8320,fb685a5ac68eb0f4,val,train,3,2
008462,500,375,RGB,1.3333333333333333,de63a5866c14242380edbf92f07d81cc8a1ea9374d65926f841b8383cab26af4,b8f8f8f56d9a9be1,train,train,17,15
008465,500,500,RGB,1.0,c1475bfb84ce800db4423e6dfa5dc32e5220ebf2e07b69264b1e032c8bad6d63,2f3f376fbf38a082,train,train,1,1
008466,500,333,RGB,1.5015015015015014,701923f5ce963fc6ce010289e56e461792be3da85f3bacb9ec249251125995f1,502d2915f8e1000d,train,train,1,1
008467,375,500,RGB,0.75,08a6cd3fee9ae76a9b617cbfa4bb755034ff8b0823fc8c15fd862408fe8336a9,894970758c0e8cf0,train,train,9,3
008468,320,240,RGB,1.3333333333333333,5b3f42fa915da56b5d93c9181fec701fd919f2170710366f5b5a53ebd66a1d48,e0d01e2e0b31b6cc,train,train,6,3
008470,500,375,RGB,1.3333333333333333,40eda9e6dca8661a5a99ce077e6a487c15ffeb7b066b6b2a973a691ffa591ec3,89c9d3e3c3ddd1d9,train,train,6,5
008472,500,461,RGB,1.0845986984815619,1a32f5545be7cf795190e325d7a5cbcb8862ecb4b97d8fd55cc112823bbccc90,e5ac8e0f0c880c88,val,train,1,1
008475,500,375,RGB,1.3333333333333333,ae1e47e5f8fa5e29d4602a5e95a421b171b1f5d990312ed01bbbd55671ee3049,dfddfe9371629d37,train,train,12,5
008477,500,358,RGB,1.3966480446927374,57d7dceeba909e4299f205f1820b08039a383e377a135395569edad8f976532e,39a7633333313529,train,train,2,2
008478,500,375,RGB,1.3333333333333333,1072b75f0c6f9ef11e001cffeccb2eb0e69e64c45cd81fb21ce94e17efa3a7cb,a1919918f1a71ef0,train,val,5,5
008482,500,375,RGB,1.3333333333333333,a8db89ca1b16e2e2e4224677f9ba2d935aded55ccb418d86fc7e3d416cfbd356,3228cc646094e8a4,train,train,13,11
008483,500,333,RGB,1.5015015015015014,1e15cd401e6be15e8cf053acb1206411488c2bc8c9245ffe6e21eb11d0a1857c,c0209cc446009bdb,train,train,1,1
008484,500,375,RGB,1.3333333333333333,d7270293c6206940c1e836105583f979f7495dcd9e935da4043adc9883fec041,4de6c7ff3efefffe,val,train,1,1
008485,500,375,RGB,1.3333333333333333,8eaed129c9b50687782aeae417e5ca02748c6a5c88d85915662b6b4bc465f8f9,d8d090b0b0d8d0d8,val,train,2,2
008492,500,324,RGB,1.5432098765432098,f322a35caaf4dde08f4f452350d9c0eae3d31cfa95313e6bef0fab6c6a0a3b4a,b50cdfd3db5f3fbf,val,train,1,1
008494,500,375,RGB,1.3333333333333333,d095c4a097d578f8a2285cd9f979b9354c0db8e32196020414f0e6be43b8a01d,161e99e9e9f8fcfc,val,train,1,1
008495,500,357,RGB,1.4005602240896358,a5aea1824f7dd3c5e9cccd98635e35ff378c11e5ae984a31477bb8f0479cbdda,31018dc5675b4541,train,train,1,1
008498,500,358,RGB,1.3966480446927374,6e1d9c3bbf194a1280d8e8ca967633520b28cc8f21d7a0de2fbacb5d63a259fb,da9a1a1c9e41e440,val,train,1,1
008499,500,334,RGB,1.4970059880239521,9383c33b3aa838e664e4143145b40ba4024f559a17e1c9f33ef9be50dd577ad5,008183c3e3e370b0,val,val,1,1
008502,385,500,RGB,0.77,b9236cee37872f481a56940be7866afa9b049d1c6d503eb3b2f52b9ee3762cdc,0f1301011b1925ce,val,train,1,1
008503,500,375,RGB,1.3333333333333333,1424eb8d77d8a25b212260416cfd05bc35b1e43e4fc32dc64b3aa0c0d4e76685,85018cece8865a99,val,train,14,6
008506,500,319,RGB,1.567398119122257,24057732f20fd8393d5f94dca56478d0ba0436d78a2197da2fc2e86532cfb963,7873038393950703,train,train,2,2
008509,500,338,RGB,1.4792899408284024,15ae47776fdd37bd97c4010d1e742fafa345b2d70f862acda4f52e102152f790,2021363627257559,val,train,5,5
008512,500,400,RGB,1.25,b22f9ce8cdd5929858a917fb989a12a0d139b2ef83cead49d4a3ee73982e01e2,febe77edddbd6973,val,train,1,1
008513,500,375,RGB,1.3333333333333333,5287f366c1bbbf0b7d0bdd3d593c260f34b7cc265058e3eae1ab48c2373b45ab,d3b399b99998d4ce,val,val,1,1
008514,500,333,RGB,1.5015015015015014,3c7ffa56e6546d4548a8a360d35ca16a8a5bb675b53169f5ad9de92e45ff46d4,05858796978e8c10,val,train,15,11
008517,500,333,RGB,1.5015015015015014,f5e2825e1e0defa60b5e4f792c055f9b63a364d00c94b5cc26d5f7b002a59e26,0bc46471b919070e,train,train,1,1
008518,500,353,RGB,1.4164305949008498,9bd1b90a6f658f4ec1495e6f895dc07680cfe446ff90c8e4e398bfdf5b39a3f3,da9363e8d2c8f0ec,val,train,1,1
008519,500,375,RGB,1.3333333333333333,d6b8946d55acf41902dc1bfbf640b1e713b758f3365190db7f5b2e4ebd9c5c7f,34a283012426ab13,val,train,1,1
008521,500,375,RGB,1.3333333333333333,092aad1c7a58f9c4ee1647c7b411c0a596485a819bd412bdea4357670695ae50,626222726969f1b0,val,train,1,1
008522,500,333,RGB,1.5015015015015014,cf2dc61e8469bee0458f41a652a4948beeae90ebcd12f62dc60418ba288326db,e090d9d1f2c1e1c0,val,train,1,1
008523,500,333,RGB,1.5015015015015014,26736b93da9b4a7f18743485970b11f18937fc9fac87b72ef744359f88382d5d,848cb2858c5d2b38,train,val,2,2
008524,400,290,RGB,1.3793103448275863,864f8ca4604b4282b4971542622121100c083989174b051e03fe755dd4db3138,cdd8d1e323093a3a,val,train,2,2
008526,375,500,RGB,0.75,cd554999b686c5e50fab94e5061029deff8bd0f0dc5bcee331a4a22480f2bcdc,06124c0cc84ca4c0,val,val,5,5
008529,375,500,RGB,0.75,fff49e23e043b26f60291e9e01760d36e330ad204b16975cfb35ecc17ea88642,d1d1f02528997373,train,train,11,10
008530,500,333,RGB,1.5015015015015014,a449265707c6215c8de5f7ae17f3b9963fcf13070f8378199d086e2a37a996e7,6f6330f1b4faec6d,train,train,1,1
008533,500,425,RGB,1.1764705882352942,e65f494e734e0a839211334f7ef0ddc84d26e43ee67c68c47db40991d81ccd2d,6371f0a448d5d2a2,train,train,2,1
008534,500,387,RGB,1.2919896640826873,804257649d31cdea41442ea483d43191858c3aa28cf9fd84893399f918abd242,70526a6262666860,val,train,1,1
008535,500,375,RGB,1.3333333333333333,264067ce4d4f42842196b3d54014e754f5377b8d60cc70372703ca3061e2337d,8a4b294d557050c8,val,train,2,2
008536,375,500,RGB,0.75,f3d68878f8e318de38dae043307b21f3f4d2cd065f951f0f00fcaaa843cce04a,648c8c2cecec1080,train,val,5,4
008541,500,336,RGB,1.4880952380952381,d5509cb07a62d99ab039106f1e5e79a677f1798b8c856c42532a9f9169a6b9a1,cbcb8e9ebbb8e933,val,train,5,5
008542,371,500,RGB,0.742,a41d062ee628afcbad9e1655ca43194b67c13e07abb351a8fe2509fc0efc9134,747070d2d1f47a3c,val,train,2,2
008549,500,333,RGB,1.5015015015015014,d36f65b065e0e34e9f48084cf4d2bb69aeb7c9b2945c7a4e2d50af2a146c7f89,d59f1907a7939687,train,train,3,3
008550,500,375,RGB,1.3333333333333333,c2044de9173f0e3b51b25e8266f4947caeb875bdb31a4a073dd5684b08da960d,1c1828fad067270e,train,train,8,7
008553,500,335,RGB,1.492537313432836,4c5be7b1c70afa5630adbee43f97bd9ddd895b254e37de76c8fc3f65378d2b70,e2860646c60d032c,val,train,1,1
008556,500,333,RGB,1.5015015015015014,d33421c48fda10079a875b3c6fa185d7a7ee71c17368b076a2fe204aa8721090,c9c998d0c2818383,val,train,1,1
008557,500,335,RGB,1.492537313432836,622caf5866aa8cb3f61c36cd79248c432b05421bc6dbaad9a823b7d2c5b57332,a9acad9c94b4fcc0,val,val,10,8
008558,500,375,RGB,1.3333333333333333,3af8a3e3811ba478e3ff03515cbd77c6eb864f0b06ab749443a816d8d984c659,cc9e3d3313939b1f,train,train,3,3
008559,333,500,RGB,0.666,2f8cf30708403fb1d70054af7168ee3bc111774dad0be5dd497a1c5d687e906b,8c533a380aa8e32d,train,train,2,2
008562,500,375,RGB,1.3333333333333333,a3c643d5d181b64724973f4dc9188aa76ef9a14c6a79d9bc0941fb39c9e8a338,0909a6e6d2930f1e,val,train,8,6
008564,437,500,RGB,0.874,b87535e6ac0c0027b4c5c0b1f3d8c6d7f395ecc22c14330859d63aa3da4f19fe,f1ffec67d1d7e3e3,val,train,2,2
008568,500,375,RGB,1.3333333333333333,440ebd906f3c6e26874d72622026dd2c600e90a54df59f34a79de47873a90c29,8898539326193927,train,train,2,2
008572,500,375,RGB,1.3333333333333333,9dda0240a9059433139a071488c328d70afb6d5a64498146a4c844f9920135d9,cc5c75a2a2f33718,val,train,2,1
008573,500,418,RGB,1.1961722488038278,0e1b84ce0d1bd1494101f6305e677665c627c02551b6f85898cb2927856ec5ff,2031311131252008,val,train,2,2
008576,500,364,RGB,1.3736263736263736,3ad7891a9bf589195addb07390cec168417aa716ae5eed4e111b338bf26b3a44,28e0c18908049990,val,train,4,4
008581,333,500,RGB,0.666,dac56fc6718bf1a6db7551c6cfa90f5413b7e6dbfa0d8a28e165222c94e2b0a1,249a9a04c1f1367f,train,train,2,2
008582,500,348,RGB,1.4367816091954022,5cb01b31baa6dce45327d4d90a63463c8d01817379dbe9ed98e100fe36d57933,9958589cecec8408,val,train,2,2
008584,340,500,RGB,0.68,6bdb60965f767cf2c0118daeea90a3221b58bcca1d0706b5ebc1c5949240d46b,010c0d050d574f5d,val,train,1,1
008585,500,334,RGB,1.4970059880239521,ef347ee09bba78e8415cd65205f1c7dcaaba0f88d7cc0880e047cd85b30ac18a,f3d9f39eb9bbbd58,train,train,1,1
008586,500,379,RGB,1.3192612137203166,4771f37bd6ce56b4148120548e57ffb44e93750ef6b988fad029837a846f35fc,bc65d5cdcd07c299,val,train,1,1
008587,500,375,RGB,1.3333333333333333,73caf6721f75c93287b8282c7baa4d0c6b0d6b0127ce34bcfa7932bb62f0fb0b,999497ce76d7c8f8,train,val,5,4
008588,500,375,RGB,1.3333333333333333,309daf2006fb9488dba6c66a51c189862b2d0a3364115c5efa6cea7a4f8a00c7,9cb4a4b8f8f8dccc,train,val,5,2
008592,500,429,RGB,1.1655011655011656,0e47cd47c603633e5476ce4035ada36840c2f5ba0e17f72f011f4602ec5f4564,e6e6e3e4a333e2c2,val,train,8,8
008595,500,333,RGB,1.5015015015015014,678b68ec16b993195f7856f4201d059ac3b407530a1232ae7ed371a244933223,81498336a3a3a3e3,train,train,2,2
008596,356,480,RGB,0.7416666666666667,b61081f4ea55eeb67dc5390432b8dbc3bc956ab4c6775a27408f925d10a4fe5b,b04a8d2547cea460,train,train,2,2
008601,500,375,RGB,1.3333333333333333,be662ba7d146ea08a85324b4d372172e72d2e17e2a5bea0c9d287be2e0151aa8,a8ea697c3a3a1a0e,val,train,4,3
008602,500,375,RGB,1.3333333333333333,5c5c7bebbe8db5b11b6f991c45593f8ead967b5fe45ef1bdcf8f0ebb68384eac,11d8bc94b6b626e1,train,train,4,4
008604,500,375,RGB,1.3333333333333333,b5099dfd13580cc5bc124f52b262b8e28d1baccea482c0255547082faef5bfa5,24202a8d44c58947,val,train,8,8
008606,500,375,RGB,1.3333333333333333,9fd39c3dda486163897e14bc1c5c0eb188c46bc246f18200c013314584befa5b,f4ecf86cec4cddf0,val,train,1,1
008607,500,375,RGB,1.3333333333333333,4a022475ecce1df2b4bb054329e15a41be6f6d6c13064530933ef1d7961e7945,96ad3537371612c0,val,train,2,2
008608,500,333,RGB,1.5015015015015014,9bf2f5f26cd3dc69057ec44cb12cedd86f32f7101cb56bb62dce830d44f05f01,c38dac63f9aa86a6,val,train,1,1
008610,500,326,RGB,1.5337423312883436,0109511ea58f70c76a89081ee65dbdc5c2847e9a7ccf0f2e0c122e620114b7d7,f4e959d9c9458580,train,train,2,2
008612,500,300,RGB,1.6666666666666667,43dd33d2714e4c3f2bc64ef783ab3ba2bff309801efe0bc02b6d92f193f9e72a,e0dc38b80a88dbdb,val,train,2,2
008615,500,375,RGB,1.3333333333333333,b214c0fd0818f4c1447cbf9276fec3ecf07d6c08b6d2ce45f7af3fa76f6ee542,9090fc66f8b7c368,train,train,1,1
008617,500,375,RGB,1.3333333333333333,d89f0500fbc33a859c65410d49c61583234b0fd889b2b99f0c0ae8888344d5a3,f0f4313232aeaae0,train,train,4,3
008618,500,331,RGB,1.5105740181268883,626ab65a4dc4eca7f750143daa1bd47ef497b970123ec7cedda236d99fe0f470,151d19597187462e,train,train,12,10
008620,500,375,RGB,1.3333333333333333,10cc92859645c218bcacfee1f94626cf5bdf97fb085c804f0cd0dcf9c40bf726,8a33414048ecec68,val,train,1,1
008621,500,257,RGB,1.9455252918287937,7c1027c8dccd572e5aa87e1efb252651f3d7b3b25581eca05578f2b5ecc34801,1a9b93929283e1f3,val,val,1,1
008624,500,375,RGB,1.3333333333333333,d3e31abc9e3081622b1f2c47762467d1066f7b1629b37e8840b16978e127dc05,7e3f7db4f3f7f6fc,val,val,6,3
008628,375,500,RGB,0.75,933949544ebd677f31f9be01b3477c22d16d512fb9bd8e2336f54b2c053e2fb6,b1d94c6dbd73f39e,train,train,4,2
008633,500,247,RGB,2.0242914979757085,7ceded27f5eec24c7aeb223f663ff093f3a5db3563dfe5ef2fff64ede86e69e2,9a9e9e9ff6743371,train,train,4,4
008635,500,372,RGB,1.3440860215053763,aa0049de15bdf8653c9cfd490deb256b803d924cf8572bee1981735240971d73,2e6e663797dadeda,val,train,1,1
008636,500,375,RGB,1.3333333333333333,57c76c30464bdf6072c5f3b347b9fa2787d8bd887d5562ea8af1f4ef119e2227,ca20983a1e0d69a3,val,train,3,1
008638,500,333,RGB,1.5015015015015014,e56df9e99db3f20bae87f2e98e053ebae5db8a58ef77fa498c81a7e08963679c,09276bcfcf6f4ece,val,train,3,3
008639,500,375,RGB,1.3333333333333333,06ca8d0b7be0ec28d937670531a0af2a1439267515f7c1261ac6b7da90e1adeb,91f17af2b354ccc6,val,train,3,2
008644,500,350,RGB,1.4285714285714286,6ca9030d9258835a2b9fa0a9cd490044397c842fc49861a6447d5ae388359d82,eba84c4657515456,val,val,5,5
008645,500,330,RGB,1.5151515151515151,45846cca2fce719f3f473c64c92b4c015e50c2bba0d06b9f94ab8debd1dedbe6,f8d0b06060c8c8e8,train,val,1,1
008647,500,375,RGB,1.3333333333333333,27a4d47ccb93ec66474715f233c9805f0d27aca7c5b96b4cb3ec146b478685a1,6f7c64e6d2d46666,val,train,1,1
008653,333,500,RGB,0.666,ec1c74cba848ed4d8df9ee0495dc8e23efc420dc6662ce380c063bc2ed25ad0e,0dc9cd6d6f67e3d6,val,train,1,1
008654,500,338,RGB,1.4792899408284024,4ff209e80338c1403943b692b5d8eebbad165d33cc1589afafdad4a7faa83829,9b13128636365971,val,train,1,1
008655,375,500,RGB,0.75,37d85359a7b537a4f02d603665a0d70b965b462b721ede020d7eb56796751c7c,e6f6e68b038dc838,train,train,9,8
008663,500,375,RGB,1.3333333333333333,bf02fd5bffcb37e86dd1d18fd86ebbcdbcea5071d2f60369cb51fe1780227e23,92530a2761373e78,train,train,6,4
008665,500,333,RGB,1.5015015015015014,e177a985e0741b5314eb49e0a893100f2a59a48e0a5708200ce01edf159f553c,d89c96737319392f,train,train,5,3
008667,500,336,RGB,1.4880952380952381,09498b298fc5a8615126666245fda73c12393903efae19b96eb4651aa7bf9814,24b88d4f2e26e6f4,val,train,1,1
008670,331,500,RGB,0.662,872a3e24426130614c461bef9fbb1eb8e60f78d9f6dad0f21f0310dfdd8d0919,86aaf2f296b2b2b6,train,val,2,2
008676,500,336,RGB,1.4880952380952381,13a5a32d523c7cc3e7edf4cd3c755e4089cc8a3760d18a70917f671fe74caf40,b86cf4f7425c4646,train,val,13,11
008680,500,375,RGB,1.3333333333333333,f0898048ae821da52de7e4672311cef9ce0b8e168589ca09f3aba003dcc0e293,f8dbfffade7ff9e1,val,train,5,5
008683,500,333,RGB,1.5015015015015014,e915d0b1089512572e901d73ea4500ec8024393cf551af1686a012a7a1dc466b,f5e6a2301233d1cc,val,val,1,1
008687,500,375,RGB,1.3333333333333333,f172eef144767bb959382e7a58df5b789db4bf146b8e7c50328206ec52e603a1,24d4546465f0e9e8,val,train,1,1
008688,500,325,RGB,1.5384615384615385,386c22d2652e2a95624bbe82407b4862dfa45aff1bb59dff7c1d326c5c40dc8c,7632616d3b13630c,train,train,1,1
008690,500,333,RGB,1.5015015015015014,6e53717333348898ec37ef8c68bccb668b926327a73a40b28b9a890453b25abe,ceab23333935241c,train,train,1,1
008691,500,334,RGB,1.4970059880239521,fe29ac061a5f51a1a9dbc0bb83c3183340e76635a14943d384ebb5c15a2b10af,022c0e030b899240,train,train,1,1
008692,500,333,RGB,1.5015015015015014,a5406f1bbd9a86661e80a085898bcef82db4a80e585b3dac480bf682ea34e94f,d9297b3335570f4f,val,val,5,5
008695,500,333,RGB,1.5015015015015014,a2058b37f42349dbc8785d9f3ac248da58964706ed536d879fe74fdb3b87f11f,48469191931b0e8c,val,train,2,2
008698,357,500,RGB,0.714,b7da6041ef9b6a942b4c4d9bac0e5187009efdcd572c6ea8c940d53ec926af74,cce4d4c4eca05040,val,train,1,1
008699,500,375,RGB,1.3333333333333333,c1cd14da75d4a6aa4a5b5f2212a6dda5af563fd34e0c09b4d081ad9c3ce1ab8a,ff2ce59f8acaedef,train,train,2,2
008701,500,375,RGB,1.3333333333333333,52b356e720d6bab9e25365134afc1d6d403b4458f55a96375f82f185dc2ef7a8,25a63a69f94571b1,val,val,3,2
008702,500,375,RGB,1.3333333333333333,048e755d4cce347308644b61cf53ead2d6d6ffdcd0de27611a3952ad46a2bd60,60cab223dec9432b,train,train,5,5
008706,500,333,RGB,1.5015015015015014,8ed8fd6b5dd2c50b8344e96741db6dbb88f82c78fb7c4e9413e2e9e52b14bf42,7250585256149cc2,train,train,13,8
008709,500,375,RGB,1.3333333333333333,69c7c64e5e38d53176e45d9e7d51ad298b01467c124a487d07d413da8bc53370,78787032723a3a1e,val,train,1,1
008710,500,335,RGB,1.492537313432836,b8968ce3aa8d85e000ea427557d862efd11176f5957a7509b5ee3637678d89e1,64e4d48c9e9cec3a,train,train,1,1
008713,500,333,RGB,1.5015015015015014,e4a132be8006df66840e3d37e9eb8ef5c5d93a7b08c36d417bbc670e8939de4b,cfcb8392032fa723,val,train,1,1
008716,500,333,RGB,1.5015015015015014,c185bba5c3d9fe9679e4ecd618ee954cbebc34245882f734d536069c36c9b4c3,a3a2b2ce8deff0f2,val,train,1,1
008717,500,375,RGB,1.3333333333333333,0f129cf3d30a4ae7a0772da62cb5556e7bcfb8d8610a54e7a8b71b2376b68504,182464b4edcdcdc5,val,train,7,4
008718,500,375,RGB,1.3333333333333333,df542ae664f22616c70e447512573ff68c159f9b70c057b09abfd9bad4bf86da,3999488189d9d1e1,val,train,4,3
008720,333,500,RGB,0.666,acb50c10e6110bb7cd124270ffbad9e394a645ddd73a513abf41239e4d5852f5,3a1212363012223e,train,train,1,1
008722,500,332,RGB,1.5060240963855422,55ab9170ce12ddb7a111dd2581bb04d07438fc8fb4334f14c783eaacb5c68460,72688d8c38dccc90,val,train,1,1
008723,500,334,RGB,1.4970059880239521,47117e3326d99e6ab48b4c892c7952577a7144de3154d70b97e3e27ac5057a89,e0e0606cb5d6eaf2,train,train,1,1
008725,500,375,RGB,1.3333333333333333,67e62741271e071768315e46645d8bfb882c497314f795f5cb37b0b860e3dc89,9e1e31cfe7668e9e,train,train,2,1
008727,375,500,RGB,0.75,025ed0fb50e5fab9cc960ba4846db4bfc991fd7d5fa0f63789eed37abf44c2c1,ffcf9ff7417d383b,train,train,1,1
008728,500,375,RGB,1.3333333333333333,f61c72928709a69970e35f1bbf26be6d2e0ab2119e9421be8e9eed702970d842,bdbdf7a56a6a2818,val,val,3,2
008730,500,375,RGB,1.3333333333333333,860e1d36a52b310753b60a0eb6d1b902ebfddd74b57059058fb1f3fc76b5498e,20c2c2c6c2c8c6c6,val,train,5,4
008731,500,332,RGB,1.5060240963855422,09c7e8c807f2791c1c1a3c6d3314caa67b4fd76e6c8bb511c82390cdfd046dbd,c3cbcb281c9c9a89,train,train,2,2
008732,371,500,RGB,0.742,be4437a9a6562c16dfd94d82a4ea350869b90c28297e31d7dacd15e960ff773f,8accb09a9a98948a,train,val,1,1
008733,500,375,RGB,1.3333333333333333,4213386eaf76c0e55edfdd3289be9b1afd20e7cc3f04c12613dfa412ede31390,dc797c67cfcf47c3,val,val,6,4
008738,500,333,RGB,1.5015015015015014,24b70f2ed18cec6ad50f9070caaf6fe159f559f8032abcc9c663fc193b6b80c4,140c1c1434daa5f9,train,train,4,2
008739,333,500,RGB,0.666,6b70b9d9d7c98cc6936b0ab00447b23b1ac4bd24c27cc9ab8d550608e0cff645,70e2f4f1b17127c3,val,train,8,3
008741,375,500,RGB,0.75,4f0c699c0922534d8303aa812dcb4b125b268419a09556374702e559dcbdaffd,a78709c48d9c8ca8,train,train,1,1
008742,334,500,RGB,0.668,29f4c7e0f0e0457afc54988d5a0eee3d628d4a438cdc463b21da0224595e439b,6b8f8b039b4f082b,val,train,5,3
008744,332,500,RGB,0.664,8f6698ef51bc286c5cbefcde08566e0818d6cca3d42c2a2a226fd28557b47fca,ae7b79b938167bd9,train,val,2,2
008747,375,500,RGB,0.75,8fc78cbb660d6acf615eaebce47b322a759682d37ef8af86029943780db7fa84,89a9303b8fe4e4a6,val,train,2,2
008748,344,500,RGB,0.688,9ad6b6c5dbcf01f1239a3d06c760de898e11317fef45137a7feeed3ded9ea335,32b272a1a6631b69,train,train,9,8
008749,500,375,RGB,1.3333333333333333,00ca87b6feb9c720065a2291d5f75ad7fff352a8fdcf7ea6703d597449a8f85c,b8f3b1d9d2a22784,val,train,1,1
008750,500,375,RGB,1.3333333333333333,37abbfa1e37ea5c1642d4f05c16a45f4796c98fdeab48e7253f402f93498ca62,4919b5a0531b0ef4,train,train,2,1
008752,500,334,RGB,1.4970059880239521,16ed45f5a45658355d71f031121779d0384394b0869d26b9f3cc7d438cbab219,7a6870e292f6879d,val,train,6,5
008753,500,437,RGB,1.1441647597254005,5f22fcdc7f19e39e8a799da9bb57fb0d3dbded1acbcbd219fe5a77a227bf6fdc,f67ed5d392fa77ef,val,train,1,1
008755,500,333,RGB,1.5015015015015014,4e351f74a9a2ee877bd3ea708b3afb47f3d112264b75d32a9f80764cc4759192,34822346b6362696,train,train,1,1
008756,500,375,RGB,1.3333333333333333,61df271067ba40fd767e0b7adb04db34c3c4b5b8a85af34958d70bd01791eac7,1f37840d1fe6debf,train,val,1,1
008757,500,375,RGB,1.3333333333333333,20cd0a4d6d5f24d8a43935c87e1a4e627a0456f4532b7de7199bc14b2175e14f,f861a525d51332f8,train,train,1,1
008759,500,375,RGB,1.3333333333333333,c5418ce0a6306a86a2a00d423c009006a503114424f324ed37f0a2ffe8ac3e5a,4e8d898d9b9fb7ed,val,train,1,1
008760,500,375,RGB,1.3333333333333333,d1b0baa16ea267eeaa120f5b2347d88002da7ef576b62017ca704df4b0ded3cd,bbebfb0b3e9dc3c3,train,train,2,2
008764,400,500,RGB,0.8,94c84e1fd9905daf4bbd66404185b265bc21561f2e623b30f6e651baa1bf77e1,1ab1120de9cdc3e6,train,train,1,1
008766,335,500,RGB,0.67,63c922fc7e7835169f84ffd3fe1fa28496ef5488f0e45f3a77fc4d62d171b35c,cc31792725611f1b,val,train,2,2
008768,367,500,RGB,0.734,e36c610b3042e1e3fe11ea694e3b74981c1879cd4a01f11dca47182e42227bfb,145415999d15aa40,train,val,3,3
008769,500,373,RGB,1.3404825737265416,d7494edc5d2bb21d26a9d6b7e6dc364639e5a3a239aabf9aca7ed91693dad08b,0e343564ecf8f4b4,val,train,2,2
008770,500,333,RGB,1.5015015015015014,d6bedf724b95fad6a3a5b10d35ad460914d35dc20f47d00c754372e5ecb4cd82,c0f48000209cc2c0,train,val,1,1
008771,500,335,RGB,1.492537313432836,821746d2017791070e6c6a0950f84e657aea8b2e7c170a1778d3b735d769c2a3,cfc4271bb379f8fe,train,train,4,2
008772,500,375,RGB,1.3333333333333333,15a5aa6865c0d21be7d9a9f5288ee16443a05ed5356f3a5fd80b9cbc61ef4900,29666c7c30b8cd79,val,train,1,1
008773,500,375,RGB,1.3333333333333333,730f8ed4719b266b4785cbcb8eb2d8f6e97c6cee8ba383630c64ab637a27bc8d,d3fa3a6e98969ea2,val,train,1,1
008775,500,333,RGB,1.5015015015015014,4ea42dc6cd474345234a9355ca22c56d936a66788dc0f185d59198858ef1ce2a,a696c6f868e8e290,val,train,12,10
008776,500,333,RGB,1.5015015015015014,2398ef6eb60fd019b538d4aec59de69923830bf7cec811e404e2af05386b5dac,f9b9cd8c4ed8d9b4,train,val,1,1
008783,500,375,RGB,1.3333333333333333,bf5b614b566e836fdfa608fed75a6cc976c38341f11c45271827365c2539ac76,b8a079f935691181,train,train,7,2
008784,500,262,RGB,1.9083969465648856,3e1e4df5ab6d24c40da6129dff6b25b3d76686d1fef701e2c230e4e495e8e4b5,2c2f2b2e1cf5342a,train,train,18,5
008790,500,327,RGB,1.529051987767584,90f414e3badef4a1a62a6d6bbd7a39e6f9c8903f1af6461b327c318a6fe8b979,e0f0f0e42430c0f0,train,val,1,1
008793,500,375,RGB,1.3333333333333333,78ff2cc81bcd75c4cb5720fcc0ff18e23d4d535a1aede526db03df75d1da7321,dae36571dbc4f8f0,val,train,3,1
008794,500,375,RGB,1.3333333333333333,f8aec2d443f048ac0e3385f206add20c7b1b543069a61295f69369d2ecc63c87,decec8f8f0cb1edc,train,val,15,11
008796,500,380,RGB,1.3157894736842106,55fd1f5d19b84cea35b40326cfd8e28e139de1a02196f0283354198ea4f17622,e6de7ece4f7a7e5e,val,train,1,1
008799,500,375,RGB,1.3333333333333333,36476cdf82f0b64d970801126866613532784f7c99a79ef6934ce6bf85ae50ed,8aa874143a169090,val,train,2,1
008801,500,411,RGB,1.2165450121654502,180383709210e38a3ac9000455e4e4a93647a8a91d048957128072f8e28f5033,332d0c4e472b8d27,val,train,5,5
008805,405,480,RGB,0.84375,ad95d6f3d5bab6ddfd7f704aa46a575775813b9d7408f4a3eebab6f92be8756e,e8ecc7e3373b2b2b,val,val,2,2
008806,500,375,RGB,1.3333333333333333,f129f266bbe37653a71e8beccffc92b6ea5c7733f0a50eea56f28f2ebecd0c77,018585371f3f0dc3,train,train,6,1
008809,500,320,RGB,1.5625,033bd950c4eb7fb1af6ef3864c4efdb569ee7779f238d229e959c0f756604fb2,eca3b5f59b2b9b37,train,train,1,1
008810,500,333,RGB,1.5015015015015014,a7339c8bfca7060aed1fcc8a0d662d3dabebaa2c07d1f78b47afe259097cd833,f0d8c9f4e68e3e6c,val,val,3,3
008811,500,375,RGB,1.3333333333333333,6329235e48ee7fbb9bfa7bd87078fe3810467544524d16d927e11f21bad81dee,b0261b932c7472ae,train,train,1,1
008813,500,375,RGB,1.3333333333333333,461d6094d984ff6800bcffe2d9f0ac340de75ded0174a774ef68b1169271186f,fdec6ee6e5e4ec60,train,train,8,7
008814,500,332,RGB,1.5060240963855422,f63a2c25bf12f534eea4019450bd534371ab7f324707749c682c08fb7397d3fa,e07979652d8d9597,train,train,4,4
008815,500,375,RGB,1.3333333333333333,14290e10185f79381a775d02948b3de1ecb01d2fd7b8e88bbd599e3922c03357,e9fbdedcf8fc7c7c,train,train,1,1
008817,500,375,RGB,1.3333333333333333,69f71e2ab0403f687038595e9925ed801bcf3eb68af6d0f42912b12d1d019f65,7074cccc49c8da58,val,train,2,2
008819,375,500,RGB,0.75,116687ac3bf9f1b6251f9c499649172da37ed8904b058db4f5d8abf416cbc3a3,efb7b79fdbddeeea,train,train,1,1
008822,500,333,RGB,1.5015015015015014,d5bb302d2bc5a180ecd376a6ccc200f0ea9e46242fbdfa8fd6acff292ffcfb20,c91a1717af391b3f,val,val,1,1
008823,500,333,RGB,1.5015015015015014,ae6afdfdee2199fa339b524e2a3e170b23af02952504efb8f534f85b0e399eca,7c43544bcac0d1c1,val,train,1,1
008826,500,375,RGB,1.3333333333333333,1352da3fd21185dc8677c07099368c94f421dda642aae34718ef44a345b696a2,e0e0c9cc4ce8c8e8,val,train,1,1
008831,500,437,RGB,1.1441647597254005,7803ea0ab6d89cc717fc7fff3f45f3dadf95b5f661243447e05d9ef60a675d39,f0f0f0a8755919b5,val,train,2,2
008833,500,375,RGB,1.3333333333333333,0d8135f0629724f89b73a914ea07e8cd27f6b68fed7362f04adf3707f5d9bec6,6665e5c3a3f5f1d8,val,val,2,1
008835,500,375,RGB,1.3333333333333333,f0117dba1eb1512cc7cccdeedddeecedc7de1e96cd88b59cb6f2abad3980c016,e5323344138bced6,val,train,7,7
008836,500,375,RGB,1.3333333333333333,357737f29482f7fccbe5fc1f95e6d9386fa0f88efc061ad731cecd7078bbabcc,6d69cb875ec8fcd8,val,val,15,8
008837,500,377,RGB,1.3262599469496021,9bb125c33488220c0e4664aba739617d0ab7a2cccf369634671659bdf55797a3,e6fec6f0f0dcec32,val,train,2,2
008838,500,321,RGB,1.557632398753894,f4422cb27b8db23fd4da3107dc9ad2af45a149341168423c48c1df08ab7a4a57,d1921290d49698bc,train,train,3,1
008840,500,333,RGB,1.5015015015015014,33d542cdd89f1206778a3fa898e49e7147c5cf0fb86ab43d4cd1e78ddd78af1f,8697973b5a6ceaae,train,train,2,1
008841,500,375,RGB,1.3333333333333333,04ff187245d85f9700feaa19b948b86ce5c170b47ce00a5159227f9078be7f98,9393131313131210,train,train,6,3
008843,500,333,RGB,1.5015015015015014,de5555f458125def4cdd4611b3bd8a24fb371c4fd1b39436a7147effe426d66a,e5e4d098ccdad305,val,train,1,1
008847,500,361,RGB,1.3850415512465375,4ede5513f056cbdbf22103cca9d16dc41f45bf5cd073720f0d55dcc867d9c8dc,8109090c484b3979,train,train,1,1
008848,500,378,RGB,1.3227513227513228,46c13d9a68d41ae589b346955c1708581bf2fda2c304dc847d81331cdb0d23c8,fffdf5c3858c2ec7,val,train,4,2
008849,500,375,RGB,1.3333333333333333,60536e8786b2d6e729f9329ff67884444b7a212f0a10b0d16c41723430885785,007072d2a7f3d387,val,train,2,2
008854,500,333,RGB,1.5015015015015014,c51005d5cb3b0754c888c583f46454234dc1dd8ca3d230fd0bb766a91a798aeb,9cf06c6e7465efff,val,train,1,1
008856,500,375,RGB,1.3333333333333333,8cbeab2d0e7e2c7e4500f02d7927b80a525f308f9107a95a2e5bf25900789d77,360632313129afe6,train,train,1,1
008858,500,333,RGB,1.5015015015015014,27610365f1c28170cac819fb6cd9246f2c600d2375f39aafd2f24c0364b37a59,f19dfdb9b9d8d284,val,train,1,1
008859,500,333,RGB,1.5015015015015014,c4cc074448af359c4d4b3fe0441b26d72a39eb6d96425109fb3f39fe5ba93576,0090c410c0f8c803,val,train,2,2
008862,318,480,RGB,0.6625,085dff23544819fe26fc56881fadc33924451e8ae093da09479bc065c4acdc2a,3e6ca48ec7cf8c65,train,train,2,2
008865,500,334,RGB,1.4970059880239521,284632cfc487372964aa4ecf8c46f688c2936ad13bacd7faaa2d617fd8c89721,c465371e36158bea,train,train,2,2
008867,500,332,RGB,1.5060240963855422,2b8e16f8fc2335116b9b2e0646b30d9a127ad024100423a3a24b6251ac91fcdc,4c86331228cb8d84,val,train,2,2
008871,500,409,RGB,1.2224938875305624,dfa8113b9be188846f08d209b731376efa42f23f7fdbb4a5e34f5458de9e95a3,93cfc2f3a7e7e2e0,val,train,1,1
008872,360,270,RGB,1.3333333333333333,31ca649979db29517d6be1d46c0cf87758e2a3bc9e9b1d41b95f82fd05b342ff,c8c8c8e873cccece,train,train,1,1
008873,500,357,RGB,1.4005602240896358,e8c2d11028d4875e7f5c7bc07d0c26561572c83e9cae8850275f6ddf83ccc133,23232323b3e347c1,val,train,1,1
008874,500,375,RGB,1.3333333333333333,1aefb52a36447e92593ffc20d70bf20fdf95b2b49ed1c693f188401378a8aa38,dcde561e1e362eda,val,val,3,3
008876,500,333,RGB,1.5015015015015014,74b02b0799149df5aed3bd0661752fffe3e81a6345f221562799a13363080893,e6eecccdef9bdacb,val,train,2,2
008878,500,375,RGB,1.3333333333333333,fc9d2532543e1edcb1049a62884af0e76a7e56f393f7fad5ae76944409cf8968,00c4cfc696b4d031,train,val,1,1
008879,500,375,RGB,1.3333333333333333,5af86d93081be63145290c40084c766be2cebced67eac858a63a727c0b4f3f06,f9f6f6c7d3fcadd9,train,val,3,2
008880,500,375,RGB,1.3333333333333333,97fbdfd9486802364898a3408263d2738ed37a12a2821ba3b105228794322967,8b235bd6cece9818,val,train,1,1
008883,500,375,RGB,1.3333333333333333,b4524a833e465a0eecd12e6f47e0c5e677cf34227025dcf9268638e7c839bced,e8f0b8a8f8fcf8f8,train,val,3,2
008884,500,375,RGB,1.3333333333333333,ce07c969d7e0b220d00e88db95f1a54ba17314a50a4dbc980be0f245e56de389,f6fefefc6fcb9b98,val,train,3,3
008885,395,500,RGB,0.79,fc326ee97710752ed3974d397777b70d06bcefa2f0a11aecb9e7e3767af89283,b494c4f090e0e0e0,train,train,1,1
008886,241,203,RGB,1.187192118226601,68e0a8b0f35811741aea493a0109058a9deb2a0c8b7dc86d78e5542a9fcd93e7,92c66c6864849195,train,val,2,2
008888,500,375,RGB,1.3333333333333333,833106e899f012a44a112d4fe536e978ce019a5e7133f8e289f549c6cb33e049,c9c9c5e787a7e7c6,val,val,3,3
008890,375,500,RGB,0.75,3f21e639d9ec35a961aa524b51619e65e7d94e2e3c7cb35e5b90b2820f80b199,70f0e2e6d0e0e468,val,train,1,1
008891,500,333,RGB,1.5015015015015014,f32451ccf9025abe7ea32c603ee0a933166a4b885faf6311d9907896a6831840,d2122364f8c8c0a0,train,train,2,2
008892,500,375,RGB,1.3333333333333333,bedad04d59a0c1216a4f406b67837ff200197d548820e9868f0217fb700333ff,6b3a565a9d37086a,val,train,8,7
008900,500,375,RGB,1.3333333333333333,65ea1558fd80fe9a215ff928c218a31b1cee172135ddebcdcff4fd92629462b3,d15ef00b9bd5ce9a,train,train,13,13
008905,500,375,RGB,1.3333333333333333,a47160c4cd1d6163608daab83381547cd92e56331cb9a721c513dff5a2355003,d4e5e08cb33328a0,train,train,1,1
008909,500,375,RGB,1.3333333333333333,7d71c2226ea0e817241f4870f30ed3422a97248ce4b54a8de0e8bf05813e2932,989caee2ca5836fa,train,train,1,1
008911,500,375,RGB,1.3333333333333333,9115ca4e2d2081cd8d08de38087d1393ff9f20aa429a5eb4c410a3190f84f1a8,b1b9e78f674f5830,val,val,12,9
008913,500,375,RGB,1.3333333333333333,c1f96f6fac7cdc58f97eac6dc7069261e490b074b3cd70cd72f823d10e8a7b17,a98c8d9db1e8942a,val,train,2,2
008914,500,370,RGB,1.3513513513513513,c868137c158a1db1eadb403f7aef20c278b6e85209c937df3467d35f65164335,a31bc5c5d1d1d14c,val,train,1,1
008917,500,500,RGB,1.0,62c8646e932fd54d8e10a727257be181890832e59af85706ec2a22e9e4b96173,b333139bd3c66766,val,val,1,1
008919,378,250,RGB,1.512,310cb1feae38684f1f895cd66c1a2cafb3f0cce1b4fd3c172151f838ffb1997e,668cc4860c2ca090,val,train,1,1
008920,500,375,RGB,1.3333333333333333,fe3fff9ea5e35a43e1a43617dd7dbfa7bb48353e207d36dfdf44b636f6b378c4,267159494c3433d2,train,train,2,2
008921,500,400,RGB,1.25,0da8c1c83ec7e04aaf48c2338a03b18af90c613c0a68c98cfbbb0ba27115545d,4e08949c28241f1b,val,train,1,1
008923,500,209,RGB,2.3923444976076556,42932c13915e11375f3bec57958ead499252235b607e0bef6c33b31f6722d48d,de3036f97f46967f,train,train,1,1
008926,500,413,RGB,1.2106537530266344,dcb2d11ef0b0cf7bd5b9009655c8205c37b89df6f1010093e58ab2c0ed97e2fe,9ce578f8f2624bcf,train,train,1,1
008927,500,375,RGB,1.3333333333333333,c0f1b200cb9185216edae1796529dba5700b24b20ed04b1ff4fee56efd2a25ff,d0d8f9fe18d9d8c8,val,train,1,1
008929,500,333,RGB,1.5015015015015014,dc675b7f67c8148d0ceae19e992f716a574d6033afac7354474339f5db9375d9,c21b0d343c2c8719,train,train,2,1
008930,375,500,RGB,0.75,b616cba1efcf040b6eea04d6fe9c4cef493377d55a1a0f17a64b6536c49d4caf,004d2c64e67284a5,train,train,1,1
008931,500,374,RGB,1.3368983957219251,c11015e0ba95f74a92c15f8dd269421d18923e85d6b0f9beb0bf6d72694241a9,86ca8ac468a4e484,val,train,8,7
008932,500,375,RGB,1.3333333333333333,9f25159b85901f955bde7b21591798d5775a1e68cffe87f01984ffa23f858ca4,f0f0f0ecc0c2d4b4,train,train,5,5
008933,375,500,RGB,0.75,acc9e59ea5df54311d3307cef54257d7682897ccfd78e31a2e6f65a96a17ef6b,b6367c7c94b175e1,train,train,3,3
008936,500,375,RGB,1.3333333333333333,a6605ea80743db7ca97589d2ca9607ca1142901097827074b1f9247e2df43ec3,70f671d0901c3438,train,train,13,5
008939,500,375,RGB,1.3333333333333333,ab2c0c235f4c4c12b561b0885f1b66ee225f67514e93eccd6e8eec1f32e4b52e,bc1e179393938393,train,train,1,1
008940,500,338,RGB,1.4792899408284024,cd01a727cd8a24764049937130416deceb132cb012c65f276042d665fa0713f4,aece5a6ccc9e8e26,val,train,1,1
008942,500,375,RGB,1.3333333333333333,2e0d48b3e338e69daa86d39d2d595823b09ab3b54f2ef465f500d1aa16fc1c7b,02187cfcdc997870,val,train,9,8
008943,500,375,RGB,1.3333333333333333,c3a199215860673ac948e5a0692430a872405e7fd001177f7e318c31e034c67a,59d1949c9b99d8eb,val,train,15,10
008944,444,500,RGB,0.888,56906ab39dec0b8c203fd8144f997ae7ca45f2cf684d050fc3709a1098b2f878,60c4bd2332969a92,train,train,1,1
008948,500,375,RGB,1.3333333333333333,3d54aba64010034e91e7372bb0e0b8e185a8fc81630c03e4926e3cf8a9ad77ec,b838b4a5f4646d49,train,train,3,3
008951,375,500,RGB,0.75,22a4e6d0c759e6705b3545792986d614dd24ac8b6c9566790ebd827c2b348114,c0e0c0f8e0c1e138,val,train,1,1
008953,332,500,RGB,0.664,b9f7d62a5f6c3b0a9e2236a12b06aa627c4151581814bf05654133c2b1131f1c,6c58988e9cc7c330,val,val,2,2
008955,375,500,RGB,0.75,7ef49fa15b20ac59659309ae19dc8d6ddf9a0892a867cd18603f406afd5db7cf,f4e0c1879783315c,val,train,1,1
008958,500,375,RGB,1.3333333333333333,aedd241d03a770d39d75e93bc323dbeb9152ace5980c35103f3b4cce44bfd031,f8381c7e7e3c2d0b,train,val,1,1
008960,500,327,RGB,1.529051987767584,64469117af9bb866a5db998df777d31150be4700e5555bc577706ffc62491572,ccc2e3f0f0c3f0d8,train,train,5,2
008961,500,407,RGB,1.2285012285012284,a8d10d949631cd4b708653aaf2786080c28c461580f16f26d28f471c2a5378c5,1b32729383934706,train,train,6,4
008962,500,375,RGB,1.3333333333333333,e3f1970d50a0d8d550949ed04011e8615527bbe5330f1c0f553502dd408b0173,34a9e1c9f0031b33,train,train,1,1
008965,500,333,RGB,1.5015015015015014,156c16912f291cb3b5bc6e308fbb92809af464fd5595616e374a03f9459e1a93,b393b232d89075d1,val,train,1,1
008966,500,375,RGB,1.3333333333333333,43d1821749c40f95a0ea4235df501ee321819ce1108ad229db820c3d3c9ac056,f0c149ebd4c4e1f8,train,train,2,1
008967,500,333,RGB,1.5015015015015014,a3cf2de741074a94364028f18b2d27ead325f211550b05be00643b109d65580e,e5e56767676797f6,train,val,4,4
008968,500,375,RGB,1.3333333333333333,3758408b7bcf332b7fa6af549b1091ba9e067b2663bd17fe6a3787880513ddd6,04f2330f2d33390f,train,train,1,1
008969,500,375,RGB,1.3333333333333333,7912cc4abc5e73691963acc3a6c8dbf1d19979c75f83239f2b119c5beb6cfec5,c9c5ecfb98ed7cf3,train,train,3,2
008970,500,334,RGB,1.4970059880239521,481ea649016d610f8bcdd8329d97a22897d561442559d5c362e969de4fb48deb,9012521331191930,train,train,2,2
008971,500,294,RGB,1.7006802721088434,2f57726e34647aa7e4329e2fc05b0935b91f6b1f888539df77e70060c3261100,d8a5f67397a46890,train,train,1,1
008973,500,333,RGB,1.5015015015015014,fc398f439aeccdba5fbacc2b43c1bf4c89848c1ec5767e7c32c05423f8cd32f2,f6ec43535b9361cc,train,train,1,1
008975,500,375,RGB,1.3333333333333333,33fc6365c95c352740029540e3457f69da205c3a310e8f25a6e159c286ad120b,dc3c3c6d6c5d4fce,train,val,3,3
008976,500,375,RGB,1.3333333333333333,ac7155512094c36dd1eba31141639aeb3923399930df55a35deed0b79df5808f,01821210cf0d1d59,val,val,2,1
008978,500,375,RGB,1.3333333333333333,0c62c55ddf40d5a25c4d9eea8acbb9ef0629797d141a93afdbdac3c06658d0e8,8283938c988c8483,train,train,1,1
008979,500,384,RGB,1.3020833333333333,d959b0f5a3f2fe2ff3600f5439b8f082de4c79dba403235154d3ec8a45ff1472,8c1f712b9f1b1919,train,train,2,2
008980,459,500,RGB,0.918,e0774f60ba0f45df16ae3f77e4e368d767e2592f8396fc835a56cb8acc10f9b9,bc743517d839fbfc,train,train,1,1
008982,500,375,RGB,1.3333333333333333,1469b58711015c21c74cd12b798bfa233af4cddf10371226ba0186a1f3356068,e0e3c3839292e0fa,val,val,2,2
008983,500,203,RGB,2.4630541871921183,22bfd18715d7f6a9414e74bd4c801a59666c8fc760e914f17bcaf0bb141fb9c2,b9a9edcec6f17172,val,val,8,6
008985,375,500,RGB,0.75,c5c70673fe8ecce77d9cfc7a363b0cb71be0c9fd43e0e5c64a9d94edc7ce8c2d,e2c891c1e0e0c1c1,train,train,1,1
008987,500,333,RGB,1.5015015015015014,795d85aea64282a48657769a565af183500ab172d7448e1d5709623174a124ee,0dacacad89393737,train,train,3,3
008988,500,375,RGB,1.3333333333333333,49f9cfcc5d306676759e1a83f282263389d17bf42dfc3855247c7a7e41cf295c,3004f0feee0b7fff,train,val,1,1
008989,500,375,RGB,1.3333333333333333,195900a4d25726c6d50ff6ce3c0e705aa4c5bdf7da54b418783f178a4204f7af,cdcedbe8e2d2e068,train,train,9,3
008995,156,500,RGB,0.312,007ac13788a3b0837d8523e988d2b3be0b0f535eedc1f348130cb25d5e17421e,f0cc8ece86829390,train,val,1,1
008997,500,445,RGB,1.1235955056179776,098189bfc9b31e63d0055e956a8128598e3317410fc115a7d5e571584e7547aa,00009f99399c1c5e,val,val,11,4
008999,500,375,RGB,1.3333333333333333,96f451c8515fe981ac3bbd1e4736550d2a457e9b6f5fd60f6410e7ef0e4a5759,f0f0e8f074309c99,train,val,7,5
009000,500,375,RGB,1.3333333333333333,91361e37b15396efe012eee9bc983b056aa62d9e3fca6ec71d8e1d42cdb23dd3,606400c0c9e1f2c0,train,val,5,4
009002,500,269,RGB,1.858736059479554,087cf69eb857779c9b8aebc4077d7ec2e271f2d9c15b1760841f5f60add70dee,c171c0f8dcf5faf0,val,train,1,1
009004,500,334,RGB,1.4970059880239521,f14ab62e649cf66f476048ba6397cf9fc2f0ea6095a01f3835f1320aefe4b513,60e9b1d88989f3f3,train,train,4,2
009005,500,375,RGB,1.3333333333333333,e9e65cfff4146c7cf54fd0836dcd689d6d49f36610f523fe8dceee4d3803c22d,3c3902060626a4d6,train,train,10,9
009006,500,334,RGB,1.4970059880239521,9e51790ddd1e82aaa8aaa9ecd1ab9f5b30f6b82785a270db0354880726da910e,e8f8f8b8f4f8f8b0,val,train,4,3
009007,500,403,RGB,1.2406947890818858,712d09f7d9c7d331fd01e223cae838dcf7840e6bb6d0d3dda1b0afd6158d5745,c46d6d63cb8b5efc,val,train,1,1
009015,500,333,RGB,1.5015015015015014,c75d411ca933b3e774e767eff5ddecf2d24c956fcaf1344f584025cc15b3557e,23a3a3b1e3e3838d,val,train,6,5
009016,375,500,RGB,0.75,7e3759b47bc65f02762ccf53a265fc63fad116f25fe063ca684ad81e8513fa05,b8c0e0638ccccce1,train,train,1,1
009018,500,375,RGB,1.3333333333333333,005e03f74c1fd731191588e82cbfe9d3bab8605233222137dba27a21fee29710,c2e6270e061ef0dc,train,val,1,1
009019,500,333,RGB,1.5015015015015014,d38c5d984a63bb31e35f6f4bd94fbe1b9ef00473d7d36751597d436db5bf457b,f0e080c8ebd2e0e0,val,train,2,1
009020,500,332,RGB,1.5060240963855422,7f5343839db8bd271f749aa18832f785dde2b37abad16c3b0620a23df7fc00e6,6a6850180baa8284,train,val,2,2
009022,500,375,RGB,1.3333333333333333,8a937e62f9fdc73f15900f147e4b57ed537a44f5b6148245280ad430fc82f8bd,f0f2f2c29a9899b9,val,train,2,2
009024,332,500,RGB,0.664,9d670686c25ff7265ba1658468f0ec29466a8b208b1ac4253f53c38db4a0d6b2,e0b3b4b463c36be0,val,train,2,2
009027,500,375,RGB,1.3333333333333333,ba2b99da2fec1c29f103656c69df53efe7db0a146d49cc7119501ab80bcbbffd,f0f0dc8c9c8e94f8,train,train,1,1
009029,333,500,RGB,0.666,bd77cab374ca3c5f7d743ee1ab387e00dc8fe5fe90793e01d4e90fd706acde46,88c4c5c29844a1ca,train,train,1,1
009032,500,375,RGB,1.3333333333333333,2fef053bfabb4cd75ba3e37d17adac20d92734919416d041235c0c57a117bd58,968ad8c9cdf1c3e3,train,val,3,3
009034,500,375,RGB,1.3333333333333333,200e1a9478ddb5653a68e28ce5df0c6c2d735ad85b3cda4e85f7f3beb2f1f137,505a952c4e242d8e,val,train,15,13
009035,333,500,RGB,0.666,ec6530a60377ccc9677f63bbce922cb4a4a5800c4ed20a63bd2b896387df919b,fbdfdbdb3efaf7ff,val,train,1,1
009036,500,405,RGB,1.2345679012345678,53f15a8b0ca25e7f3d6341cf975bc9b063e55fae7e2b0b877f2dbfb2e3057895,0b13539a8980f2f3,train,train,6,4
009037,500,375,RGB,1.3333333333333333,cfa1d67783906900c771f4feea06ef91748d1f1468a9280896a5dfae803e204e,e01c9fdfc8c180e0,val,train,1,1
009039,500,375,RGB,1.3333333333333333,4733404934564468883b2d65ac75f773c87ca2e22d2d7d56f44335a3719e88cb,c0d0c04040c1c804,val,train,2,1
009042,500,334,RGB,1.4970059880239521,67b366bca662d8561d1fe796b9cdba9a7522e24d4929747bf17eb384ca89107f,9bdb0c0e33c74ac7,train,val,1,1
009045,500,375,RGB,1.3333333333333333,257e455883a44f6a4f59612e58a29587e93ab5c6b38c72dcab9e73e9bcf63713,50583123f4f2fb7e,train,train,8,8
009048,375,500,RGB,0.75,d6194d8a9a02d8cd90d0a931306c55d4195139cc8cd6a9401aabe38d778c6eb2,bd3c3d4dd1cd6d7c,val,val,2,2
009049,500,349,RGB,1.4326647564469914,66467e12388877d855d39474312f8c00723547d9c007ce68b8a8b1e4b64efbca,ab9497b39b0f3636,train,val,4,4
009051,500,375,RGB,1.3333333333333333,a1ffa1596ca374f9ec1a19b144210c747b51a47170d94df2a1f94520561a7346,f8b8a8f1cef6331f,val,val,6,4
009053,500,375,RGB,1.3333333333333333,5101f6530b36c5b801cf914ba2401be945c7f065340b6d910e73d78d9d5b4fef,66382ce4713278e0,val,train,1,1
009058,500,375,RGB,1.3333333333333333,4e3ac408d713dd2daa059d3db84b48c7717a6669511631278e8cb21af17bd9b9,e9fcea35d31e3df3,train,val,1,1
009059,500,375,RGB,1.3333333333333333,736fadf5a9de7dc92af19e794e487ed7b02245ef7cf31b127b2f315c2d506d90,f672d3c3f26040c0,train,train,1,1
009060,500,333,RGB,1.5015015015015014,20edc6d62d6da6e9e65a4e6af9e7b6aba817a7a3b40822e2f51b379197efe9a2,bc21e3c347366585,val,train,2,2
009063,500,334,RGB,1.4970059880239521,ecaa6bcee20292d5cc1f83e9e4c592cda9e4cfccbf40ede6835d101be535f311,f0e0d03666dcc3e0,train,train,2,2
009064,500,375,RGB,1.3333333333333333,3e6bc02ca1618b0be133da345aa45ef8db6752a4da3af2379fd5715d65b47d9c,86ce8e27a3971f1e,val,train,9,9
009066,500,351,RGB,1.4245014245014245,ab5e3ce88759ebd8893b5c75a9fdd614129edb879ead2a40f7638425710aa6f9,4b4b3b9b87871b13,train,train,1,1
009068,500,375,RGB,1.3333333333333333,e1a03466199cd96a9560302535dd1673feb400df59ad9cba8a86780db928b9dd,f8ecac4daeac18e9,train,train,6,5
009072,375,500,RGB,0.75,2da3aa8da1a27505234829df277f15be744ddc6cf4f3eb043f93fadec5bd32ef,8fcf8f7f9946764f,val,train,1,1
009073,500,375,RGB,1.3333333333333333,78b78ae662e1110096e92a3d44c5d3fe36ed53968ef4262f574663852d48e974,75e6c764ecc8e6e0,train,train,11,10
009078,500,368,RGB,1.358695652173913,032db93fa7e4fe75a13b75a9fe3cee9aaf90162f98b243ba281c051e695c9f0b,fb3e224990597184,train,train,4,4
009079,500,375,RGB,1.3333333333333333,bf2ae303715b5e2ca61ae5f9dfbbb4e45a09b4d986dce9af55d4405f0313915c,c8c9f9e860590d81,val,val,4,3
009080,500,375,RGB,1.3333333333333333,831f98c02fda7f9f863143aae7966f4a4da7a2230434e639d8fc0c2bd00c829c,a0d0d0d4042caccc,train,train,2,1
009085,500,333,RGB,1.5015015015015014,d156d2a4d68bf6af4329389ee884df10cd26ce5b00440a15592d8ff3c22d1a38,0080413e686cf045,val,train,6,3
009086,500,281,RGB,1.7793594306049823,023a4d94903600e0b2fc1bd3b47ced5c5aed0d34903a70746446f06020bc4eff,076676667676772d,train,train,1,1
009087,500,375,RGB,1.3333333333333333,726e95a6d493a548262bd3d260d3e6eceea15ceaa8ac2dbe5d52c01ed538a1aa,684d5d55697b5959,val,train,8,7
009089,375,500,RGB,0.75,9dfb8ceb525ce95df037d0fa744fca44a1ae18f06a2ea8d29606dfaaeeefe707,a699b97131b10ea6,val,train,1,1
009091,500,375,RGB,1.3333333333333333,19fd100c4c474daf634afa940f76b33b2430b4e0023f356b72953c26f990d443,3dade6e3ebcad289,val,train,11,7
009094,500,375,RGB,1.3333333333333333,4be9f6c8b5907a78f4a61319fd745a067060269cde10f307696264bb801f73c8,c9c8c909a965c99b,val,train,1,1
009098,418,500,RGB,0.836,17298933249fbe3d17c5badb204b1530bd02bc6e45810b11d21c99834c60e312,1b9bdb1b8f76d2d3,train,train,2,2
009099,500,375,RGB,1.3333333333333333,31542b4dd71f2d349bb3e523b3975f519b3ad92f2e7b096b353f05fa999e3c59,331c2454d4b2d8e8,train,val,1,1
009100,500,363,RGB,1.3774104683195592,524992899a092a340a37203438a5bbb5aa31f9bd1cff18c9cc493cd1506abd05,c8e5e5e4e2e7e4d0,train,train,1,1
009105,500,375,RGB,1.3333333333333333,36a21faaabf32be190a7bb1215c16497d1d3a0c4735c3c3a4f8577708d77e179,b4f0817f601012c0,val,train,1,1
009106,500,375,RGB,1.3333333333333333,9cd3193c8d600a917de9fe0c6861bc8255d7cba1a9f077d9e0fd5f6f3189b48c,e8e8b5e2604957b0,train,val,1,1
009108,500,376,RGB,1.3297872340425532,2dc25987e4a5d6b3aa6c174f2a27bbb71f081424e6195936efe1196d1a14be2e,e8e8b2b2ecece894,train,val,2,2
009112,375,500,RGB,0.75,69d1d6c1637bbfc9ad7b79199541ed2fdd139deb05e5e1902bd5552cf73c41f5,f2891d36aad2d4b4,val,train,1,1
009113,500,375,RGB,1.3333333333333333,c5175362f83a458430dd492191afc645be86b8e0e865feff0f12e08ceb732d0c,e0f0101a18089898,val,train,7,3
009114,320,212,RGB,1.509433962264151,958f3868acd6f0549d83821488ec82d0c1e001738d32930808c7e263557de47e,3277e3099d929ecc,train,train,2,2
009116,500,375,RGB,1.3333333333333333,199c2633e81e62c14b3ec0c9b27fc12086ff5e52102fb6f2367f008183d88976,66cce0c380c86e87,val,train,1,1
009117,500,375,RGB,1.3333333333333333,1b85efc3a729f7b2d5ab011cb0abd9ba0cd11bd096a3e6e08febe1abaaffb566,3bb1fd3e961babe6,train,train,1,1
009121,500,333,RGB,1.5015015015015014,d3d2b68756359d3b9b41bc7124960c124360e3d2bd6077fce9e797286dda503b,1196a2a0309c0c20,train,val,8,8
009123,500,375,RGB,1.3333333333333333,a9a0296ae87e680d3a48005ac6339c826a607c0eb8c5530e7251b111c706bcb5,b1f1aca4d4740ccc,train,val,11,10
009126,500,375,RGB,1.3333333333333333,c84b857f846e83f494a7fcd976b60b22b8168de3a8d1d05baf0b72027fae0adf,f8ec62786a07c0c0,val,train,1,1
009128,304,420,RGB,0.7238095238095238,0cdac95ff2893a572fea583eeb64e93835c87866b1e437abae5d85ea9527af9a,6466e8c081913d0c,val,train,1,1
009129,500,333,RGB,1.5015015015015014,e04b1087946194c49bee5aa2a2bc2fe1ba9cfdc7823143c2d5079ee824b2dc1e,ecc687078997ccd9,val,train,1,1
009131,500,375,RGB,1.3333333333333333,908c4bb07f8e615d209b90bec42041c95a283b3accf1fb8be120d28ee400bb7e,ddf673c1f86ccbbb,val,train,1,1
009133,500,333,RGB,1.5015015015015014,57469135f1dcd3adb429d851fd2ba96dd76c33f98184a6d85592f3ab8e2eb860,b1b13232b0b2e0e5,val,train,1,1
009136,500,375,RGB,1.3333333333333333,3d715e71dd1a7e2d54c637c27a79e47f5bffbf84961c96b25ad2c052f1dee093,d898f0f080a0c4e4,train,train,3,1
009138,500,375,RGB,1.3333333333333333,036467752724cba0f6733445f25cb1df6a6db0df935d3e78bf3ebfd2e0d177b4,6666e7e1e1e1c56f,val,val,1,1
009141,500,375,RGB,1.3333333333333333,592d721557cfc2bdf01dcbea22def98b76fcb79428965aa98629da5d28ab06c3,004025266fcf0e8c,val,train,6,6
009144,500,357,RGB,1.4005602240896358,50425ac9aa81a2624bab3a8b77ec866629029f99a8a1abeb9a846147c4f1dd54,f21d87e6440c48c1,train,train,1,1
009147,500,352,RGB,1.4204545454545454,a473f557fd6f8fe44afd35bba4e97920a61267e67294c145ad6200c3a316c624,f167e1d0f4b6eef1,val,train,1,1
009148,369,276,RGB,1.3369565217391304,31dc1cf0d0d5beb5c490a66722893b2d55ebea35cc0c99a535884f474d5d9614,774c09189cb198da,train,train,2,2
009150,375,500,RGB,0.75,0eb901563aa7d9b565162b2018597d7d8fdd4b4ddf5fbe682f2177798e579497,db8d171b5a160c4c,val,train,1,1
009151,500,375,RGB,1.3333333333333333,252932ab18e10ccbd54ca79a29898c64f42caa18c418165b61cc667cf0cdae2d,a0b0a6a6de9b9973,val,train,4,1
009153,375,500,RGB,0.75,cc8f8fd90da225aa3629c102035fc89376d296deaa7e5c4520e00b0756e6da0c,fcc1d3f9ecf070f8,train,train,1,1
009155,500,374,RGB,1.3368983957219251,d64bdd88a675246d5a01e99ac1af6913100baced3cc94f140172e1d98fec9d90,97a7a626388ce6d8,val,train,1,1
009157,500,375,RGB,1.3333333333333333,c54a94c8171c4a200f5ced62acc621a2d833992e8c6cefc168889396e9c7b4a3,d2d07270748c8cd0,val,train,4,1
009159,500,375,RGB,1.3333333333333333,4da64d071bacdd5ff1a991dd145f2a4a1ee9c655b73af5b783bb4585144c5002,fc82120606b83d43,val,train,1,1
009160,500,333,RGB,1.5015015015015014,4c77f4019183dd70a5868be25b19510eb19848db070c7f276d8b7dc29285285b,808b320684c632d2,train,val,2,2
009161,500,379,RGB,1.3192612137203166,488bd3a38233ba84cb620c8829ca2e1f5665d36412034ea2e7631198af349b7b,e0c071f98b7366e4,train,train,5,4
009162,500,386,RGB,1.2953367875647668,993751fc042b124c9ca76230c4be99d6159c41a0e1948444985f8d536b0b076f,98d0d0c8c879e384,val,val,1,1
009163,500,320,RGB,1.5625,9858e43dd32674a941b693a79ed9d07dc57225de9f71f96f4da2a62cdbda5de0,f061c1b16240c0a0,val,train,4,3
009166,500,286,RGB,1.7482517482517483,c7f89c9f3060f468b844cc0324ba10b060c3296266eef5673b31139bf5b6f33a,284959296b6a72d2,train,val,1,1
009168,500,333,RGB,1.5015015015015014,2b6505b472168cdbb5e335d88eab5f032e77a3adaeb005eb56e93b30f707217d,0c9cb41606ce0e2e,val,train,1,1
009173,375,500,RGB,0.75,65edc3716fa986eae5b489dc6f73c778b488233e47ce54144d1d843ec5d57e05,1e609889e16498e9,train,train,1,1
009174,500,375,RGB,1.3333333333333333,38cd68b670c6326b6c469154f91d4680186adfd796aeb0f286abb9980ba47138,73d305e871cccef0,val,train,9,3
009175,500,375,RGB,1.3333333333333333,f703bcb13b0bcc781dd1f9c2230c8268a9221622cfa3be6ba57d6b546b09bbb1,f2ce5ab6ae9b93b2,train,train,2,2
009177,500,375,RGB,1.3333333333333333,37d742346eb71a40d55d2c485127d2cedcd295d0bb23437e0c4433ec072a4207,d4fcfef8c2da79ee,val,train,4,1
009178,500,333,RGB,1.5015015015015014,93d41783fcce53df0b0b0e6bdea954c48ffbe238a533afa42324d025b46f0a3d,f0f07c77e62b09c1,val,train,1,1
009179,500,375,RGB,1.3333333333333333,cf66c88ed482c5c17314cecd5906fbccc0127948f584d4e30f807345491ddf55,fcfcbc1c5ed03cac,val,val,4,1
009180,500,333,RGB,1.5015015015015014,9f16cbfac33ff56116e94d7866638dd080fbc28a65cb912691c9085d9ce955a5,bfdbca8aeaf5b431,val,train,5,5
009181,333,500,RGB,0.666,d064cde4f330778d4ac2705badc156d964213f1d5661cea294c16012a9bda37f,8052061c0c082c37,train,train,1,1
009184,500,334,RGB,1.4970059880239521,fcfeeb6c0d991553fe19f6b5426f29f3503b0e3e72c31581b9f2ad4b417470e9,93da5b6bce94d4e4,train,train,3,2
009185,500,411,RGB,1.2165450121654502,02a561613f2ecaa029607a49d6e6e029af0d4decb6621d72e4d431fcc7e92af1,809a909090d0b0d8,train,val,1,1
009186,500,375,RGB,1.3333333333333333,0ec2f71c40749ac170b37bd354136f9898722dfcd828c84368e0b993c08a9bf5,a1d94c4f134607de,val,train,2,2
009187,500,335,RGB,1.492537313432836,eac2ec70fb8b213b5776e03c4de5fe440053d41d85d46dd76717bd0943a374f7,9915454d8b661f3e,val,val,1,1
009189,500,378,RGB,1.3227513227513228,5ce569ebe78b01b0375839e2664f0cd471e4caf001bafd5f3ca9cd34ab4f883b,08786e68381018d0,val,train,6,5
009191,500,348,RGB,1.4367816091954022,08ddf99a2914c1ee4c874724739b69f3ae0817afd990d6910e7afd6cdc1c0b0e,e053c22a3a520e29,train,val,1,1
009192,500,375,RGB,1.3333333333333333,deaa32a4ae5e940a7384715ea6b60e8b16e0efe19a3667b10220af0bff601195,4263e373d3f3b383,val,train,1,1
009193,500,375,RGB,1.3333333333333333,1fe2c1027b6511874188eff4ef64c598fb07df1742902ad2fd383cdbe260a75e,97b5bdb9d1b178b8,val,train,4,4
009194,500,375,RGB,1.3333333333333333,106ac2fc510f81c68bd4e95b9845f75e72404d185a6620fe46d32dbf0542bdb4,a4caae090b0b0f23,val,val,1,1
009195,377,500,RGB,0.754,aa2e09535a61e32764f1a44ffce9d38ce8ca260e0b8f7bc2a97e11551c552c67,65676559594b4b55,val,val,1,1
009196,500,375,RGB,1.3333333333333333,02aa84c25ccc0e6a84a864a10c1e109a427c73324048b958312dbec0d91051ef,e0d2e0f8801148cc,train,train,1,1
009197,500,376,RGB,1.3297872340425532,89ab7554c1702ea18730a3a46bb9443b4c013b3210762ed38e2a04aae4bba5dc,b1d9d930233bfaf8,train,val,3,3
009200,500,375,RGB,1.3333333333333333,e10481c2d623a4f8711b7d789a1fa58df0dc491346bf61942af76e23880cf345,f9f9f8b0376de6b6,train,train,4,3
009202,460,480,RGB,0.9583333333333334,59399d55ac08a375979dd397769d090bef7c42ce5c6264acaf24b6a8382350df,58cc0d0cc743a462,val,train,2,2
009205,500,334,RGB,1.4970059880239521,5c886e3e7cacbde803bc7bf21c3a95c6c042dccf9305bd66326acc4779e5a0a7,09b49f033dddcfde,train,train,3,2
009208,500,333,RGB,1.5015015015015014,89ad15b4d2605cdee11c0ff1b4667575b130366772eac724c1794d9b35f40be0,a79bcbcdec65e8e6,train,train,2,2
009209,500,375,RGB,1.3333333333333333,d5ed3a408a4756600ea09690f718354fdf24535a0f4b27130373c42e6ca452ef,d95996989b220402,train,train,2,2
009212,333,500,RGB,0.666,e32ceed36d49814dc706e89d02e1fdb0c3f533e0c8f3de0a0aea4df9c00552a3,b9f97873e35e361e,val,train,1,1
009213,500,375,RGB,1.3333333333333333,9a57140661436aac74ecc19747ff95802e0d11a1a72e16ece7efc1a75315e479,cd2cd4d5d4c27799,val,val,1,1
009214,500,375,RGB,1.3333333333333333,876dc14ff169b19f2460188c9d363bebc4df30b382c51d51d3d10949a22a1ea8,024dcecc6c9e97c7,train,train,11,9
009215,500,375,RGB,1.3333333333333333,d43a0bf7a98f01c26351b353cb2ed07880267d5ba1dd84c01fcf77c5b5ebd179,191b1d31b1b13039,train,train,2,2
009218,375,500,RGB,0.75,a264825a4d26c8f398ca6b494d150dd261492385681d2fb09a54c6a6187c82cb,19dc9b3b6d7ef352,train,train,1,1
009221,500,333,RGB,1.5015015015015014,f9b83b59e9414b382f552560da83b81315a25b8684d273641e9089e98580a1d8,e5e48b0f17969a88,val,train,1,1
009224,375,500,RGB,0.75,41552322a68c26997c05b32536b4faf263fef8b68db4b7ebb49e4d787eedae75,cececeb7bec9078c,val,train,5,5
009227,500,333,RGB,1.5015015015015014,f632855cbe4dc134c05c65994f280aa411a218fc1f1ef7bc4b3c7dce19beaf42,c040c45030b3a032,train,val,4,4
009230,500,375,RGB,1.3333333333333333,5c728c4d834f20fe79a040be26787fdaa02efc385837a933041a80f3ddef3439,62454c2fb66f1cda,train,train,2,2
009236,480,318,RGB,1.509433962264151,a3f92093a3cd4578a70d0a8fbb3ea35b03f4f1ea47d6c351389a10455a10deb5,7ccece6e4e96f4e0,val,train,2,2
009238,500,333,RGB,1.5015015015015014,c8ff132109c60c7070153ec2c3aa15699f515610a5cc8c3e536e85630026a7dd,3139686066e6dce8,train,train,2,2
009239,500,333,RGB,1.5015015015015014,46c1dbc5bacedf672d70043a5eb5aed5147d981a676ec8aa7246b3f201bc5a75,3939abe6929626a6,val,train,3,3
009242,500,375,RGB,1.3333333333333333,0fc1962a186142710854c72a3da1526d93a6d87b17496fca052ca1a46bff82b8,32aa861b59c82c33,train,train,5,5
009244,500,375,RGB,1.3333333333333333,13da93a343f241bf6bb080526dd66adb8a78fd3d8eed6a35465e2cd402b03189,86872f2f2707af8e,val,train,1,1
009245,500,375,RGB,1.3333333333333333,87ca8be57ac95b04d5f84209a4880837b4ce2f16643dbbb7113fc4c1f2acd640,3080244a4baaa452,train,train,2,2
009246,461,500,RGB,0.922,c1d5c61b46aa579e538b2811fe04b57e6348e86634070c928a5a406b2a6be25b,6a0e24c88d268606,val,train,1,1
009247,500,333,RGB,1.5015015015015014,89b61074ae92ad4ee72626d195ae447dbc9ba564085cca6a3cca10822759c0b7,62622a28ec7262f0,val,train,5,1
009249,500,375,RGB,1.3333333333333333,2ebddd355da146602528fa57138eae9daf54b14412a4a9ee1661c037de805edf,61f1716dac9624d8,val,train,3,3
009250,375,500,RGB,0.75,a811876b6cbe00e01cc16f4e69b0a19026eda76371c4816be7adae36d155d4ae,a1eb469d2d6cd8b0,val,train,1,1
009251,500,333,RGB,1.5015015015015014,a64f7e37be2f7b006bf50d842b9deee63dca19c34673dbe1fee3c3c61f4cf398,a60c4ccc8c4f2ce8,train,train,2,2
009252,500,369,RGB,1.3550135501355014,1651d83fedb118c3071d19a0f552194db6eeccdea95df2cd1a8c9353dad3aa34,ec68e9aca852637c,train,train,4,2
009254,500,333,RGB,1.5015015015015014,b0b4187effa7813f4c5db418508b91c17aa5b53efc9f3274a72786b644370254,039c0ccccd8d26c8,val,val,4,3
009255,257,200,RGB,1.285,3d47d42379d42c856a2ef839d217e3b0c795a66502cb2d9e59df116fd67363f2,2466b393d3e2e2a7,train,train,1,1
009259,500,333,RGB,1.5015015015015014,a6c274ae72d56bfeab7018565e699a09c11866f6c2bb75378d3f76c96f8cfd8d,cd699595cfc608f8,train,train,2,2
009268,375,500,RGB,0.75,3868798cd9cc3632bff2df7d0a4792a8a1a164b63daf97e0a321ab66dce19946,223a13d199603162,val,train,1,1
009269,500,496,RGB,1.0080645161290323,101c228e3cf8d668ae531063231c374288aa90cfa2f0bf9d5096cc6ea7632b3f,0c120c071f180218,train,train,1,1
009270,500,335,RGB,1.492537313432836,96410d02231bbcce6471c4ed7c0f8be81075d1e338a022ec31b696b55971b82e,85972f4f8383a5a7,train,train,1,1
009271,500,375,RGB,1.3333333333333333,06330d5b612049f527e3bf27e9dd8402b596fba8d45a387aa8d30395cb06ed47,38387b993ccceb73,train,train,2,2
009272,500,333,RGB,1.5015015015015014,f211ae51ebb962037aa7c0261dcd3686b63508bac44c90bc9c888cf9539a0066,f0d0606c1bc8f0f8,train,train,1,1
009273,500,375,RGB,1.3333333333333333,18e71ffdfadc8a55ac42af1ffc534feea5e44f16d9e67b762dd8275148763168,3c7c76f6e6fe7979,val,train,6,4
009278,500,375,RGB,1.3333333333333333,aa94d7b4e65a32ab4a3e4b7d6776d52fdca4dbffc3311efceda3c92a55b41fb1,3223434b8f9b03e0,val,train,1,1
009279,500,426,RGB,1.1737089201877935,04a013bfa7386693ef85f6c0b1220d665f9aabb5da5b70b19f0a5a45038aed7a,ecc6170e00781938,val,train,4,4
009281,500,375,RGB,1.3333333333333333,ce3287607bb0db50fbef7fe4b16ab96a3e6ee899f0ba4afac9fba2ee8ff39abb,60603021646cbeae,val,train,1,1
009282,456,342,RGB,1.3333333333333333,c66e3d9a20c0882be5a4d05a7ef21b1fa681026d60281f60ebca3c5a88fed6dd,be6563c49c3a074b,val,train,1,1
009283,500,375,RGB,1.3333333333333333,4045517470e0b2dae5e581d00bb88acbbdab1c7ec119bc01faa900d5cebe8dbf,4292909c0727e7de,train,train,7,5
009285,500,375,RGB,1.3333333333333333,94c1f5fe3d9f03e1698d6dfcf53fd90e00842b4df15377b3def8a455d35adcb5,4c9cf0e2cc1c76e2,train,train,1,1
009286,500,332,RGB,1.5060240963855422,757f4b6d4399bf3b69a0d2fb98c98960d5fd4446768b0aea04e8241a68f06ad7,4b6aae8ffbd3d3f3,val,val,8,5
009287,500,333,RGB,1.5015015015015014,fea34de13451edbdefcd599afc12b9e6ae67efc2e55a0fab6a721e7b24b1ba7b,3010170f12f0c1f8,train,val,5,5
009288,213,319,RGB,0.6677115987460815,620406ee5f5242171dac809ee5f8ceb939d24898cb80acc4004ad947fb8d1a71,f6c6971f9c983030,train,train,2,2
009289,500,333,RGB,1.5015015015015014,9b3a4f42962a306d11ea942640073fba731eedde1a299510e28bc09c9881c871,ce8e27233333304c,train,train,2,1
009290,500,333,RGB,1.5015015015015014,5995fa9d60d3c79fdd9ddaa71b5373a32b10678034565051e056ba0e2de7a745,80e026fcdd94b0c0,train,train,4,4
009291,375,500,RGB,0.75,f057d260db078d0bcebb133e3914bb33c78693037b45caf8f8a4bf8ae756d435,cec3e46ce8cedcba,val,train,5,5
009295,500,375,RGB,1.3333333333333333,4ae2dfba789468ce92cfd23364cf7e67f453ad4f4cea6bb2b0156af8cfec6ba1,c8e86c6cbc5c8c9c,train,train,3,3
009296,500,375,RGB,1.3333333333333333,ec90e56159578130f89d7ef6f691ed949fef4f9b3888c7e0ba08de786c338fc0,7e3eacac9c9c94b1,train,train,1,1
009299,500,333,RGB,1.5015015015015014,070c680b9b759609eccfda01bc9acc5eadcfe7063e3b65072fa5696ae2a723b7,743632f4b578d8b2,train,val,7,7
009303,500,99,RGB,5.05050505050505,39548c91912200dde686313317cbdedd1b80c7cc8254fcd3dc372e67c13ceffa,e7e5a93b6bc98968,val,val,7,5
009306,375,500,RGB,0.75,80e3d01948144f24ce83a59a0b2cd4f5b0c0da55088445030571557b00593cba,b8cc8c7ccc501984,train,train,3,2
009307,400,400,RGB,1.0,050a67e819eaa38be63b8b2cdeeb96282f68946dab389e7ebb2da6b25e29c85b,436b3638981b8764,train,train,1,1
009308,500,331,RGB,1.5105740181268883,7ca51f9d05f13b59b17aa22cb841fcf729b5a9c872df86ea136be3587e08671a,73f3b9b3b39db66e,train,val,2,1
009309,500,375,RGB,1.3333333333333333,94350eb6fb84990c8d57415e25123b99424228f089292cf6b26097cd385d911b,3921a3e9e5e67231,val,train,1,1
009312,500,375,RGB,1.3333333333333333,7f14557341773866bee5fa5b60e673fe617865d6cfec57c9cece04b793013185,df8621341c1c9ae4,val,val,2,2
009315,500,375,RGB,1.3333333333333333,294939f2acfb0aed3976f7e16f9bf853fdee7d3f01ca27ed8283840f3cccd6e7,e0f0e3a386e080c0,val,train,2,2
009316,500,375,RGB,1.3333333333333333,55aaa48ee23bb9001f6f27b9bda34376c1b71ce291ef01e047cd49eaa5443733,ccf3968e8a999294,train,train,4,4
009318,500,334,RGB,1.4970059880239521,eddb7d30520347fb1dca02c852b46b6f07781e0d3d5ee106ae22ce508b420294,e4e7a664898bc9c9,train,train,6,4
009323,500,375,RGB,1.3333333333333333,a610a423d5f85b1f296b3690c9be301e68472dcc51c6e3871bbbc23d57427983,72e5a4ccd3d1f1d1,val,val,3,3
009324,500,331,RGB,1.5105740181268883,ac44421f03bcea8a213b5cdf939fe6763bb3659adcc98123b44b6f7a2f30c96c,8ca6e4d6e6048cd9,train,train,2,2
009325,500,375,RGB,1.3333333333333333,c5e991da967fd816bfc52db98de2a93537b6cabcf1f2f05761ef2eb568e5977a,9a98960a2a0a0b8b,train,train,1,1
009326,500,333,RGB,1.5015015015015014,5fcbcd9b539813cda876e39a9eed392e0ed598e2df935005e37b3f56df6160a5,9cdb2ac86793e8d4,val,train,1,1
009327,334,500,RGB,0.668,9a384879105e3d5b0f5e07fdf51f3bfdd8ba1c7dce7f6efff5d90d42625cf065,988ec6c74e161c88,train,train,2,2
009330,500,375,RGB,1.3333333333333333,a95c984b35e5b30e872abc4fdd680f48474b2cabd4d3d09641ba9a56d6c089ba,18b13139a4b6b2b6,val,train,2,2
009331,500,375,RGB,1.3333333333333333,0ec33bbc01df461503462a282cf3fd3ef3b735001354ed6c9a207bea6774b89f,1489484457a62652,val,val,5,5
009333,500,375,RGB,1.3333333333333333,f1283c5990c254d1a27426746d98501a48e9758a31164f31e27733f7c5927fdc,4f0f63e3716b6610,train,train,4,2
009334,500,375,RGB,1.3333333333333333,242a96d42ff37438d4a591d67d8bdd2dce7a325e7e174e47e3bcea7899fd8a77,b8f083050e1b27fc,val,train,1,1
009336,500,375,RGB,1.3333333333333333,de8a69c439554bd771c5997d869eed191eefe5025389c51e58287f1cc932fbfb,b6bc0eded2b89c89,train,val,4,2
009337,500,349,RGB,1.4326647564469914,8e6fad7f757dd7f83d40fbd1a6bdd01335452b4a6f6314db866632fe669880e0,fcfcf8f0e1256c50,val,train,1,1
009339,500,375,RGB,1.3333333333333333,d671f52d8cee6d34dad58fc24a5b5a8149ebf8823a9e0e606185c879012cf63c,f6663c6c6d7c010b,train,train,2,2
009342,500,375,RGB,1.3333333333333333,86b1522623f5497cf37bb536e9dde8a5fee65a30be7ddd90d8715b74e5a619b1,6c6c665e597cb0b2,train,train,6,4
009343,500,334,RGB,1.4970059880239521,67066c843be94c0c8b5ae5f0c4a17ae0dfbec965a613f5185c77ce6f5648e47b,e4e6c6c667d3c7f4,train,val,3,2
009347,500,334,RGB,1.4970059880239521,95ee2af739eb97eb7ba06d9a4f70c98e3949ceb882cd647c91d1147e3a275388,c086c420091999bb,val,train,2,2
009348,500,375,RGB,1.3333333333333333,cf76e216dc050dce0213bbf772ac8f1d643c543fb2f9172dd8d8e48beaa641cd,f0f0f8e0cbe8f0e8,val,train,1,1
009349,375,500,RGB,0.75,ad02bcb2d579e9ccb36f604c239fe6a41d4e7eeba04227f4b4f1cc352fa4c8ee,bab6d7796766a626,val,train,6,6
009350,345,500,RGB,0.69,b220aff4853ddb32aa837d49360e98bfcd0ce67690bad6e6761c70ca34cbc5f0,2e2a0e1e7bc10d3c,val,val,1,1
009351,500,375,RGB,1.3333333333333333,95236ee1018157ef70e1debbc054b85652b4ab2b94c28814406b822cb129be0f,0404058c0c0e0848,val,train,1,1
009354,335,500,RGB,0.67,e4dfff277e9f362629b2c13ed8b154051c3137ac6cf83b049dd0d47e765484fa,5c30567a70040e4e,val,train,1,1
009358,500,375,RGB,1.3333333333333333,bbb20bf781a0e1c80fe43748c590b2591a2901abec7720f750f83a4ecf9e45d6,e8e3f060b2f17bda,train,train,4,3
009359,500,281,RGB,1.7793594306049823,b14f8151492d0eb5dbd633361cb413b7053caf06e3de1ea22de9c58573f0dfa8,c46c6c6c2d4d4b6b,train,val,2,2
009362,500,333,RGB,1.5015015015015014,1e4ec999611b7b97ac0e6496322881ea4c3d2550820ba09a921e813dd8c9283d,a498c9e848783c28,train,train,4,4
009365,500,332,RGB,1.5060240963855422,cd255ed5e56276035a9f35f36880c8bac9b692952b599bb70d312fa1b22b2eb0,8488d0ececd0e0e0,train,train,1,1
009368,500,375,RGB,1.3333333333333333,844f86cae6aed7d61619e41f157b715a9eb831b02c20560e6bfa7af930cfa3e5,b686c6b4b3b48382,val,val,16,13
009371,500,333,RGB,1.5015015015015014,450cc1c9230bd1098f2380700399b929265b4787b8b0ce4a7fc5cb4d93316147,d3f33b1e9a20dcd2,val,train,1,1
009373,500,375,RGB,1.3333333333333333,bcc8f41bf4d1e5f3dfd7a3036977c51ebccee4234a75f0edea14e443e7334341,c0252420703c75b0,val,train,2,2
009374,500,334,RGB,1.4970059880239521,af994f540fc454603b769032d7337f14d93b7c9b9ee8ca5bd90ceb15d058ca49,e9901c2430327333,val,train,2,2
009375,375,500,RGB,0.75,b1e05c530c3e897550b02b16d10c14dfc5b81b5cdb9fd866c1e2ae4c278dee7f,2020240422032120,val,val,3,2
009377,500,338,RGB,1.4792899408284024,472339f9d95dc68b2937ff6e699c3ec83483fa7c15595033533e7f85fa9bd31f,88cc4ece4e0f0706,train,train,2,2
009378,332,500,RGB,0.664,650f627d4c2e1a777f727415bd2644217d60de7332a4aa5fda175c87ff6a1446,7d3f87b3b7e73b33,val,train,1,1
009382,333,500,RGB,0.666,6174747254bd14d14fae2efe018bd43f71362be34382891583e7afc5301b87d8,30efcd6e6e77571d,val,train,3,3
009386,500,375,RGB,1.3333333333333333,8f446568f4da7ac9be75c32d0ddb53a8b911e9fd46f78926a6ce2d252efa58e4,c8c3ecd4d4c3e6cf,train,train,2,1
009388,500,375,RGB,1.3333333333333333,bb12b6dd703ae3147a38e7e708d2d19e842eb8138bb5523fda0f63980c314273,8bca1a2e33272f23,train,train,5,5
009389,500,375,RGB,1.3333333333333333,c5ce5396a66f9869e83bb1da0493790524929ede9b7442ce9af3d10b88c18ce3,9b946ef44e67594c,train,train,1,1
009392,500,331,RGB,1.5105740181268883,eb3c16c6c2bfb0d9cd6f2a2f5ce2cc39342abc64c49c53ce283220158f965fb1,d09c58d8d9d864f0,train,train,7,7
009393,500,372,RGB,1.3440860215053763,ae873a8b56c040b62e4a7f39c339b895685bb54fe72df574219dd5719a372db2,6ce2e39ab672dec9,train,train,5,4
009394,500,333,RGB,1.5015015015015014,afde4c5f5bcc41bb79d19c6b841665efb0ada46b1dac88c3fda150d7075c0eb5,f9e9ac9193d7e8f8,train,train,2,2
009398,500,333,RGB,1.5015015015015014,113511ae6d51dd79df93fa0e5bbefbf5b47d129711f0ce2d8dc85516e58d6b84,26321bb131989ecd,train,val,1,1
009401,500,375,RGB,1.3333333333333333,da493b6cc34ed4d7cee89988b00d133082eccc0a8ac4f6991f938a14438a1f19,0d874dcac6cb0242,val,train,1,1
009405,500,375,RGB,1.3333333333333333,39bcc7a05ddd69486ec9c8ca814e8ede25fdebebb5555da5358aefbe0dbd5ff8,1393d3d3c3c393a3,val,train,1,1
009406,500,283,RGB,1.7667844522968197,6dba2b7ec53dd24fad50448fd832ae281c8f4bfa04dc12b456f983ed84144078,d2c1deb861c35b3e,train,train,1,1
009407,432,480,RGB,0.9,205547b5810fd7128af9ca19aa129521a44903c21ea949871b97df89a48409fb,58cca6870e341496,train,train,2,2
009408,500,357,RGB,1.4005602240896358,6b01437ec804b0cdf24a00a854f8a6875e2ffd0d56049758f6ae21de6b9c4669,4161419979717171,val,val,1,1
009409,500,375,RGB,1.3333333333333333,1df2fd3797c928045d96b9864510a0d5e261fa33c1dc1dd2e984983f7f35e1eb,40f6c0e0e0f0f0f0,train,train,5,4
009410,500,375,RGB,1.3333333333333333,4bc7b53cfd1e25e9fe24c51fe0f123ca8a50ccfe0363264eac9781e68849def6,cfd392b2a185e4f4,train,train,2,2
009411,500,375,RGB,1.3333333333333333,6a72904d55e6d4355d4d598f9068378c141762e7708a526dcf3fe719566ce1ee,00106159e1899b96,train,train,2,2
009412,500,375,RGB,1.3333333333333333,e6f20f98df762cd72bc5c049a862a5282d2ec7792280baaaa37c9eb26d132b9c,21aca4acb8991818,val,val,3,3
009413,500,500,RGB,1.0,284b9a8a03c8771ba9f4b10fd98c79b10139a2784f63fabbc91c87c45617fe80,281e1c9999d6b821,train,train,6,4
009414,500,376,RGB,1.3297872340425532,1895916e9a75e99e261103a3f155d2305243497999583db20a02521ace09ee54,56776d4d636b7965,val,train,4,4
009417,500,375,RGB,1.3333333333333333,c9bb2da9fa6faae0bece402670f1c6cf200786c547b3d556339a7b0427cfb545,92809a781298a46a,train,train,5,5
009418,500,333,RGB,1.5015015015015014,53eb2a7a74d734f6061443ce44de788fc5c53f2e1cb84cf45a9eeb400af6873a,133214a486c29606,train,train,4,4
009419,500,333,RGB,1.5015015015015014,21510b699e4344402d7b8b81ec4229cb07b51f72d08656e4a114ba644452b47a,0824a1abb2a08000,train,train,2,2
009420,500,375,RGB,1.3333333333333333,31c659e4202a4a308362c37a40878645402c32ffa1074f93d3ccd4e31b72945f,848786060e81f1f1,train,val,8,2
009421,500,375,RGB,1.3333333333333333,fe423da2dac97121d0fcf41163fca3b0ce5aad03b0fbeec025314f258aab5c45,d8ca838888929a98,train,train,6,6
009422,500,334,RGB,1.4970059880239521,73d74b0738255b1e5326c8b73154f6426f69409ae20f5c3ddd189aaf65c4601d,bfa745450d9c6b2f,train,train,1,1
009424,500,375,RGB,1.3333333333333333,75103965a916b67f6f32b885c8933ffe34044f0816789c5acc6b929721ffacd6,1006b958f4b24c8e,train,train,2,2
009429,500,346,RGB,1.4450867052023122,b3b9787b56a8c01b5fc369b642fc1cf03bf39673d4efa02c524b11ce681a03f7,f07c54d5e8981b93,train,train,1,1
009432,500,332,RGB,1.5060240963855422,3940dd6307120b1b17f12a825a55232fc1caf65fbc72fdc7c4a1c7c923276094,62ea652e0bc9b8f1,train,train,1,1
009433,500,354,RGB,1.4124293785310735,c553ececfe8b8f2b50c99293b5e2864ffe6f20a060e3c83bd4566ba3047fc2c4,0c4861a0188ec3e0,val,val,7,6
009434,500,333,RGB,1.5015015015015014,bfa09fe0882cb475f490f98a41872c9cc98f41e1e534611387a2e2a50c6d91d0,19cb27767b36671b,train,train,5,5
009437,500,375,RGB,1.3333333333333333,70784516fc7973395ab361489723a7dfe37db89674b0eea2c6d0b966f23d0451,0c26b2515c94c6cd,val,val,4,4
009438,375,500,RGB,0.75,22a29f95148909d00147d03cda6f6b6d2a45c9ca69fee399d1f795860bcbf3b5,004a4e8ece6e6b53,val,train,1,1
009439,500,375,RGB,1.3333333333333333,a680e7617d1d086b62681e83c18b42bb1a387df4c6cf6681252c9978c64beb6e,151311116be1e464,val,train,1,1
009440,500,375,RGB,1.3333333333333333,4e492f96d12b445adfa4556520c3fe124ee1e50ebbad643f1f29bf282d852fa3,cc858b8c8e8e8a8b,val,train,2,2
009443,367,500,RGB,0.734,cff6e001fe2e1041be6c86f1d11edc0545264b26e75bcce7902465d762d49861,17aeb6b21ef8aec1,val,train,3,2
009445,500,375,RGB,1.3333333333333333,31d4ef47fbb96711679771198911d566f872eb09d228d38201080ab6d403717f,8c0c072b735b5b21,val,train,1,1
009446,500,375,RGB,1.3333333333333333,b3dc019434afa0b3684daa9c80c0c01a3b0de5d0dd4cafd685d69e8679e11ae8,7c78585c5e775719,train,val,1,1
009448,500,375,RGB,1.3333333333333333,25766c2190ceb75944e435e56855ae40874833255099c2c58649e540c19810b2,e9e8cdc9faf070f4,val,train,7,7
009454,500,375,RGB,1.3333333333333333,49db63d30133d2d2a0da9d8829f078d34b1c6cf026349ab1505cecc79706ac56,d4ec6d3d777b796f,val,train,2,2
009455,500,334,RGB,1.4970059880239521,08e1d0cf1f643dd226339013e72411dc3a2ff042231d2f52dfa6e08d622df7e4,cefc787870fdc88b,val,train,1,1
009456,500,375,RGB,1.3333333333333333,02b09a30d97c75dab8264b97e18b91dc046ccb6e38c90bb0bd6a1c0bb9f176d2,284a46b15cc5c4f0,val,train,6,3
009457,500,375,RGB,1.3333333333333333,b92a466dfadda659d6af582fd758d1793697141c5c83c3d6cbb7e38e5b555e13,ed0b0faf272f8dea,val,train,1,1
009458,473,500,RGB,0.946,218b4a48f54bfb66d5636ca8631aeddc0ccb77c88fa7b2114e79cc0a8f451be6,5a50bc5038b4372d,train,val,7,7
009459,500,353,RGB,1.4164305949008498,bd3f3da7f754c6f61604455a3efa271ecc30a3913455224e8b19227de27ba81e,74f4e6e686c2b160,val,train,1,1
009460,500,375,RGB,1.3333333333333333,5880e48d90f1162c2dddf65423c38f18f7c7448c47ac1d7f7aad9149b3c47703,f0d89998b9f9c9d8,train,train,2,2
009461,500,375,RGB,1.3333333333333333,4661aff969332eb47d0aef0034654b314a3346c849dac1a89bcf7c8cc152a16f,b078f0ca0c105020,val,train,2,2
009463,500,333,RGB,1.5015015015015014,3f2ca05e616df066d3abb09b630c1d325d5fd1c6f13981fd3405ac735fc30987,e0e46cc0e0f288a8,train,train,3,1
009464,500,375,RGB,1.3333333333333333,049363a86eacd3d9d80e360bbf179a4b89900539fb40d9a36587a3bb699db615,8040b0f0606665a4,val,train,1,1
009465,393,346,RGB,1.1358381502890174,59a96d331b6e2be7d4afc1b17d33cb788de7dfe846c9dff3c66da0aeec4a7ba7,d2e46663a36b6fcf,train,train,1,1
009466,500,450,RGB,1.1111111111111112,4b634eb57b2b0e16bb7a67ce0ebd682b9d1ddce10c9d2572e967d058076ddaf4,0808484d4545a3b9,train,train,1,1
009468,320,229,RGB,1.3973799126637554,30c69a79752575e91f98484dcb9a76ff279845d0d4142a1d5b082f5770826135,d6e4b1c9c6c3f9e1,val,val,2,2
009469,500,375,RGB,1.3333333333333333,9162f3ba611bebf6823dc729e6775ecd0222a722e0a6f32ce4c0401e7ac01eba,3020e4f0f1630e73,train,train,9,4
009470,500,262,RGB,1.9083969465648856,6c2b8aae9454fdc63bd75a7673665ef04b82c59eae56a7d7ec6510bf84bb5822,7c7f7990d0e8f0f8,val,val,3,3
009472,500,333,RGB,1.5015015015015014,0963d4526f86a7e09f4cde1eca4e2475078c43f0da906f724997352e32ec98fc,23c4e00453c6b8c0,val,train,1,1
009476,500,400,RGB,1.25,d1dee9afc234309454a2d6709d5303508c7bd8265e8c3c917dd3e7d4656efdb9,f0f4cbd38cae58fc,train,train,1,1
009477,332,500,RGB,0.664,a1ba2eba003f9345ef75233b18f43424ec9080a81b1d9023349110a8f0028a67,aebededfc3270098,val,train,4,4
009479,375,500,RGB,0.75,868eb2400ba20bc5eb560ecb5faa4fe6c303f926226feaf501762f4f23ef4309,c6d6f0e0c6b333d8,val,train,3,3
009480,375,500,RGB,0.75,89d0cf8169ccb1d641cc33b29748b1bd6355d484a9aec0bd3ba6e221c27d0508,1a1e8ece64f1d095,val,val,3,1
009481,500,375,RGB,1.3333333333333333,14e198cda5631948a90de31b68467a3e76849bb05190fccea3135ba4b6e5a3fa,12585057565399b0,val,train,12,10
009484,500,375,RGB,1.3333333333333333,f6d88f1f1f1433fab354c31dd9370fd4ef31c5d7429f4700859b5b166e9b02cc,3c303b99991b1e8f,val,train,3,1
009488,447,500,RGB,0.894,b6f0c4424d70c672cdb3946e826ba1dee999c5bda84d518d0a6e3679a6be08b5,e7d34125e4643633,train,train,1,1
009490,375,500,RGB,0.75,e053a540ed3693a9809816aec4af4dca495a1b39738d0af3559c8bf049007c30,84cb6e664a6e6c44,train,train,1,1
009491,500,375,RGB,1.3333333333333333,5abf79f070de24884bc8a74aa652b1d9fd637f5ff195ad1651d1b05a4747426d,9ebedede94a0f8d8,train,train,5,4
009494,500,333,RGB,1.5015015015015014,a51b8b60eb4bbf5b1081458d261c44523a9dacb3bf1d856a17727a832cf1c128,08004260a1d8da10,val,val,2,2
009496,500,333,RGB,1.5015015015015014,a76fbf5f320d6f6530e5d1260332185cc0b91ab3b3ca3b18ec4cf390ee051f2c,f0f0e6474f4e47f0,train,train,1,1
009497,500,375,RGB,1.3333333333333333,553520a519e692ebbc34c802e04fbd97268849de7b8be6b26f9c5f54d040ab04,c00c9cd3dbc3c350,train,train,4,4
009499,339,500,RGB,0.678,112bd345d37f9917a1b2d29ecab788f26a5470774be997f824a2ac12f1a5d221,1f3f2b2b879e36af,train,train,1,1
009500,500,374,RGB,1.3368983957219251,f7bc25a2ef9a7c95166693171f975de9b992de4e3b51dc486ff1ce9f370a703f,004060e0903246c5,val,train,4,3
009502,500,500,RGB,1.0,e2046ff4679d468d140ec55ad8e2ee2ede0be37db1906da7103845f17d1bd255,f6eee6e472009279,val,train,1,1
009504,480,500,RGB,0.96,1f3cf5b2b0c350b5d9d3615e4dd70abe57c9d3ea0599644db1e920303127bd30,d89f8fcf9e973666,train,train,2,2
009507,500,333,RGB,1.5015015015015014,349858fd91f38c7640bf184eb9f280abbfe0534ee73a5e95cdc040c093bd3f0b,c000fff6001ff8c4,val,train,4,2
009508,374,500,RGB,0.748,dd70f5f0e0bb334c0d38de33831f98e8a76e0060e61b2da0c17466df1cd14e72,f0f2f2f3730fec98,train,train,1,1
009512,375,500,RGB,0.75,9628465a2aa80c82b0d58c5782a10ebfc31d4cf16481c69f4267bf27a96bbe2f,c0f9686c67b17049,train,train,8,3
009515,360,270,RGB,1.3333333333333333,c7fc207c2a69d680673f5202dfc642c47f7f9593e187251ece55dfe3d8b9bda3,f593a0d494a624d2,train,train,7,4
009516,375,500,RGB,0.75,69f1d2a9a189310207c337afead5cf36b016e6349178d9a354c66a6f2f362e92,ce70902e3f1c00c7,train,train,1,1
009517,333,500,RGB,0.666,7cb2b51b99d37f01ce9000952f9055f37af089e7931ba0dad57498c1f9683ba0,04092697b3333313,val,train,3,3
009518,500,369,RGB,1.3550135501355014,821c191a83096de5926528131bb99cede0ea547b96067f3e60c55b6bdc1f27c0,66e49396a7a6b023,train,train,2,2
009519,375,500,RGB,0.75,d031711de8347f0d39ffc52ab16ba6863914937fe2727cf76e9d62a5142ed59b,260ecc8d8c989848,val,train,4,4
009520,500,359,RGB,1.392757660167131,4ff91896eb59a9fc6eaf112eab42ef1decf21385b2fd8a3c09081d41c9c581cd,edfcd69fa6a78909,train,train,7,4
009523,500,375,RGB,1.3333333333333333,cda9ffdf455dedf1c371764d6746099c43d62aac3d11b2f549b4e3a301629680,0004240193832304,train,train,1,1
009524,500,348,RGB,1.4367816091954022,637e56e749de5d3a48742012ff3b3f89135e5b765f33b6db2cabd420221868ec,ecda5232965fb88b,train,train,1,1
009526,375,500,RGB,0.75,2be516f44ae6bbfb936eeae6ed48764440878d98c772d24341e5db4356c6eda6,ccecacecececfbf3,train,train,6,3
009527,500,375,RGB,1.3333333333333333,2f15fca4914cc4a2ccac666fe728bb224433362b87e046547f581caadfcaff53,983044d1eb2cd97f,val,val,3,3
009528,500,375,RGB,1.3333333333333333,13d911c001f26ac5fe525ba9630060bd80a49fd9f3997c21e1fa68a29b53cb83,3038286064786970,train,train,1,1
009531,500,375,RGB,1.3333333333333333,94b680f56dd93042d7c53f94a8daece972f6b6552a854a5adb09b29a9c872ee4,0000000010c30020,val,val,1,1
009532,500,333,RGB,1.5015015015015014,83b3b5d363bd35fcf9b9aace95e11270081eeec8a5781f9cf562f9eefa82cb48,d9d8d2294d5e138f,val,train,6,6
009533,500,375,RGB,1.3333333333333333,110a4ee245f1af215ef6e73d3cf1a12738f766e8fb144c93cdfc91b2f570588a,7ce6b0340de47dfc,val,train,2,1
009537,500,281,RGB,1.7793594306049823,c5c6025d6a94b4a11b363d57f10e995f9a6f005e5075b70096e9605cf2d005b3,20001226564725c0,train,train,2,2
009540,500,333,RGB,1.5015015015015014,39c4322cafcdcb29602d209a2c280ed9edc880b02adbd280903d9fc4cf695e5d,c090603e363636d8,val,train,2,2
009541,375,500,RGB,0.75,5d8b61e570b48f1109ecaafec4bb21a53d1f7527017f6fdb03c0291f21d45d61,c1ed676666662613,train,train,4,4
009542,500,332,RGB,1.5060240963855422,bc2cc3cd429f666ef4a77a0f4f9390ea068b095c5d51c4ba00db731f11804d18,4be6e1f8f07c7c72,train,train,3,2
009543,500,375,RGB,1.3333333333333333,73e53e6ebaa95e6eb2360f7f5fe14dc302785942983908cb116ed98e50d33fdf,93c24a1b495b27ec,val,train,6,4
009545,500,333,RGB,1.5015015015015014,bd241498af194d1096abe71255c435c531864ce3bfa3be6ae614b3affae370eb,c0342566e526d6d2,train,train,1,1
009546,375,500,RGB,0.75,7fadd14a89e94ec6750034e747952fbcbc4f1ac87545009772fe34cce654cda5,1da7667a1118c283,val,val,3,3
009549,500,375,RGB,1.3333333333333333,5738bbdfe0c5e887b4c442d943a688bf9a63fe71f97eb87ed1761f30a79c9888,b3cb4b7a363e7767,train,train,1,1
009550,375,500,RGB,0.75,6f8f055223adafdb1a6bd3d43489b40a837dd33b8ffb0c70c5feccf1f574a528,5c1ca0e3e8d2c081,val,train,10,6
009551,500,375,RGB,1.3333333333333333,58bf13a801bee639266607c655cf20dbee41902e5bc4378c34e4426c231018c7,071d959591949113,train,train,1,1
009557,333,500,RGB,0.666,a1613b3654e9060e1416859b8388f7858638c2e87d49d9ed2fc46b2998ed7073,f23206b70b4d12f8,train,val,2,2
009558,500,333,RGB,1.5015015015015014,49fa830e1048c752ecb7e066be3b42d552ebbd08e613c45a93d09d1506e3e974,92226a8e9686eae1,val,train,10,7
009560,500,336,RGB,1.4880952380952381,04ccd75c7fc77816f6fe2b6513d91bf040cb62bc7b1d28aff42c87d8c758d8d7,399949190b8594c2,val,train,1,1
009562,357,500,RGB,0.714,837ac0d34f21052f3d0e964758f87b224a620a010bc031fb6360952db15177d6,8c3863c281c1c34e,train,val,1,1
009565,500,375,RGB,1.3333333333333333,28f758af12c9b10c6f4e6275246af3d7f3e80356f99a9093cfb130645494b8ff,c1c88992aca2f373,val,train,2,2
009566,500,375,RGB,1.3333333333333333,64252bf057d56f328046e2c679acec2bbff35c36c30163374c08ae70354f8b30,7c5cd49df5d43672,train,train,1,1
009567,500,375,RGB,1.3333333333333333,adbee4947cf12fd0a49812ba12e7debe434bf7087d3ffe6b19d56836a830d655,9038369e927276d6,val,train,2,2
009568,500,333,RGB,1.5015015015015014,ffccbe466f92a8c91a5cbd544bb7bddb94f69c5f0a50c018055fad876219debb,ac86e692c0c1168a,val,train,2,2
009571,500,333,RGB,1.5015015015015014,322fb9997ba9a86a1629a0ca95f5f1cf44ba3ab27a11d928247947ac11bd1545,fefcf8e4f0f960a8,val,val,1,1
009573,500,337,RGB,1.4836795252225519,57df93d5b6b41a4c68087dfda8b9ab5318606482d0f725198574fdd5bad4fe3f,eb9c8696cd070349,train,train,2,2
009576,500,375,RGB,1.3333333333333333,7c406928e8663377c737cbd8c85f88bd0cd19f9e774398de8864a74652074d73,c0e1e152d2e8f0f0,train,train,1,1
009577,500,375,RGB,1.3333333333333333,99961d1e489e41dbdfb060ed39811f3a898c5fa9de035eee08f1b648d058f42c,76669cf8e8f4e64f,train,train,5,4
009579,375,500,RGB,0.75,0ce13d09445891e3b3e5598d875d7ac2d6ee6f9b6736421381a0e92203cab8df,c8dcfc6cdedef0f0,train,train,1,1
009580,500,333,RGB,1.5015015015015014,66fec7a61274c35d27a4002959cd12acf7f0eea80bf4bb986d0280459eb297d0,c0b4b327272df282,val,train,1,1
009584,500,375,RGB,1.3333333333333333,b9a84c11eb84013f8f420efca4733786dea9f64352829a418b7dbab451be1ec6,191b0b1313031918,train,train,3,3
009585,500,375,RGB,1.3333333333333333,992ffd108c7a92d21b69a743f29ba6c32eb7f55c573a69980fe2b0a87d138ad6,f8a9b89293919392,train,train,9,5
009586,375,500,RGB,0.75,9ac1f11eef8803c8271ac5d86d2117b081d68fd7fce69440ced40f55af0d7bc1,0c062e1d1f4008f2,val,train,1,1
009587,500,375,RGB,1.3333333333333333,1a973ed75fdcba2f1307914870a552305b94688898717157f829a6141beade94,58b45ce9fd353426,train,val,1,1
009588,500,335,RGB,1.492537313432836,0be5d2496feb18c90f2f191c0a771ec66a9b1b75528fb82e4fd8bbdf63d49289,c8cca22014d6a0e4,val,train,1,1
009591,500,349,RGB,1.4326647564469914,7511cf358a3e19d8df55428a5dd4821fa1739326efac2ce49b5687478485e5b4,eccc627363d3138d,val,train,4,4
009596,500,331,RGB,1.5105740181268883,6a33e4a2c59c8655eb83f2ce53c88f76e6ab81f5fb9fae84f6a2ed2fb9d9b64f,b1f177696bfe8fc3,train,train,19,11
009597,500,375,RGB,1.3333333333333333,fdf94e8c5cbf9311e62fc623cb3024d26ffb44ab1fb792d4326ca2984284a8ae,01c40129e8819ec7,val,train,1,1
009598,500,375,RGB,1.3333333333333333,05a2d43e80161f267d42b2196cccd312cf943564871fd37e5d24686848b53744,12055360569b190c,val,train,2,2
009600,500,375,RGB,1.3333333333333333,b3ef43061dfa4541823193a5969c94da1d1a08bbb784c9f06ff588375284e066,c8a1d4cc8e860c30,train,val,2,2
009603,500,375,RGB,1.3333333333333333,ab076836809561171e65b6bd402c4db148d672f4adae4b2faf8dc3f6084260c4,c0210c34313b3961,val,val,2,2
009605,500,375,RGB,1.3333333333333333,f7854ecd66a00c688ffd2d353a8ec99abcb070fe107d4eb1c581443fed1cd449,ce8b0b1bf2f6e0e0,train,train,1,1
009609,500,335,RGB,1.492537313432836,a6e0428b33b2cb5f916e3a20d3b5a57eac6ee974060dd58b45e3d890a667478e,64e48a0b707cfcfc,train,train,2,1
009611,500,375,RGB,1.3333333333333333,76bb5b0cfad157e457e75ff300fa8d4ec008dd59f9fc5838c25e06b82acfd2a9,e1c39b9393f1c4d7,val,train,2,2
009613,375,500,RGB,0.75,855c69b9ab30368c1aa1da4bcde6bf2a4c981defa4d1b436d21df8aa4b6b051d,b8e09385474f27cb,train,train,13,6
009614,500,375,RGB,1.3333333333333333,1080a9602827486f5d4ed9b2c20564c20880c07115adad2fff22130f08b7f49a,f0e5cbe936664ae6,train,train,6,6
009615,500,333,RGB,1.5015015015015014,f4b903c1412a734e2d186edccd1ac2d33b933b277ac843d2672db562e65762f0,f810c4470f8df8fe,train,train,1,1
009617,500,375,RGB,1.3333333333333333,a751ab955206f229321dc9cdc149e958305bbdc512a629714038fe1d67bf8472,d070b034e49ab0f4,val,train,24,17
009618,500,375,RGB,1.3333333333333333,b4b1959e8cf5e8a8128087c6eac246b3468770f61a0c9843b4e228515dbe0b0a,ba52d59383270cf0,train,val,3,3
009619,500,375,RGB,1.3333333333333333,e909569ea19ad19f795864755837ada9bd994401281c52b3646a45b1024790eb,0f0f060c2d191323,val,train,1,1
009620,500,375,RGB,1.3333333333333333,936b94c9454be238a07fda693822adb26cf3764845384d2f084a22e2bc1bd648,e178682328911210,val,val,2,2
009621,412,500,RGB,0.824,8fc583a0e25efb058f89f23b4f313461157449b5beb4f67f2b989f335d374adf,2373c1190f873339,train,train,1,1
009623,500,333,RGB,1.5015015015015014,c67b798b833b55a68301c7372c378a5f86b4dfc14df3d83c42bf7704de097233,dbdf179e97fd6d91,train,train,1,1
009627,500,359,RGB,1.392757660167131,9c1d60666ec5ce9c86a90eee0a8848fe641359ea9be9b90a89f66d722ba8bbd7,63440d0d4e5898c1,val,train,1,1
009629,500,334,RGB,1.4970059880239521,1be3ffd4f5a2e6aafa3bf6e429b2f86efc4d99388ce47c8a35fe377d9bad6e5b,0c860600a4acec2d,train,train,1,1
009634,500,375,RGB,1.3333333333333333,e04a9a96d268c6592c50e8a0b83de7f776b6ac3ed8bd7e488f86a6313edf7182,9787c7e787c565d4,train,train,2,2
009636,375,500,RGB,0.75,c6ece254616e098de303a206320feee00d91aa62f6cb0cc1708b196e449f0a6a,f4acbbfc733305c1,val,train,1,1
009637,500,375,RGB,1.3333333333333333,d0988ec112fd390cdb9f71874a902cb791f4d0f81589a8c68a8000c34eb05706,76feddc0800ff8e1,train,train,1,1
009638,500,375,RGB,1.3333333333333333,9fd381ebc42205430c90cd635df033b02d608b116eeff292d8e827e22b0cd219,b3b23033e4d4d4c6,train,train,13,9
009641,375,500,RGB,0.75,dbe210c2e0c7dd18c9f7427920b3ccbe509bcd8d8593655db466ed9f9c5858d5,fdfbdfb73d4cadec,val,train,5,3
009644,500,332,RGB,1.5060240963855422,affdb6ff924ec27694c27f5d641a52d7aec5c50cd856f6166cbc43c928fa1b02,9e8f2f176c64c6f3,train,train,1,1
009647,500,375,RGB,1.3333333333333333,498fa8ee2693cb20773f690cc6ad7789550254c1224077bfb2e0c93e59f75dd6,ace78636674d7b0a,val,val,9,9
009649,500,375,RGB,1.3333333333333333,6a42d03eaa6e2bfab3d59bd43f41e7840d583afdb2c87f9e83e5b563d866e5f5,a83258f8797d4ccc,val,train,9,8
009650,365,500,RGB,0.73,3b39e48ea45b58169955a3efddbf52b9908ac9e826f5260f1fe1779726da6dc2,193f33354d654c90,train,val,1,1
009654,333,500,RGB,0.666,1d6a55d279a2db436fcd95e3e669bd55f21a97c76ec4c9877adf1936fabe57d3,5cf47064cc2c2283,train,train,2,1
009655,375,500,RGB,0.75,f74956ed4b0bd03536647644a4f9f96d92c1013d3a9e18beb98398bddacea6e2,9667653f168ec8c8,val,train,2,1
009656,500,375,RGB,1.3333333333333333,38587a317c45b1014e827a1f659b8f25a9050357a7549a2092a6057cc9a4719a,e4e46c68eca5db90,train,val,3,3
009658,333,500,RGB,0.666,37cb64f8a5b2fd21e6c74e5ac4617856188f38ba101012af9895fc576a41d4e0,13abe3e0783f03c0,val,train,1,1
009659,500,375,RGB,1.3333333333333333,9557de1e1a7fbb3d4851ef294a2ddcb27bd357feea569bf305dfd38d299e9e92,a6a622384861699b,train,train,2,2
009664,375,500,RGB,0.75,fb4c3b974b3b4c30179280f5bdca3edc60353ff8d1600da053a34353695b4443,cc18128b0b3e7cfc,train,train,1,1
009666,375,500,RGB,0.75,e677c325903541fa17242e8ac5aaa7e24825d2d018da6089e8eafcab995674e5,c168fad964663d9d,train,train,2,2
009667,500,375,RGB,1.3333333333333333,f4ff868dc5e3d26ec403bc8be0a415a914108e6eb9839f7b2679aba9775e313a,00f0f86d5821b068,val,train,1,1
009668,500,375,RGB,1.3333333333333333,7d76dd2ea79e6a9263b58e06b42cc15ea5cbe9dbc9271c827351f943d880fa4a,f8f8d96871e181e1,train,train,2,2
009670,500,262,RGB,1.9083969465648856,42b2e22db85d1198a982c612a7a6c24fd6148b2ff486d51107f07cdcbcc44a91,30b0b193939b9bf9,val,train,2,2
009671,500,375,RGB,1.3333333333333333,ebf413b473a7dec01f6fbb0641707c1a0a1403452589b4108583ef3dc3bac00d,f8ec8e9c6c23e1fc,train,train,6,5
009676,500,375,RGB,1.3333333333333333,36d9865c3b73db43e76cbe2a92161317f9c30b9f083ada808ed387f24b4a0d67,66624319192b1307,val,train,3,3
009678,500,371,RGB,1.3477088948787062,d605102219194eedf5fce388b0c523fa1adc4adb5fed93e5406b2f72890df724,9454e0f888f4b481,val,train,1,1
009679,320,240,RGB,1.3333333333333333,e0511967f05f5747c9e2c253998e7c8d5139426ebbb05208d558610d352bb50a,1e1d27eacacee69f,train,train,5,4
009681,500,375,RGB,1.3333333333333333,a3ca0db278b5acb4d3f63c244aea6bb66c0976dd0c505d7d2175045a47aa428b,00a6766c4a1b84c8,val,train,1,1
009684,500,375,RGB,1.3333333333333333,eee5d55c991de3c8cfe48a138f972db10f56738ef86f9e208e57245f6c28757c,39313373367736b0,train,train,2,1
009685,500,375,RGB,1.3333333333333333,ae4c81e0dd696f066b6de1c93d2a0ad456a78f8b87b0bfaed3fcc6d7e64a2398,491d9eccc9e2a90b,val,train,1,1
009686,500,375,RGB,1.3333333333333333,4f27be4e3fe281788acc36b6b659198dc69da8384d4d736cafcad47e79c87347,0030b4cca57a70c0,val,val,8,8
009687,500,375,RGB,1.3333333333333333,60a7169f62c4181ad20433c8bff003f63b442cc7396c8c7f502d5821ba94f789,9069e5a52da6cccc,val,train,4,4
009691,500,333,RGB,1.5015015015015014,8850e39512c20f1680a9243302b827a409c1f6314cf9d7c5728c62486dfef02d,915998989d97968e,train,val,2,2
009692,500,375,RGB,1.3333333333333333,6956aa2edc5d2f36f182204c3c111d7bfc50f45980c8d4a0e4f693bab60a1c00,d59019819c040002,val,train,2,2
009693,500,375,RGB,1.3333333333333333,6155bc8e2ea218907e995f3a0f4fd60591534ce9e3ff077332abd50647f07ff3,3e2da61c09dce424,train,train,3,2
009695,500,274,RGB,1.8248175182481752,a270191091872e3bc97b2af20114e769789226bb6232fc24ce29dc33c0e8dddb,00012e21a1213533,val,train,1,1
009698,500,375,RGB,1.3333333333333333,b01fea28464ecdb70d3ea0062e8c07550e1d5bc0de3f0c02f9da906ac101a59b,219393657a723617,val,val,4,4
009699,500,375,RGB,1.3333333333333333,b17103c0646d0d01823d0f4613ccc9b6a59d68e4caea20c639941333d1052cef,66a1cdfcf8b8c0e0,val,train,4,4
009700,500,375,RGB,1.3333333333333333,bee63e684b4399f166c9d9978e4a22906fa396b408687bfbf38df62d9a7e5119,f8d2d38797d7c9d8,val,val,1,1
009702,500,333,RGB,1.5015015015015014,79c66349b3646e132347891224fa69697bb77e8b8a618cfe01bf566149045006,b44b4b2c6c63488b,train,train,6,6
009703,500,375,RGB,1.3333333333333333,78bb6d6c3325eb7abd415a494aa99400a39b5693069f511c302ab9233453d1c9,ca4b19cdc9c9c19f,train,train,9,9
009706,500,375,RGB,1.3333333333333333,624d02aba033a1802da11110c267bd13a2c184e667413dcc471208eed5748cf7,6b6b6b0b1333bc49,val,train,1,1
009707,500,281,RGB,1.7793594306049823,aada06d9ca676f94a2c3e8ecf72f25c27d7c08bb8a2ae54cc4f1bf6ede3a8ba8,7941e951199998d8,train,train,1,1
009709,375,500,RGB,0.75,0e0109604ac74985f92f77c07b2df245d2008aad399317d9e053e87ae3535a13,6c6c8493b2725666,train,train,3,3
009710,500,375,RGB,1.3333333333333333,8fbdb37d2ff80ad054f7004c27a73f005fda5a6fb8a91ffa8e03ded012aea587,9e9a6eec28e49491,val,train,1,1
009711,500,374,RGB,1.3368983957219251,316f589d3f38868cf3b394a853875bf9d7aa26d2e73a0075fd91e71d18800f7e,706e8e8b13480ee1,val,train,6,4
009712,500,375,RGB,1.3333333333333333,0b0a4315071cc15a48716eb3b33bccbbd62115a6318d1d24216eff70f0213246,fcfcfcfcc8ccceca,val,val,2,2
009713,500,375,RGB,1.3333333333333333,f0e32e0362e021785f0a579dd8798eefe45bdffa974303d0d075fa20717b0424,dad2f0fce4ec6cd8,train,val,4,3
009717,500,333,RGB,1.5015015015015014,89cf2c3aa0ec4d432cdadc0b67480c856cd43eaf6e6f8043f83da3d8047b8fc2,200395934d0c63d3,train,val,13,11
009718,500,375,RGB,1.3333333333333333,ddcc11a574486a53a6abdbe84987cf9df1c74292f4f3d2cac2fcb2ce6a265412,5a414040b0a19cb0,train,train,20,3
009719,500,413,RGB,1.2106537530266344,c2643118fd9ccc26c026e86b94f41279421dedb4e9bd13aa00fe7fe901451931,c0e030f93130b0b8,val,train,2,2
009721,375,500,RGB,0.75,1337a899a8ae51538b463a6bb206440f5eac6886b7d945ab40fa2ece9838c522,b7ccdcd9c8cc3c7b,train,train,3,3
009724,500,375,RGB,1.3333333333333333,7c4bddc72af87ad094d4987c104bba5f85b0d183e0550ac4be22ff1697203ee7,1b3353d6f6f37bfc,val,train,1,1
009726,500,375,RGB,1.3333333333333333,afa8e7b97c46a23704cd13697042b270c19c1dd06a432d23f10d67b35c08ba56,d492cc45e570f034,val,train,8,5
009729,500,333,RGB,1.5015015015015014,fe48a607f65142baa9dd59801b67b9a1d56c36aee8f5ce49c6d1ae39d661e2be,f6b89ccec60703e0,train,train,1,1
009732,480,447,RGB,1.0738255033557047,86c38d805f7ea005355085b863e274b9c8104d16df4e43ffeb5686efc5c30925,de774dc9733b39b4,val,train,2,2
009733,500,333,RGB,1.5015015015015014,b36bf9fb93de7312360a76eaf5313303fbc4c07ca4123e6b5747316bf001233d,36630b8f1b1b2403,train,train,1,1
009734,500,375,RGB,1.3333333333333333,164d56f54623ad9719049aeb421cab18f51813cfc90cb564f0c7c992eb0e1b80,fdeeb69675ddfdfd,train,val,4,2
009735,333,500,RGB,0.666,5535e2ca3dbce39d4caf1f73fb342922d6cd36f4d2c7cc05ca90f5ec0bf5e63f,0098b8eae3eea6d5,train,train,1,1
009737,500,332,RGB,1.5060240963855422,f89430e0bbd43b955e08786fe6535bc1b73b062d2f37ac520364e9e51b8f437d,c6c69b9cdcfc7f21,val,val,2,1
009738,375,500,RGB,0.75,68fd7cc3cef3dc8d97ba7578c016435a4d68270005c11dd78823867ace9a657a,b638746417f6d303,val,val,1,1
009743,500,379,RGB,1.3192612137203166,0e31238613b8846bdda54ab19593f61bd81b3dd546739a0e6dc1e225743ab05c,86070f1f1f3c7e3c,val,train,1,1
009745,500,375,RGB,1.3333333333333333,7f5eb4cefcfd05537e309488b4e602b5346fa006deb9f119f2f5a54bf009440e,f0f0fc8ab3369efc,val,train,2,2
009746,500,375,RGB,1.3333333333333333,067c55853d73dbcb467a7072900b8c1c92ea878a3a89e5ec929f6bc1a520e46b,9687861e25251fbb,val,train,3,2
009747,332,500,RGB,0.664,9d9ca97e891f8e04c3823c7342b180aaf42e0860c40f88023c89c421d61c1f17,0d92edefcccecfe7,val,train,3,2
009748,500,374,RGB,1.3368983957219251,4baf5d1eefe5abf659624b99a3702d7e652674cd49cdfb352231b2ad9dc1f06f,7e99dde0c2d8dc6c,val,train,1,1
009749,369,500,RGB,0.738,1e6c4242f253a17b5117afa999d13578650da122546a3a5d59ee1b76b5ec705c,197159d9ccd6e44d,train,train,2,1
009754,500,375,RGB,1.3333333333333333,305cb87eacde0a2fcf1a31ec55019d26a861dd6f1ae34ac627b6fcd5dd075729,e3b09a93838ac498,val,val,1,1
009755,500,334,RGB,1.4970059880239521,81a05f76060ea9e4c86844027b5fa063e5397ff996b618be27628e71a3c94697,f0f0e0c4c4c89890,train,train,2,2
009756,500,375,RGB,1.3333333333333333,418102f3d2a2f1d3376e14dc57206e51863f231619227bbaf229b22262d80c6c,1b26c6c7878f1efd,train,train,2,2
009758,500,332,RGB,1.5060240963855422,ff7623550b55f07ad15e6489593d16313f08f834ce7391e5c28e8fd05ab225f7,696c69ad65f1f1c0,val,train,20,5
009761,375,500,RGB,0.75,160a3561f0f7be7109b4586df94234c0476d789cec4f9d575f32e37790812eb9,581808ad29502113,val,val,1,1
009762,500,375,RGB,1.3333333333333333,f4c34895dd23cfe7ed90bdbf38ec7a6deab875a3848c0ec268e1f7615b6e8b94,cacada5a7adaf6f6,train,train,10,2
009763,500,375,RGB,1.3333333333333333,3e3e0250e672ef06e603e0204b867b0cb1fec2cc7452e7ed01b0a6c4f314dbd9,7176d49cac8c886c,train,train,3,2
009764,500,375,RGB,1.3333333333333333,fafed2c2fe4f6197a3d7974589a28174b0f56a4a166d433caf87604b0e61e1ba,efb0acacacaea673,val,train,2,2
009767,375,500,RGB,0.75,fdf3fba83f2e79772cfe2ccc724c18d64f66a7642ad86bb8c3904b3c81956a63,7f71f5ce9d9fdf1f,val,train,2,2
009772,375,500,RGB,0.75,90f33fbf07c2834c0805f0d01bcf3e054c1a83a77fb7f2bddc87073eb203c009,8581d5b538f2f65c,val,val,1,1
009773,500,375,RGB,1.3333333333333333,88d5bd6b461bd9f3f3bc8c65ce8f7179fd6836d288f9569ec4b7953f5b82c403,48e8c0f1387b5be1,val,train,4,3
009774,500,400,RGB,1.25,0134ee6d3875f10f47821d416d9e2d1bfeadf1ed67491b89be426090920c8bb8,1f1c9e1f8f0f333b,train,train,3,3
009776,500,375,RGB,1.3333333333333333,2792d6fc32bed01f13833441e2b8f85193cc42cfaaaaf0fee420da124f7d8b56,fdc9b2b2db17266f,train,val,3,3
009778,500,375,RGB,1.3333333333333333,8a2da0a3c19d57f032269dace88ae5d3feb68921bcd051663384f8223e24b244,e0806474e4e0f8e0,val,train,1,1
009780,500,334,RGB,1.4970059880239521,4d18194861873e9389b352ec8064fcea1479ba7960f27352d764c2368f6e9658,f0b0ba9682bb73f3,val,val,3,2
009781,500,375,RGB,1.3333333333333333,0cf30be739badd5a61fa44ce21449893a2d0d8fb9c830c354bcaf3497603c74f,29e6c6c3833337c0,val,train,2,2
009785,500,333,RGB,1.5015015015015014,215481cd53cda582c630fb559718c8a957b2dc247bc0c6197a43efa8a5a15137,616095972f363f07,val,val,1,1
009789,500,351,RGB,1.4245014245014245,9b5912cff72b5680c4eb775f74652a7716152a6173652ca90638e5ed6208b58e,ba73537275641626,train,train,2,2
009790,500,284,RGB,1.7605633802816902,82e3144f33dd9a281df657ea58f47274b83c1aef27b4a1569e4ab95912de5bbf,44707c7e6e397bf2,train,train,1,1
009792,500,375,RGB,1.3333333333333333,336ede22e002658cc74466a35edfc53ad2ffb44ede4d6503cee91e79b941c6d8,e1d1d6c4ccb66263,train,val,6,6
009794,372,500,RGB,0.744,c6fd372d415d76d53f377eb5459a262e95566857d5e1321845bd5bd1bd926681,e9cb63e190300a8b,val,val,1,1
009796,500,375,RGB,1.3333333333333333,b5fd2521242a6405f1ed2c328feffbf2c03f1ce17c14e875d76b5d04caf01329,7c7c185aca4a32b0,val,train,4,4
009797,500,333,RGB,1.5015015015015014,0a45a019bdb26a6191680e16a0f5f6632512e1d137c868e5e8091442cb4a39d2,e29892928f8d8c99,train,train,2,2
009800,500,460,RGB,1.0869565217391304,a2bf4aada486fb3be376d15423d600c4ca8cbf8988e981436841acfa8def6829,b274626454b8a4e6,train,train,11,4
009801,500,375,RGB,1.3333333333333333,dfaa29ddee18ca002fb6a1dbbe64e5dc5b9fb4b7564bc0c3e118e49a56e3640d,cda6269294c8e000,val,train,4,3
009805,500,375,RGB,1.3333333333333333,fe77ec7fb0e153486fdc12acf30ae1bae09519d77c6d7815cf1b7e586f95c9af,32b6f15d4b92c4e0,train,train,1,1
009807,500,333,RGB,1.5015015015015014,06260419bcdc7bec4f4906bffba65f6fac774a8d010938b89ed426c6de993649,870e2d8cc6464765,train,train,1,1
009808,350,500,RGB,0.7,2d16b7b9c4bd081adb0f16896688c9ad22fe0bb067c85399685334811e774ca7,4591898d25fac6d4,train,train,1,1
009809,500,334,RGB,1.4970059880239521,2688a36a59455dbf6fc4d47ed85a098c38c969bbdc3eb2824b868dab6eede930,2c6ce464e2e3612c,val,train,1,1
009810,500,333,RGB,1.5015015015015014,a7287ff9c2ef336c0a96393acd191b87c7a9c66618dead8cbf6e83200b76e3c6,904d9293939ee080,train,train,1,1
009813,500,375,RGB,1.3333333333333333,baa7b18befa91383ac06d64d0ba8ec4baf6ae3d5181bc2305ba2b2b58e05e9f2,644c54ccc8c2e0c9,train,val,2,1
009816,500,375,RGB,1.3333333333333333,e11ee10fae3830c15c8e85d8e85ac17f6b10f1a8f2e0015eabb6fdddb7f85481,fcec70e28c29fb79,val,train,9,7
009819,500,375,RGB,1.3333333333333333,35317481748ccabc2246aa83c4eacb5df6461092511db39c46ccd084e4dfcd47,961209695933676a,val,train,3,2
009822,500,375,RGB,1.3333333333333333,d65f2906a071b4db17da3bafc21dfcf48b65f9cfa6201d3d7a9415a4c52fce77,91923292746e1c86,val,train,34,22
009823,500,375,RGB,1.3333333333333333,aad31222a6932dd8a12239aafa51d9749996e375dd686ef0ba8dfe6418e05123,6c7e70e87b9c8cc5,val,train,1,1
009825,333,500,RGB,0.666,a25b2699fe0bf4c3e848aef3f91818a83cd568baf952c284e5758aa1a764ad58,f0e2e367771a7970,train,val,1,1
009828,333,500,RGB,0.666,f5ec9aa63df787911d4641f05ea0ad083eadc4e36167d7b917d3c6b7bcff7b28,0cac7732869e0e66,train,train,10,5
009830,500,375,RGB,1.3333333333333333,82964d320a63b1a378443d7eead2a2231e93b1f48cedaa8fffafc84d3a40d486,3979694c6c742c1c,train,train,1,1
009831,500,343,RGB,1.4577259475218658,c7a47b3f4954dd51196c6e0bc43d2b0046c7f49f355c0059223305e0d70265ed,98884949cc90d831,val,train,2,2
009832,500,375,RGB,1.3333333333333333,b5ce8104a9f79925f4dd006697a6df255cb16169e8bc3e47ac56d600f4170c2f,040a220ffea7a7b2,train,train,1,1
009833,500,375,RGB,1.3333333333333333,eaae6fe2a5d2e90898ec470aed354bf184da70777092717369abdf0ffdf16465,3924b36371db9a1a,val,train,9,6
009834,500,333,RGB,1.5015015015015014,56929ad2f0b8dfac5b271bf404aca1959113475237a1e0b153c6b9334fa0f3ae,bd62a1c8f87898c7,train,train,1,1
009836,500,333,RGB,1.5015015015015014,85b7e1e7fae0ee8c2440b3d089d3a65310ec99aba55765fb32d851babda62128,e8e640dcbcccc8d2,val,train,1,1
009839,500,341,RGB,1.466275659824047,dd6d6494612e10fc42cc8f29af86f1d3dc379d71b14d0e76ac5560d33b9363d9,e0d4d4c0c0d4d6cc,train,val,2,1
009841,500,321,RGB,1.557632398753894,18dad916037c667af80d40a8f5a6f2bca11d77e35fa06d11f84b83665c72b8fb,f0cce8ee6c34c0c8,val,val,2,2
009842,500,375,RGB,1.3333333333333333,c458a2d3d5a016eba03c4809b61bbaea4c109c6ffb9a20c5709e3a3dd9dc618b,393d78f8f1d0cce4,train,train,2,1
009845,500,375,RGB,1.3333333333333333,92c2fb2f4156057cbc3471f3823f35a26f7f970dc85b7b426a73a86ab856ce52,8d4d2d2b66463478,train,train,5,5
009848,480,360,RGB,1.3333333333333333,5cd4e457b9c3f59295e1f7ad0b6a3e85638dea75796ae2edce8cb587fa80738e,32e0c09496a29602,train,train,3,3
009851,500,375,RGB,1.3333333333333333,bf1fbbcd79af21943809eb96269a0f9ceba400b8f08732366bffb798b083f0f0,f0e0ce82189883fc,train,train,5,4
009852,500,375,RGB,1.3333333333333333,76ff2892fa4c7283b82a5bdbd9524cc0ebbfe9bbdd85e6f0853dc39d882bdf31,8281d210981232a9,train,train,1,1
009855,500,325,RGB,1.5384615384615385,8e2477bd087eaf8410ea8501bb6f1e0da1cb7e5fc3c5ee7af57eac12d37cf8d1,c8cf8f9c9c933c30,train,train,1,1
009858,500,375,RGB,1.3333333333333333,c027fbc39df39e0eba8d9f6134d2da9ad9156e58f34d1338504ceed7b5003ad2,8dd8dce899f1086f,val,train,1,1
009859,500,333,RGB,1.5015015015015014,02f4fc80d970302e0e8951cf19b6bc871a872d64198da6315fe013afa6a63ccd,d9999999e9f1f1e1,train,train,1,1
009860,500,396,RGB,1.2626262626262625,7154b74a22fff60712be6c1d3f253a37cc6d5646b8fe8ac00f4495782ef0b5df,183c17132d63961d,train,train,1,1
009862,375,500,RGB,0.75,5f43d41e125c2206ec1f383db5bc1127c309d319c91c444f789af253f44203cc,3dce743769331438,val,train,1,1
009863,500,375,RGB,1.3333333333333333,db45e03f1c4ef467fccd54e1ace40bec6316818905912236f34250104872761d,31879939ece81d3c,val,train,2,2
009865,500,334,RGB,1.4970059880239521,8b14c8bdfdec886c80c247e5973b28ffe07807b99416be393cf9a1e91b569e62,e0c5e5939b8b91d8,val,val,4,3
009867,500,375,RGB,1.3333333333333333,66717c37e397880352babd267f99f89432f46c72968f4443cd7920620f93214c,bc80b3849492b3b3,train,val,3,2
009868,333,500,RGB,0.666,50687915ef2e5f53ea57a5a8f187d3139737282d3b27046281277aa1e4205f78,c8c8c848484b4915,train,train,1,1
009869,500,375,RGB,1.3333333333333333,491adc1a9a16b134f0745138c236a7caae5dcfdddc0c34b7b91cd978496c45e2,e9667272c2e0e1cb,train,val,1,1
009870,500,340,RGB,1.4705882352941178,b697585477893e5c0587a3b356e0b2346e71af7d90bb24abcf0a41e7cf722be8,648e1e3c4c0c3c42,val,train,2,2
009872,500,375,RGB,1.3333333333333333,88785ecb358ad44823cc91a085b32d0c8cd01146b737d60899b4e07ec7549abf,d1e6e5c586a5a4eb,train,train,6,6
009874,318,480,RGB,0.6625,177e7c14a53ab9388adf508da3ecfcddcdac7c537311d4a29442ddf656fee566,d2deac8cce866363,train,train,2,2
009877,333,500,RGB,0.666,1a1b662c90c67dabefa1cf7f68904fd9b9d4ad45e86ab1c26f7c29d644e8017e,f8784c6cf49d6cf7,train,train,2,2
009878,500,375,RGB,1.3333333333333333,d18f24f50f8ff813335d47d3dcffd5070d4d741e7347e285ef8df4be4dd5bc4b,f0f0c2d152cd491e,train,train,7,7
009879,500,375,RGB,1.3333333333333333,090053846f2aa453669a4ebbf420a3dedeaf48df5e34790763dbce78274e6f0d,9b79eb9cb5eb7090,train,train,4,4
009880,375,500,RGB,0.75,8594c2e5a7758dfca6f5b5646ebdfe13f2712c955fa404720a452cc56bcce8ec,7c4c36323050f8f0,val,train,5,5
009881,500,339,RGB,1.4749262536873156,b673a0ebe8a62f9801bf5acdde313310e2185f6d4bcc921ae4e1d232b7e4685d,c8c8d1968e0d3461,val,val,3,3
009882,500,372,RGB,1.3440860215053763,20b4288033b00f81b5332ce21a4a2a9f319efeaefd2c94cac98586d482d712dc,b6ebc12424f69ece,train,train,8,8
009884,500,375,RGB,1.3333333333333333,e8964fe6a7ae1e56071bfe27d260f440b5e667d6fc61869a99d3213cd9defe35,bdf5f2cacd2d2f3d,train,train,1,1
009886,500,375,RGB,1.3333333333333333,c483caec7abaf62544d2ed872f3646cf04717d8445a40094977cede4ebb5e766,03159e1b3684ccc2,val,train,1,1
009887,500,374,RGB,1.3368983957219251,5a28bab79811502686d4129b8a2497a5a7d50010b93adca4387e834957866c5b,32323232323c2c34,train,train,2,2
009894,500,335,RGB,1.492537313432836,f4a8a317d7a663486592239ec87476b16ac502b47591bcbe62a5df5f2c3841a0,f0d0db3fb17bf9c0,val,train,1,1
009896,500,375,RGB,1.3333333333333333,84d8c2a15a079c5d7eb254bd1edf437b97949d3429eb8a3b3459fe333091baf0,3030301842646170,train,train,1,1
009897,500,375,RGB,1.3333333333333333,f221508e4634f7d2a66ccd362bf9ad2afaf5b81d2bbafcf91c4fad3b2f995622,e0f1e5878f0d3be6,val,train,2,2
009898,500,333,RGB,1.5015015015015014,9f01b15668e0c411fea7499d47bdb71d46bf6f77f9c360d8f15847ae8ac87ace,4b0f1f269d3f5f9f,val,train,1,1
009900,375,500,RGB,0.75,726c595ade6d6b08ca9478852f92cb08765a8c76478e5449e69676b80c6b1010,915367361b0d0603,val,train,5,4
009902,500,375,RGB,1.3333333333333333,683800f1d66b9628cbcdb22c9940f66ae50062295a68edf24f10294ca4b630e2,21e0b0a8f7cb62e6,val,train,6,6
009904,375,500,RGB,0.75,5d6eb2ab532052668b24d1fb4d7035945e7e8cdc4b222f7ff6e549c459214afc,9a1b4501193924f0,train,train,1,1
009905,500,361,RGB,1.3850415512465375,ad0a3c88ea5274d0756496694f0bfdcb3d6c4c8b10c578ca62dd8bb926473d56,c0c4e11997b6f8a4,val,train,2,1
009908,500,375,RGB,1.3333333333333333,c279bc7c2528c1352cde558476b319ec4485a6e4ef8b030ceef6736f7c4dd6da,e4e4c23bb6e66979,val,train,5,3
009911,500,400,RGB,1.25,3872cb3488fae18a4db5493b5eba0be15ca2eb544f7d41fee4df0281dcbfdb6c,000cd3263c32c800,train,train,1,1
009913,500,375,RGB,1.3333333333333333,4fc2251b10e9ae0764ab336b07aac4d81bceea69c2b6aab96fa7efe656ddf904,c2b23b663783f8e2,val,train,1,1
009917,500,375,RGB,1.3333333333333333,fa4c6e5d0d5de13bb56b28d525de8bebd1babeda90cda3cb972be9e277dd315d,1459fb7337361636,val,train,6,3
009918,500,333,RGB,1.5015015015015014,1c6383ab8de6ab06e32ade128f1a771e5a03cac6d464bee1fc74c07ce994c911,b8480d153636331b,train,train,4,4
009920,334,500,RGB,0.668,4ecb32c7edcc8090bd565b3c084ad950707867b990b7856e5fcdc53f230fe03d,2de676365d1907c8,train,train,2,1
009923,500,333,RGB,1.5015015015015014,29480de80e7e500e7a55ec90046256b652f509581831d2a12aeb8bdb01cf0648,f0e0f86e12b2b2b0,val,val,1,1
009926,500,375,RGB,1.3333333333333333,2c0275222fc32ff79acef6576c6e888a09cb06bcc469b69c3056fc8c679cc8f7,f72fe9d9dbb3f3f3,train,val,4,4
009932,375,500,RGB,0.75,9e75294ea1b177dba309127c29ac1748aa1764dea85caa24bb4261a78815e9ab,434859a9ab6e0737,val,train,1,1
009935,500,375,RGB,1.3333333333333333,dce13176259d6410332deb0e1792a31aabeb6cbf6bef13c266637bdf3fcaf27f,2868a8b5b3b9fd62,val,train,11,11
009938,500,375,RGB,1.3333333333333333,6cc438f8b38bbeddd9fdd4909d498345207b1cf1fdf39336db7fcef149df154c,187c684c8c1e4ae2,train,train,2,2
009939,500,375,RGB,1.3333333333333333,6582b2017880bbb16d47b573b4f78a6864cf1223c100948968ef6ad9c8e91506,f8f8786c5e684270,val,train,2,1
009940,500,375,RGB,1.3333333333333333,6e249aeedcdaa9280aa52e50f237523846fa6c1a148e9753adfbb4c268bd5746,9a1171706bed6521,train,train,2,2
009942,500,332,RGB,1.5060240963855422,12d10030e33afa83bf0d3c7ec1f4f5f3c35309ede9f0099f4379106993152018,8999b88e8f8d4c46,train,val,3,3
009944,500,331,RGB,1.5105740181268883,21f6247eee2a3737f5ee61088a70185a1a522b571a1e04063d302137cacd9bc7,76f6cd0f4c8c360c,train,train,2,2
009945,500,375,RGB,1.3333333333333333,f344b55216a3a08ca7aa781370eee1874fd41c0aa5bb4c1310c879f972678edf,0008843121820810,train,train,19,1
009946,500,375,RGB,1.3333333333333333,675b9d2b4511f6b096855289c85aa74bad21d47a83fe5e8477b68209e3dea504,1032a6f0d9e0c0c1,val,train,4,3
009947,332,500,RGB,0.664,83000749c9ff07fb740b5f3671e4092f396244dcf98e7b5bd83c01227dafb2bb,5db0b271f1468863,val,train,2,1
009949,500,375,RGB,1.3333333333333333,f4ab1f8fe3234ef0170ec53ced776bb99c307e641f9d22b7b303c8b14d600511,46c6645818b11153,train,train,5,5
009950,500,332,RGB,1.5060240963855422,43fe608c7826eb18de414ac16a634060cbfb4a1d27a06dab093b475d86e223d0,e6b41b5b191ad8f8,val,train,2,2
009954,500,332,RGB,1.5060240963855422,009ddf208f4eb1500df47b3ddcf073fe7cbce12009bdebd98c673839c0b5d43e,baacdc4a0ab133cc,val,train,2,2
009955,500,500,RGB,1.0,5be18374e5ba9cb298521a688cc42221cf045c89e91176c26fb57a6744464c0a,40308130e0f23281,val,train,2,2
009958,500,333,RGB,1.5015015015015014,bdc55915899d245820f070ee6351165765a4092b9b7581b66b66ffb8c4065981,e3256252242130b0,val,train,5,5
009959,500,375,RGB,1.3333333333333333,2525ff95a6860c192878a056168e67a464fd4f5be7dca118d4687defa9aa3b53,861a121a2c343811,train,train,1,1
009961,500,374,RGB,1.3368983957219251,e1301cf9f6af87fdbd0d5381ef8417f03bff8864b773b4e25e38931674ddee28,71f9f1f36460f1f3,train,train,1,1
